Store,Dept,Mean_Weekly_Demand,Std_Weekly_Demand,Max_Weekly_Demand,Safety_Stock_Units_Est,Reorder_Point_Est
1,1,22513.322937062938,9854.349032299468,57592.12,22994.65418222955,68021.30005635542
1,2,46102.09041958042,3440.6732222835767,65615.36,8028.647112168165,100232.827951329
1,3,13150.478041958042,8708.978852534268,51159.17,20321.987412662824,46622.94349657891
1,4,36964.154475524476,2930.698313474753,47893.23,6838.64494853092,80766.95389957988
1,5,24257.94111888112,11330.286495362407,85676.09,26438.683965068496,74954.56620283074
1,6,4801.7801398601405,3317.432691331577,28497.52,7741.0712021626405,17344.63148188292
1,7,24566.487412587412,18808.958464688912,166697.72,43889.80885554423,93022.78368071906
1,8,35718.25762237762,2490.7691879567255,42663.75,5812.091284476546,77248.60652923178
1,9,28062.05223776224,8422.254592935671,50675.72,19652.93000729638,75777.03448282086
1,10,31033.386363636364,3509.190494846424,43718.05,8188.528904758233,70255.30163203095
1,11,24919.270629370632,6135.18312309653,44553.45,14316.157647537299,64154.698906278565
1,12,10566.545314685314,1743.067882318456,15560.17,4067.3658948643224,25200.45652423495
1,13,38692.88048951049,2509.8480519953155,44863.15,5856.610905135323,83242.37188415631
1,14,15268.550909090907,5667.1358754168305,47983.72,13223.991684462248,43761.093502644064
1,16,24151.06132867133,15457.022600034059,59543.22,36068.22614154475,84370.34879888741
1,17,9196.557902097902,2025.0291960503025,19842.0,4725.309192872108,23118.424997067912
1,18,7765.304424778761,11435.692634746933,53845.12,26684.64417166222,42215.253021219745
1,19,1259.0185314685314,394.02726605797733,2600.99,919.4438609465726,3437.480923883635
1,20,4091.5715384615382,921.3118931033465,7272.2,2149.8374277639336,10332.98050468701
1,21,7808.450559440559,1067.2450177573348,13551.98,2490.365424504437,18107.266543385555
1,22,8052.076153846153,2567.297147859385,20555.07,5990.665634488438,22094.817942180744
1,23,21623.184685314685,5973.220675311968,62381.0,13938.22598862138,57184.59535925075
1,24,6187.38972027972,2988.1750683678847,17223.95,6972.764218911171,19347.54365947061
1,25,10152.336783216782,1975.402197301874,17880.04,4609.506954633773,24914.180521067337
1,26,6767.9972727272725,1905.108020641594,14479.39,4445.4788409522225,17981.473386406768
1,27,1374.6496503496503,687.9051992287405,5131.93,1605.1940229208135,4354.493323620114
1,28,593.113986013986,212.43688079693726,1151.63,495.71134465258757,1681.9393166805596
1,29,4651.04020979021,1582.8792007806667,14065.97,3693.573235014802,12995.653654595222
1,30,3415.295034965035,787.2616368368487,5735.0,1837.0375385186774,8667.627608448747
1,31,2408.533286713287,1599.208761764364,10581.34,3731.6774879225286,8548.744061349102
1,32,8202.668391608393,5041.978717179085,43995.62,11765.217227001416,28170.554010218202
1,33,5946.431188811189,2494.81681387646,14881.25,5821.536226803864,17714.398604426242
1,34,11530.831678321678,2451.83322204421,17933.0,5721.2360622315455,28782.899418874902
1,35,2535.7309090909093,589.2246263139397,4279.0,1374.9276053986973,6446.389423580516
1,36,1476.2035664335663,1139.133694623828,5850.0,2658.114228483762,5610.521361350895
1,37,2800.4951048951048,369.59582002328716,3816.82,862.4342451010082,6463.4244548912175
1,38,79978.22258741259,12540.94898771012,127811.89,29263.707236690505,189220.15241151568
1,40,58510.40916083916,4264.078123276134,68569.53,9950.023236376612,126970.84155805493
1,41,1064.7696503496504,720.9332673219948,4164.38,1682.2634469509765,3811.8027476502775
1,42,7940.326223776223,850.7052975750534,10220.35,1985.0802995319123,17865.73274708436
1,44,4872.724405594406,1159.5126729956405,9623.65,2705.667604024959,12451.11641521377
1,45,23.995070422535214,17.828062139162157,80.29,41.600933992255136,89.59107483732556
1,46,19662.98986013986,4418.225030993301,54830.17,10309.717704737574,49635.69742501729
1,47,-116.45454545454545,291.39495816678374,224.0,679.9562580469003,447.0471671378094
1,48,917.72792,890.885695152805,6445.0,2078.8393438053113,3914.2951838053114
1,49,11437.931258741259,2007.9715733681942,17190.6,4685.506042662955,27561.36856014547
1,51,32.71272727272727,35.684518025392265,185.8,83.26812344112392,148.69357798657848
1,52,2355.439370629371,678.9606435203748,4205.67,1584.3223281337293,6295.201069392471
1,54,90.92105263157895,99.55917104813932,616.0,232.31658442558734,414.1586896887452
1,55,12817.843356643358,6148.786845772161,48876.91,14347.901286563252,39983.587999849966
1,56,4000.4806293706292,4020.302474965057,16347.63,9381.184370147213,17382.145628888473
1,58,3372.4744755244756,1542.1833273480336,7790.0,3598.611352382072,10343.560303431022
1,59,857.7751048951048,1880.95821672257,18016.74,4389.12642357118,6104.67663336139
1,60,1020.9958041958041,238.65685481139744,2226.4,556.8944053655151,2598.8860137571232
1,67,7436.017342657343,3552.203603961903,21228.22,8288.89794650529,23160.932631819975
1,71,2732.4733566433565,1018.142750942668,7561.4,2375.787623244706,7840.734336531419
1,72,47390.644895104895,23056.474450945407,203670.47,53801.185133909,148582.47492411878
1,74,11652.827412587412,2119.986324900325,20182.75,4946.887130987232,28252.54195616206
1,77,677.0,660.0022727233596,1431.0,1540.0838727160285,2894.0838727160285
1,78,11.5,1.0,12.0,2.3334523779156067,25.333452377915606
1,79,33974.792937062935,5728.899399484748,48373.55,13368.113926566979,81317.69980069285
1,80,17139.314615384617,2414.333401405141,22615.85,5633.732016589902,39912.361247359135
1,81,29780.696573426576,1849.372056538973,36081.52,4315.421622981543,63876.814769834695
1,82,20727.86090909091,5896.743538089706,63787.12,13759.770230913913,55215.49204909573
1,83,5704.0489510489515,1172.912137590897,9660.09,2736.934616547556,14145.03251864546
1,85,3685.8755244755243,1123.845618127981,9020.76,2622.4402300307725,9994.191278981822
1,87,46006.2772027972,9269.715751096617,68503.09,21630.44026199816,113642.99466759256
1,90,82427.54783216784,8355.642883716539,116538.94,19497.494756021973,184352.59042035765
1,91,64238.94342657343,6063.2766620920875,76603.53,14148.367345118986,142626.25419826584
1,92,135458.96951048952,16599.48470749365,194839.6,38734.10706287481,309652.0460838539
1,93,71699.18237762238,9300.200075905004,97979.96,21701.573982211437,165099.9387374562
1,94,63180.568181818184,6605.065019858839,86052.03,15412.604676876803,141773.74104051318
1,95,120772.06216783218,10234.444723918881,148798.05,23881.58937767435,265425.7137133387
1,96,33251.831639344266,6028.142269548692,52101.28,14066.382913291978,80570.04619198051
1,97,35207.34881118881,3388.4967227386464,43995.15,7906.895735233736,78321.59335761135
1,98,11827.770769230769,2081.131442340607,20732.04,4856.221112884627,28511.762651346166
1,99,306.0910810810811,538.3122460048618,2400.0,1256.125990501136,1868.3081526632982
2,1,30777.98076923077,14320.969925903304,82766.07,33417.30132765696,94973.2628661185
2,2,65912.92251748251,4862.228411892653,93511.03,11345.778449699736,143171.62348466477
2,3,17476.563356643357,12766.064825949774,68674.69,29789.00432473729,64742.131038024
2,4,45607.66657342658,3547.802847818671,62586.93,8278.62899161824,99493.9621384714
2,5,30555.315314685315,18040.0567097679,150343.42,42095.613227140304,103206.24385651093
2,6,6808.382517482517,4663.2007550654425,42885.88,10881.356890605311,24498.121925570347
2,7,40477.83706293706,33691.274223641594,264837.42,78616.98395216327,159572.65807803738
2,8,58707.36944055944,3867.068133465881,74917.03,9023.619331597627,126438.35821271651
2,9,34375.864475524475,9224.62444951995,72676.62,21525.221857110773,90276.95080815972
2,10,38845.85447552448,3890.050666584058,48926.81,9077.247978152762,86768.95692920173
2,11,23382.686153846156,5950.488064802908,39879.14,13885.180524572785,60650.55283226509
2,12,7735.9462937062945,1141.143678569435,10480.81,2662.804430301211,18134.6970177138
2,13,46117.95923076923,2979.123436120245,53319.96,6951.642666118899,99187.56112765736
2,14,21314.132937062936,8828.08815588158,76486.63,20599.923299790476,63228.18917391635
2,16,27005.17965034965,18032.090697713524,69765.65,42077.02491736951,96087.38421806882
2,17,13790.854195804195,3138.5289480927327,32817.23,7323.607837083956,34905.31622869235
2,18,11687.563008849558,16496.08765736547,71401.56,38492.83497038375,61867.960988082865
2,19,4053.43993006993,834.1911175145278,6748.27,1946.5452468003523,10053.425106940213
2,20,5748.619440559441,1154.5091465437622,9080.75,2693.99211332786,14191.230994446742
2,21,9910.939860139859,1805.556932745264,19078.6,4213.181118176446,24035.060838456164
2,22,12923.013846153846,4297.541068285758,34762.15,10028.10742498138,35874.13511728907
2,23,29170.616573426574,9560.538509884653,88454.23,22309.061320044075,80650.29446689722
2,24,8309.564545454545,4570.259145558089,26097.66,10664.482070893071,27283.61116180216
2,25,15299.508391608393,3258.6155505952524,30205.63,7603.824205249266,38202.84098846605
2,26,9347.725104895104,2825.107609452628,19679.04,6592.25406914471,25287.704278934918
2,27,1837.9546153846154,991.7490653384427,7060.44,2314.1992148095696,5990.1084455788005
2,28,798.9132167832167,341.1826460354874,1763.78,796.1334566950468,2393.9598902614803
2,29,7111.482657342657,2376.7340180565543,22289.92,5545.995646106981,19768.960960792298
2,30,4981.155384615385,1075.93803382671,7558.68,2510.6501635227787,12472.960932753547
2,31,3884.756993006993,2005.8597299012429,11830.25,4680.578156503212,12450.092142517198
2,32,11755.096713286714,6340.951748269338,55952.94,14796.30893524721,38306.50236182064
2,33,7488.096993006994,3593.3173666471407,23854.41,8384.834953808217,23361.028939822205
2,34,17595.203496503498,3418.696956208889,27931.0,7977.366541838478,43167.77353484547
2,35,3875.588601398602,932.5956667557226,6928.95,2176.167576224932,9927.344779022136
2,36,2631.7505594405598,2237.2714723871645,10937.0,5220.56643728458,10484.0675561657
2,37,4500.250769230769,578.475010945884,6304.14,1349.8438898564298,10350.345428317967
2,38,85114.996013986,13547.874373690152,172794.2,31613.319672989197,201843.3117009612
2,39,2.34,3.1199999999999997,7.02,7.280371419096692,11.960371419096692
2,40,78174.5602097902,5350.924677392587,96799.15,12486.127912509035,168835.24833208942
2,41,2592.2207692307693,1686.239405737954,10499.0,3934.759351054229,9119.200889515767
2,42,8768.857692307693,873.2103734388736,10965.25,2037.5948223215146,19575.310206936898
2,44,7245.5411888111885,1691.7340536330812,12999.51,3947.580850250922,18438.663227873298
2,45,29.139848484848486,40.82070132787734,191.17,95.25316258171813,153.5328595514151
2,46,29675.324545454547,7006.625345567603,77799.17,16349.626573778483,75700.27566468758
2,47,18.068181818181817,608.116849193251,1098.0,1419.011707800538,1455.1480714369018
2,48,1358.3479136690646,1056.7158722085608,5844.0,2465.7961647862307,5182.49199212436
2,49,15568.465664335663,3022.0939259978177,25132.0,7051.91225790392,38188.84358657525
2,51,16.226666666666667,15.781308468238526,49.88,36.82493177183089,69.27826510516422
2,52,4148.373566433566,969.1692244663385,8584.46,2261.5102314336023,10558.257364300734
2,54,104.50286764705882,114.78050374459869,526.0,267.83483940118504,476.8405746953027
2,55,13060.297692307693,8443.774849624195,70935.76,19703.146501439573,45823.74188605496
2,56,5545.122307692308,5557.8482012251425,23768.08,12968.974101242788,24059.2187166274
2,58,21610.019090909092,6534.45325142416,44860.0,15247.835477914075,58467.87365973226
2,59,1391.5205594405595,3014.500909380059,27370.56,7034.194315221657,9817.235434102777
2,60,221.54594594594593,114.16308333717865,510.4,266.3941182833171,709.486010175209
2,67,12125.255594405595,5687.36825176731,35002.08,13271.202971168157,37521.71415997935
2,71,4634.6093706293705,1415.4967900636818,10342.82,3302.9943507060066,12572.213091964748
2,72,72929.49664335664,34440.91618242843,285353.53,80366.23776347973,226225.23105019302
2,74,16986.406013986016,2848.982612613146,29723.73,6647.965252042363,40620.777280014394
2,77,817.5,867.6200205158938,1431.0,2024.55,3659.55
2,78,11.764,5.401183409422627,25.76,12.603404270275554,36.13140427027555
2,79,32759.096993006995,4291.736128038877,48139.99,10014.561873358636,75532.75585937263
2,80,26041.273566433567,1709.544367284232,34782.14,3989.140368991623,56071.68750185876
2,81,31000.484265734267,2018.7396797316949,35995.54,4710.632906062514,66711.60143753105
2,82,24647.232587412585,11399.707182790027,106512.77,26600.673833223012,75895.13900804818
2,83,5710.719650349651,944.7849066526251,9339.38,2204.6105870473425,13626.049887746643
2,85,3672.0427972027974,1140.119104223793,9854.73,2660.413634858022,10004.499229263616
2,87,24932.985804195807,5064.383090489064,47167.02,11817.496765177297,61683.46837356891
2,90,97611.53713286713,8699.454115028855,148555.65,20299.761891281792,215522.83615701605
2,91,80610.38034965035,5397.3487775475005,94029.23,12594.456339408109,173815.21703870883
2,92,164840.230979021,19705.5869269229,257375.39,45982.04867285094,375662.51063089294
2,93,70581.97706293706,8548.692128465942,97658.89,19947.965975237283,161111.9201011114
2,94,70018.67251748251,7259.141739568028,96765.32,16938.86155382145,156976.20658878647
2,95,143588.75188811187,10222.130919216685,168543.95,23852.855700810822,311030.3594770346
2,96,34319.06384615385,4886.9875866621605,51034.12,11403.552804940871,80041.68049724857
2,97,40697.20405594406,2955.3815884469673,49034.16,6896.242195209579,88290.65030709769
2,98,14035.40083916084,2394.749377423095,24029.0,5588.033629259841,33658.835307581525
2,99,475.8969047619047,1084.7821349468943,5240.0,2531.2874523121995,3483.0812618360087
3,1,7328.621048951049,3116.9862634866367,18969.05,7273.339008463175,21930.581106365273
3,2,16841.775664335662,2040.0873134823823,22222.09,4760.446592800928,38443.997921472255
3,3,5509.300769230769,3163.541825657981,18159.86,7381.974195717096,18400.575734178634
3,4,8434.186503496503,917.9740191199519,10436.56,2142.0486577801985,19010.421664773203
3,5,11695.366573426572,5816.895631502521,44129.09,13573.448943416462,36964.182090269605
3,6,2012.4118181818183,1313.3923594633368,13067.28,3064.7385243259123,7089.562160689549
3,7,10044.341608391609,6605.889487518113,53832.37,15414.52853289685,35503.211749680064
3,8,8310.254195804197,703.714435649452,10187.95,1642.084123239753,18262.592514848147
3,9,9062.007692307692,3025.119703490899,20842.16,7058.972765590195,25182.98815020558
3,10,10871.944125874126,2083.552220428172,15546.28,4861.869883269461,26605.758135017713
3,11,8774.928041958041,4041.1262463569137,27991.76,9429.775649018711,26979.631732934795
3,12,2383.603006993007,473.2981196238644,3530.22,1104.4186226992917,5871.624636685306
3,13,11363.06167832168,1037.15131978665,14438.47,2420.1432134144684,25146.266570057825
3,14,4626.649020979022,1617.3614703132891,14193.66,3774.0359688516264,13027.33401080967
3,16,7871.568321678322,4463.638870327185,21172.22,10415.688736121503,26158.82537947815
3,17,2634.1996503496503,540.0678591248845,4495.01,1260.2226301107528,6528.6219308100535
3,18,2960.677739130435,4612.901394157604,24075.8,10763.98572728728,16685.34120554815
3,19,731.3131468531468,528.4168364650637,5368.79,1233.0355235800453,2695.661817286339
3,20,1682.1992307692308,500.50862933292984,3546.44,1167.9130512842062,4532.311512822667
3,21,1244.5296503496502,219.29086871547904,2157.38,511.70479905931376,3000.764099758614
3,22,3101.76986013986,1136.0410799251254,9137.14,2650.8977593610975,8854.437479640817
3,23,10913.330069930069,3137.5519276904756,22433.49,7321.328006503037,29147.988146363175
3,24,2763.627342657343,1341.8225455537213,7670.69,3131.0790096631035,8658.33369497779
3,25,4260.447972027972,954.49461420843,7576.03,2227.267727232301,10748.163671288246
3,26,2850.050839160839,991.8473987204821,7115.88,2314.4286710737183,8014.530349395396
3,27,500.19363636363636,221.18040703393646,1818.1,516.1139467416808,1516.5012194689534
3,28,166.87006993006992,77.40834975612711,413.5,180.62869780895778,514.3688376690976
3,29,1517.404055944056,578.1668887584908,4868.91,1349.1249014055686,4383.93301329368
3,30,1243.926993006993,367.34442665873195,2425.7,857.1807259008633,3345.034711914849
3,31,878.4754545454546,429.8111094385521,2770.17,1002.9437553739344,2759.8946644648436
3,32,4296.111048951049,3092.5925663458984,24450.5,7216.417477863965,15808.639575766065
3,33,3228.155104895105,1081.307215907884,7021.26,2523.1788942175563,8979.489104007767
3,34,4579.71916083916,1206.7764264221878,8090.53,2815.9553218473525,11975.393643525673
3,35,1439.3255244755244,442.94459450472533,2608.0,1033.5901173319155,3912.2411662829645
3,36,622.6893706293706,489.11971433341455,2165.0,1141.3375604967084,2386.7163017554494
3,38,108598.36412587413,18546.61826385018,155897.94,43277.65049007423,260474.3787418225
3,40,18203.10825174825,1999.4309081981787,23387.09,4665.576807213001,41071.7933107095
3,41,646.832027972028,443.944317517093,3531.63,1035.922923372382,2329.586979316438
3,42,4422.944405594406,1094.0229361222,7392.43,2552.8504217885616,11398.739232977374
3,44,2133.657762237762,618.4046039374334,4005.84,1443.0176935717632,5710.333218047288
3,45,9.922500000000001,7.541658998824162,21.96,17.598102124234874,37.443102124234876
3,46,6179.259510489511,2048.8798196346447,19113.94,4780.9634871897615,17139.48250816878
3,47,38.875,57.38700076796885,100.0,133.90983340346168,211.65983340346168
3,49,17.581481481481482,10.044945862793039,44.55,23.439402809567955,58.602365772530916
3,51,5.411803278688525,6.674093573461672,27.68,15.57367951942541,26.39728607680246
3,52,961.3902097902097,277.1650571346152,2484.22,646.7514616458828,2569.531881226302
3,54,58.3112389380531,50.67028935630156,207.0,118.23670718813374,234.85918506423994
3,55,7153.737902097902,2847.0090066245325,23061.62,6643.359936455165,20950.835740650968
3,56,1606.8088811188811,1827.3441150567505,7312.63,4264.020470549264,7477.638232787027
3,59,244.87845528455284,486.07298384230825,3423.0,1134.2281599873684,1623.985070556474
3,60,138.12587412587413,44.31132928811569,299.2,103.39837669595504,379.6501249477033
3,67,2021.4826573426574,931.3317578539105,5299.59,2173.2183049925297,6216.183619677844
3,71,1101.6100000000001,500.9200686314598,2946.66,1168.873125293729,3372.093125293729
3,72,22796.856573426576,11253.139860858306,93974.21,26258.665967336714,71852.37911418987
3,74,3374.9607692307695,783.9525818272615,7611.41,1829.3160162379029,8579.237554699443
3,77,424.0,734.4570794811634,1272.0,1713.8206185922725,2561.8206185922727
3,78,6.0,0.6000000000000001,6.0,1.4000714267493644,13.400071426749363
3,79,7230.372447552448,715.4695057971778,9301.77,1669.5140196285286,16130.258914733424
3,80,24.420476190476194,43.75968903867924,200.0,102.11115044415358,150.95210282510595
3,81,1429.3000699300699,322.98409590090495,2132.98,753.668006608889,3612.2681464690286
3,82,6746.578391608391,1820.9079497569996,18601.3,4249.001985325903,17742.158768542686
3,83,19.33,1.9329999999999998,19.33,4.510563446510868,43.17056344651086
3,85,874.1281818181818,289.06553543608857,1706.77,674.520661036789,2422.7770246731525
3,87,939.4354545454545,431.5120883406662,2100.14,1006.912908637857,2885.783817728766
3,90,1540.0491608391608,273.64022444277765,2029.24,638.5264324193598,3718.6247540976815
3,91,318.68559440559443,144.41319867024743,867.02,336.9813218394878,974.3525106506767
3,92,7568.28020979021,1450.7504043951785,10777.24,3385.256980897958,18521.81740047838
3,94,656.2944444444445,1309.2973083914158,5976.5,3055.182917664453,4367.771806553342
3,95,15745.528251748252,3090.0102963241366,24553.65,7210.391873741266,38701.44837723777
3,96,3934.54,844.2661298746514,7843.1,1970.0548083496117,9839.134808349612
3,97,343.43735714285714,159.75799975066022,678.65,372.787684409219,1059.6623986949332
3,98,30.570833333333333,31.030981787792115,153.21,72.4093182417794,133.55098490844608
4,1,36979.94006993007,15156.69065704757,91965.85,35367.41585501891,109327.29599487904
4,2,93639.31538461539,8190.2905809371805,123735.98,19111.653031907663,206390.28380113843
4,3,19012.49167832168,15732.32774602074,103193.89,36710.63758909977,74735.62094574314
4,4,56603.40013986014,4239.019016592782,72179.92,9891.549004297904,123098.34928401819
4,5,45668.406783216786,21509.49967223269,174922.53,50191.39315794634,141528.2067243799
4,6,8241.777692307693,5773.248484194046,45600.79,13471.60040374027,29955.155788355656
4,7,50728.1513986014,39443.93050085412,318422.01,92040.53342155599,193496.83621875878
4,8,62949.72377622378,3563.8414216285246,76078.03,8316.054239813217,134215.50179226077
4,9,34437.17097902098,8417.522248618689,62726.39,19641.887307196805,88516.22926523877
4,10,37269.66741258741,5083.018084739719,52560.25,11860.98063682393,86400.31546199875
4,11,27145.836643356644,7417.829478338837,52148.41,17309.151835202247,71600.82512191554
4,12,8141.9109790209795,1358.2458738290654,10870.44,3169.4020640804943,19453.224022122453
4,13,69596.44734265735,4795.4234678125995,83784.6,11189.892294079616,150382.78697939432
4,14,28567.509440559443,10337.604600001745,98900.14,24122.30803582539,81257.32691694428
4,16,21270.153006993005,14530.09487315425,51812.8,33905.28443310116,76445.59044708716
4,17,15815.878041958042,2592.0973842524227,29807.88,6048.53580507264,37680.29188898872
4,18,13146.54379032258,17703.18282234796,77080.53,41309.534053482574,67602.62163412773
4,19,3038.317762237762,775.1325819709716,5495.99,1808.7349666000277,7885.370491075551
4,20,8888.302867132868,1292.7072049666585,13418.6,3016.470701378087,20793.076435643823
4,21,8865.273146853147,1374.8017676108573,17297.96,3208.0344537941346,20938.58074750043
4,22,17289.916293706294,4323.4105922173,35640.23,10088.47272711498,44668.30531452757
4,23,46234.012867132864,12111.765130707088,122666.23,28262.227145003784,120730.25287926951
4,24,10875.301188811189,4523.058638360771,29559.49,10554.341935134667,32304.944312757045
4,25,15640.748531468531,2631.464143190197,26641.68,6140.39626232682,37421.89332526388
4,26,18429.75993006993,4402.7683409700985,36572.85,10273.650254648228,47133.17011478809
4,27,2579.9061538461538,1074.1250464604645,8474.58,2506.4196438418826,7666.23195153419
4,28,916.2322377622378,285.95509689957356,1794.16,667.2626008373977,2499.7270763618735
4,29,9472.12118881119,3081.566810471694,30150.35,7190.689401600987,26134.931779223367
4,30,7683.686783216783,1166.524119020167,10541.1,2722.028479423517,18089.40204585708
4,31,3813.243986013986,2623.321003450101,15449.35,6121.3946335365945,13747.882605564566
4,32,13685.43034965035,7858.602605951979,63767.24,18337.67493795243,45708.53563725313
4,33,12304.056223776224,4516.38183872167,35605.45,10538.761941139941,35146.87438869239
4,34,25142.675384615384,4685.734994182677,43274.28,10933.939464457939,61219.290233688705
4,35,4376.574755244755,836.8027211279176,8053.0,1952.63929946219,10705.788809951699
4,36,3005.231468531468,2472.560790705976,12281.0,5769.602856613753,11780.06579367669
4,37,3640.7527272727275,678.6804779431197,5428.37,1583.6685751012733,8865.174029646729
4,38,80093.94608391607,7603.662909704937,104781.09,17742.785297519687,177930.67746535182
4,39,1.56,0.15600000000000003,1.56,0.3640185709548347,3.484018570954835
4,40,78729.26307692307,5392.893292631406,93453.04,12584.05967753588,170042.58583138202
4,41,975.4176223776224,875.3760665331762,4283.39,2042.6483640222505,3993.483608777495
4,42,9511.818531468532,1203.1919125773277,13068.86,2807.5910294923924,21831.228092429457
4,44,5441.563566433566,1270.0353305795436,11616.12,2963.56696217767,13846.694095044802
4,45,13.696938775510203,12.747587713642405,65.84,29.745888863086645,57.13976641410705
4,46,39128.89615384616,8136.799155942836,92796.26,18986.833339056513,97244.62564674883
4,47,23.536153846153848,404.0636752530155,898.0,942.8633438484686,989.9356515407763
4,48,2324.6155319148934,1600.2948192529243,10360.06,3734.2117513517624,8383.442815181548
4,49,6911.676643356644,1442.6287088501024,10334.42,3366.305391115593,17189.65867782888
4,51,8.2,7.595192259221979,38.64,17.72301943800774,34.12301943800774
4,52,3721.521328671329,1128.9730740393986,9284.42,2634.404904219927,10077.447561562585
4,54,131.887,127.51198971246454,632.0,297.5431556073008,561.3171556073007
4,55,18662.6272027972,9192.310651525844,73370.28,21449.819148341943,58775.073553936345
4,56,6040.540839160839,7086.6854980677135,28182.81,16536.443127006154,28617.524805327834
4,58,6078.142307692307,2707.4101678902184,14545.0,6317.612694256322,18473.89730964094
4,59,1586.4469930069931,4281.808530242379,39721.57,9991.396296673409,13164.290282687394
4,60,410.7951048951049,104.98953021488593,976.8,244.98806893616805,1066.578278726378
4,67,12471.426713286713,4863.438138163944,29066.07,11348.601288344107,36291.454714917534
4,71,7686.018741258741,1784.8486181312078,14945.6,4164.859252197652,19536.896734715134
4,72,101244.45083916084,47323.71482716467,385051.04,110427.63489524747,312916.5365735692
4,74,20627.30776223776,3272.7232983064814,32084.35,7636.743962693067,48891.359487168585
4,77,344.57142857142856,279.43148065483314,954.0,652.0400529984993,1341.1829101413564
4,78,5.375,8.4335638967165,24.0,19.679319729096328,30.429319729096328
4,79,52436.656923076924,4019.4919636112645,63475.28,9379.293080501377,114252.60692665522
4,80,19379.101398601397,2663.216304370381,28394.99,6214.48841833668,44972.691215539475
4,81,31055.285314685312,2177.909526991812,36465.28,5082.0481646440985,67192.61879401472
4,82,29371.32097902098,11104.214649714066,114217.35,25911.156079260603,84653.79803730256
4,83,9161.217342657343,1484.1181850816567,15039.82,3463.1191080865865,21785.553793401272
4,85,2730.06,730.1981179413373,5516.62,1703.8825346597143,7164.002534659714
4,87,14223.462307692309,2402.605116358427,20520.41,5606.364621958775,34053.28923734339
4,90,89248.96552447553,8967.14025820735,125242.78,20924.39475861671,199422.32580756777
4,91,66535.4072027972,5469.15947383688,78880.23,12762.02317942434,145832.83758501874
4,92,159365.1079020979,19283.266108537144,239759.31,44996.58315494543,363726.79895914125
4,93,67815.16300699301,8601.7457032204,94271.18,20071.763965404996,155702.08997939102
4,94,68159.10657342657,7845.27793052118,89337.77,18306.58244238348,154624.79558923663
4,95,147236.4737062937,15175.031831335084,178542.28,35410.21411177388,329883.1615243613
4,96,38346.57307692308,6821.216792178466,62400.69,15916.98454398671,92610.13069783286
4,97,39339.23895104895,3107.08242351057,45428.65,7250.228869520527,85928.70677161842
4,98,15009.249370629372,3254.1086606960757,29801.87,7593.307592297028,37611.806333555774
4,99,623.182380952381,1584.0810564654605,8570.0,3696.377708020396,4942.742469925158
5,1,9774.553076923077,2705.1111255709334,21113.02,6312.247988489458,25861.354142335615
5,2,12317.953286713288,936.3370499156566,16430.32,2184.897915656173,26820.804489082748
5,3,4101.085174825175,2450.6528426867826,17995.36,5718.481703213114,13920.652052863465
5,4,9860.806783216784,682.5218021370423,11922.26,1592.6321221759267,21314.245688609495
5,5,6699.202237762238,3652.641753163609,31448.02,8523.265584593455,21921.670060117933
5,6,1191.0576223776222,1328.74884802248,12932.39,3100.5721590706794,5482.687403825924
5,7,6124.484335664336,3914.641291929526,29195.62,9134.629031339575,21383.597702668245
5,8,13735.70944055944,959.1688639054125,16195.04,2238.174866302696,29709.593747421575
5,9,7919.805944055944,2904.1495836609038,20628.22,6776.694751816155,22616.306639928043
5,10,9783.395384615385,1159.5748857728715,13349.65,2705.812774577925,22272.603543808695
5,11,7389.049440559441,1711.0476522672486,13877.96,3992.648212909928,18770.74709402881
5,12,2515.3472727272724,410.97621227583716,3588.67,958.9934198018015,5989.687965256347
5,13,11242.656083916085,713.0387975676139,13675.62,1663.8420777302335,24149.154245562404
5,14,3697.422377622378,1638.9250344408194,14518.91,3824.353518841348,11219.198274086104
5,16,7717.567622377622,4447.774309411135,21462.44,10378.66953872736,25813.804783482603
5,17,2396.7813286713285,600.1767756877823,5060.55,1400.4839243983774,6194.046581741035
5,18,2185.893,3181.5499493601765,13916.63,7423.995294791782,11795.781294791781
5,19,46.327368421052626,44.3918729903795,205.56,103.58632158952864,196.2410584316339
5,20,1220.832797202797,359.00619263834983,3308.06,837.7238538983858,3279.38944830398
5,21,1316.4146153846154,237.66296933988176,2196.47,554.575220948631,3187.404451717862
5,22,2430.053986013986,1000.2588977100299,7965.75,2334.0565033927132,7194.164475420685
5,23,6141.862727272727,1637.8205088213263,14843.37,3821.776160908073,16105.501615453528
5,24,1480.2327972027972,658.3363322944293,4103.03,1536.1964800606752,4496.66207446627
5,25,2685.5781818181817,633.2204010971892,5872.86,1477.5896506849106,6848.746014321274
5,26,1782.2095104895104,568.1413609557326,3992.25,1325.7308097143632,4890.1498306933845
5,27,377.28916083916084,186.3743799623036,1381.0,434.8957401055842,1189.4740617839059
5,28,203.28237762237762,73.43913645544308,417.5,171.36672759402236,577.9314828387776
5,29,1343.724895104895,428.0606772374633,3965.09,998.8592051919239,3686.308995401714
5,30,857.1524475524476,245.74393967343482,1605.64,573.4317803893259,2287.7366754942213
5,31,655.4497902097903,311.5653235678766,2025.67,727.0228451555072,2037.9224255750878
5,32,2450.897622377622,1237.7162579394144,10288.12,2888.1519452735333,7789.947190028777
5,33,1598.760909090909,570.475344077088,3668.72,1331.1770481789051,4528.6988663607235
5,34,3602.7625874125874,885.7678718846022,6222.5,2066.8971469303715,9272.422321755546
5,35,1162.082027972028,375.76447480025917,2152.0,876.8285072588739,3200.99256320293
5,36,587.0637062937063,443.6747146986486,2391.5,1035.29381803459,2209.4212306220024
5,38,55199.79188811189,8034.328396102458,75177.91,18747.722700840164,129147.30647706395
5,40,19328.994965034963,1604.7661849105045,23968.31,3744.6454701779735,42402.6354002479
5,41,524.7532167832168,418.6989051234208,2030.0,977.0139557909073,2026.5203893573407
5,42,2932.116153846154,386.74408701821625,3914.49,902.4489094974571,6766.6812171897645
5,44,1317.444125874126,347.425760431967,2698.72,810.7014668291113,3445.5897185773633
5,45,18.588260869565215,16.51629845268016,95.76,38.53999589877038,75.71651763790081
5,46,4895.629510489511,1188.1826201846725,13473.76,2772.5675604679204,12563.826581446941
5,47,38.72727272727273,96.43686111554119,224.0,225.0308228887767,302.48536834332214
5,49,39.14160714285714,28.827070092144343,145.25,67.2665952548541,145.5498095405684
5,51,6.68,3.000133330370502,11.0,7.000668253816917,20.360668253816918
5,52,530.8146853146853,259.0774011018639,1817.91,604.5447776653399,1666.1741482947104
5,54,45.917755102040815,48.74786651489314,270.88,113.75082503748999,205.58633524157162
5,55,3445.1,1622.700480997518,14054.15,3786.4942960284575,10676.694296028458
5,56,1220.3167132867134,1459.6458109436412,6183.99,3406.013988460994,5846.64741503442
5,58,871.1764705882352,605.8122946844406,3370.0,1413.6341396019184,3155.987080778389
5,59,78.25601941747573,123.73279389466646,794.36,288.72458213965115,445.2366209746026
5,60,236.53146853146853,71.12063191822712,450.0,165.95660766844767,639.0195447313847
5,67,3036.8645454545454,1456.1796631117259,9243.82,3397.925897560404,9471.654988469494
5,71,456.66125874125873,237.1957373018728,1814.12,553.4849572385007,1466.807474721018
5,72,11656.51909090909,10400.779806477805,93517.72,24269.724371602264,47582.76255342044
5,74,3523.767972027972,808.1616213118212,9139.71,1885.8066569902014,8933.342601046146
5,77,465.075,691.4443659832655,954.0,1613.4524999999999,2543.6025
5,78,6.0,0.6000000000000001,6.0,1.4000714267493644,13.400071426749363
5,79,5009.172447552448,446.14941645182665,6437.1,1041.0684167251752,11059.41331183007
5,80,6.079999999999999,8.798818102449896,16.24,20.531623024008596,32.69162302400859
5,81,2615.837132867133,357.77121236631064,3492.93,834.8420862459171,6066.516351980183
5,82,3887.787482517482,1443.9690292450769,16632.66,3369.432964928415,11145.00792996338
5,85,935.0770629370629,297.30849804237744,2195.21,693.7552217315032,2563.909347605629
5,87,10089.581818181818,1865.5556369865922,15979.18,4353.185237260228,24532.348873623865
5,90,3059.52,464.8148775709181,3851.45,1084.6233813584106,7203.66338135841
5,91,1457.2216783216784,382.4987947196072,2020.59,892.5427220883209,3806.9860787316775
5,92,7759.205594405594,1123.7892542684888,10811.72,2622.308707648812,18140.71989646
5,94,411.4314864864865,949.5019577315869,5216.25,2215.6176011042953,3038.480574077268
5,95,19340.693986013986,2260.0309249414618,23449.42,5273.674535967462,43955.06250799543
5,96,5985.671118881119,1556.9605097876356,9698.51,3633.093203884654,15604.435441646892
5,97,667.07031496063,90.6234323471375,902.41,211.4654637053021,1545.6060936265621
5,98,29.97608695652174,40.502372852949826,139.26,94.51035824494028,154.46253215798376
6,1,23867.553776223776,9950.089558298616,62544.57,23218.060140285153,70953.1676927327
6,2,50269.43727272727,5277.199941683114,79930.02,12314.094752656563,112852.9692981111
6,3,16806.63881118881,11062.0534841591,60019.12,25812.775007240674,59426.052629618294
6,4,34187.3665034965,3068.375076222734,44707.66,7159.90711794892,75534.64012494193
6,5,34465.30762237762,15995.062009681364,129437.88,37323.71548139856,106254.3307261538
6,6,7225.566643356644,4803.128740315377,37614.42,11207.872180523711,25659.005467237
6,7,34526.87041958042,25936.82491090185,207052.33,60522.34576392467,129576.08660308551
6,8,47577.71979020979,3560.684131632941,65341.41,8308.686853965253,103464.12643438483
6,9,48271.060139860136,14363.272066464091,96185.84,33516.01135813945,130058.13163785971
6,10,47436.477902097904,5619.469475078639,65483.1,13112.764409246416,107985.72021344223
6,11,21882.11909090909,5289.590977326238,37506.79,12343.00864424285,56107.24682606103
6,12,6683.218671328671,1085.1615805636143,9575.68,2532.172870588824,15898.610213246166
6,13,37746.9313986014,2674.629424597352,46073.32,6241.120390869743,81734.98318807254
6,14,25583.7413986014,9616.825721437228,83081.31,22440.40484768767,73607.88764489046
6,16,28204.007552447554,17009.159406919276,70483.95,39690.0634644214,96098.07856931651
6,17,16296.992447552448,2837.3441325715726,30644.63,6620.80741311403,39214.79230821892
6,18,11500.897168141593,17027.363833706215,74307.13,39732.542627395975,62734.33696367916
6,19,2585.304755244755,959.005239566112,5367.23,2237.7930566990703,7408.402567188581
6,20,9299.858601398602,2031.3493839683852,14727.21,4740.057050398432,23339.774253195636
6,21,9398.605454545455,2236.1117602123963,18828.96,5217.860304152669,24015.07121324358
6,22,18833.15090909091,4706.837492420596,44555.37,10983.181139151173,48649.48295733299
6,23,30538.913776223777,8736.434966364357,79584.17,20386.054946767963,81463.88249921551
6,24,6789.380909090909,3082.3244035974776,16640.64,7192.457209081839,20771.219027263658
6,25,13777.691398601399,3629.2649858196696,25226.0,8468.71701124676,36024.09980844956
6,26,9098.63937062937,2514.605102456228,18695.86,5867.711255845204,24064.98999710394
6,27,1798.5638461538463,929.2721693747959,6800.58,2168.412353358412,5765.540045666105
6,28,578.5354545454546,239.17996585671958,1190.89,558.115060078136,1715.1859691690452
6,29,6858.093916083916,1955.6350499078849,19256.09,4563.38125754266,18279.569089710494
6,30,5020.268181818182,852.1411700564186,7116.3,1988.4308395879373,12028.967203224302
6,31,3248.543776223776,1495.6594781815716,8394.99,3490.050165914804,9987.137718362355
6,32,11369.82965034965,6381.328705202832,62331.88,14890.526641416669,37630.18594211597
6,33,7213.951468531469,2776.3750888779773,18143.97,6478.53905312797,20906.441990190906
6,34,18101.45132867133,3793.374786774194,29424.35,8851.659416523351,45054.56207386601
6,35,3551.4537062937065,829.387481743477,5776.26,1935.3361914877535,9038.243604075167
6,36,3456.0053846153846,2876.235838609639,13825.0,6711.559357049751,13623.57012628052
6,37,3911.7690909090907,407.17378713968606,5178.29,950.1206418260035,8773.658823644186
6,38,78545.19916083917,11371.953809452343,119812.38,26535.912658213012,183626.31097989134
6,40,65833.7272027972,4198.756205178784,78697.27,9797.597651262342,141465.05205685674
6,41,2641.5423776223774,1812.3770798788987,12585.75,4229.09560672316,9512.180361967916
6,42,9399.415034965035,916.9947417384021,12975.5,2139.7635606455824,20938.593630575655
6,44,7780.472237762238,1677.419000650358,15607.65,3914.1773558283985,19475.121831352873
6,45,39.0079104477612,40.805927471137544,170.72,95.21868849057768,173.23450938610006
6,46,27602.171958041956,6118.690704709888,59400.05,14277.67337463541,69482.01729071932
6,47,-42.02333333333334,230.42372817460085,389.0,537.6827964372018,453.6361297705351
6,48,1779.8714184397163,1328.2096486735074,6658.0,3099.3139630676487,6659.056799947081
6,49,12496.313146853146,2261.210400025546,18978.76,5276.42678490711,30269.053078613404
6,51,31.228749999999998,28.5583059909272,78.21,66.6394470237706,129.0969470237706
6,52,4208.43958041958,953.8839086633473,8795.32,2225.842674925921,10642.721835765082
6,54,156.99078014184397,157.76693825781172,754.5,368.1416372341555,682.1231975178434
6,55,16407.804475524477,9067.822246925378,73637.63,21159.331384604066,53974.940335653024
6,56,6530.876153846154,6481.74920496111,24639.98,15124.853095369095,28186.605403061403
6,58,2993.474895104895,1405.3996292829115,7307.0,3279.433106871922,9266.382897081712
6,59,1016.7490909090909,2052.7043601602727,16898.84,4789.887870373723,6823.386052191905
6,60,295.8558241758242,134.6146568465867,809.6,314.1168911209612,905.8285394726096
6,67,11701.160699300699,4267.730620665638,25774.0,9958.546165095482,33360.867563696884
6,71,5752.100909090909,1571.6923428158796,12805.48,3667.4692346954653,15171.671052877284
6,72,80187.18111888113,36099.67962242632,342578.65,84236.88325694228,244611.24549470452
6,74,21902.677482517483,3090.477947378993,35098.76,7211.483115207256,51016.838080242225
6,77,625.185,914.7345453463535,1272.0,2134.4895,3384.8595
6,78,7.555555555555555,13.611677992730279,36.0,31.762202379558,46.87331349066911
6,79,24457.038601398603,2930.148113018073,34395.14,6837.361081966951,55751.438284764154
6,80,13724.418181818182,1293.8055379572254,17978.28,3019.0336091066683,30467.869972743032
6,81,15454.445734265735,1569.0562485525534,20428.4,3661.3180342682967,34570.209502799764
6,82,20111.96874125874,7655.412227792413,76877.4,17863.53986686642,58087.4773493839
6,83,4031.0139160839162,720.7246037120035,6712.54,1681.776540354058,9743.80437252189
6,85,2682.87965034965,944.8960219236083,7004.47,2204.869869240641,7570.629169939941
6,87,40390.25741258741,6737.259860472671,57071.9,15721.075042055323,96501.58986723014
6,90,53715.36608391608,5419.8482479263885,82352.83,12646.957782065567,120077.68994989773
6,91,45270.40517482518,3007.2422982676235,52404.36,7017.256691860981,97558.06704151134
6,92,99024.7965034965,12209.432165741946,155606.08,28490.12852014984,226539.72152714286
6,93,41359.65118881119,5117.752796443876,60994.99,11942.032432446209,94661.3348100686
6,94,41701.693496503496,4856.846095533061,56025.86,11333.21907079175,94736.60606379874
6,95,89208.78629370629,10834.528965940566,119607.69,25281.857379169538,203699.4299665821
6,96,30450.542237762238,5083.777919330228,50336.79,11862.753674655974,72763.83815018045
6,97,20637.667062937064,2113.6792631513003,28324.66,4932.16990275131,46207.50402862544
6,98,9728.100629370629,1892.6322995683342,18224.63,4416.367339947613,23872.56859868887
6,99,388.63675,667.9588366496826,3340.0,1558.6501357299442,2335.923635729944
7,1,9542.80125874126,3007.674434628543,24797.06,7018.265061479952,26103.867578962472
7,2,22603.69076923077,3914.810375780289,39099.8,9135.023580453208,54342.40511891474
7,3,8633.536923076923,3679.8513373464903,24180.98,8586.757853507093,25853.83169966094
7,4,14950.518601398602,2701.2065852356723,22442.33,6303.136929559476,36204.17413235668
7,5,13860.35048951049,7942.63233506288,64375.51,18533.754309161868,46254.45528818285
7,6,6329.928811188811,3646.1771922955395,27957.25,8508.180839663677,21168.0384620413
7,7,10925.757062937064,6396.56786066084,52420.28,14926.086484957585,36777.60061083171
7,8,13970.61937062937,1273.3597868632037,20838.88,2971.324422598053,30912.563163856794
7,9,29722.736083916083,15607.40210720907,69705.84,36419.12956015206,95864.60172798423
7,10,21136.56027972028,3403.267625731487,34775.89,7941.36293394634,50214.4834933869
7,11,15362.294125874127,3779.1244109837708,29762.38,8818.406843248998,39542.995094997255
7,12,5674.272517482517,1764.7676116767323,9200.98,4118.001179935517,15466.54621490055
7,13,14916.528391608392,2074.389914303212,20915.88,4840.490078254982,34673.54686147177
7,14,10108.054475524475,3136.6980844924656,27010.25,7319.335604062272,27535.444555111222
7,16,13788.44888111888,12115.506822166462,48845.76,28270.958203837086,55847.85596607484
7,17,5568.405384615385,1440.4961752611248,12421.2,3361.3292255414085,14498.139994772178
7,18,4255.952842105264,6781.653987400321,27133.07,15824.666623100136,24336.572307310664
7,19,468.26461538461535,840.1675944305529,3090.17,1960.4910710716088,2897.0203018408392
7,20,3127.7785314685316,812.8292933354253,5724.52,1896.6984473730106,8152.255510310074
7,21,1885.2651748251747,561.5521174072644,3888.83,1310.355123687525,5080.885473337874
7,22,6814.387692307692,2250.061168285191,18329.47,5250.410583590648,18879.18596820603
7,23,14138.214265734267,4233.956783607792,37454.4,9879.736524701517,38156.16505617005
7,24,2555.7652447552446,1183.6320462700855,8200.22,2761.9490129460464,7873.479502456536
7,25,5219.990279720279,1605.5517636520221,12075.42,3746.4785807604076,14186.459140200966
7,26,1948.9158041958044,571.6783595847254,4982.68,1333.9842275758708,5231.81583596748
7,27,644.6328671328671,174.87866648341472,1077.24,408.0710401524344,1697.3367744181687
7,28,190.66951048951051,78.1839220740777,415.93,182.4384588785251,563.7774798575462
7,29,1363.6124475524475,406.7614453616514,4037.38,949.1584619235347,3676.3833570284296
7,30,1103.170979020979,290.97664152733586,1944.75,678.980136089859,2885.3220941318173
7,31,1799.5592307692307,1073.8271948673719,6695.72,2505.724621333715,6104.843082872176
7,32,5376.747902097902,3130.2033775270065,28632.32,7304.180514649856,18057.67631884566
7,33,2279.562097902098,1042.0336149580828,7322.08,2431.535816691934,6990.66001249613
7,34,4684.3937762237765,1314.7912015145234,9150.14,3068.0026556365824,12436.790208084136
7,35,403.049020979021,238.26907899108545,1314.01,555.9895489555099,1362.087590913552
7,36,1880.9101398601401,1280.6447213750955,7943.62,2988.323470357786,6750.143750078067
7,38,31451.814685314686,4484.6513964751775,44914.44,10464.72046522755,73368.34983585692
7,40,31603.352097902094,6191.725394970477,47038.13,14448.09634629431,77654.8005420985
7,41,1606.0044055944056,937.9779892539168,5855.28,2188.726969457052,5400.735780645863
7,42,6485.042307692308,1085.4780772516467,9526.35,2532.911400538116,15502.996015922732
7,44,3562.4972027972026,825.9900426363347,7886.82,1927.4084291243687,9052.402834718774
7,45,22.821058823529413,21.49020230928777,107.46,50.146363680495014,95.78848132755384
7,46,14670.128741258743,3468.7483327323735,25053.21,8094.159045405153,37434.416527922636
7,47,-9.90625,200.89202894009176,459.0,468.77198263454807,448.95948263454807
7,48,1385.855421686747,1150.699375168393,5105.0,2685.1021932526896,5456.813036626183
7,49,31.35671052631579,25.09120124070895,148.5,58.549123199891326,121.2625442525229
7,51,35.368205128205126,48.00773374494194,209.72,112.02376046547408,182.76017072188432
7,52,1303.6146153846155,473.70311832958,3248.34,1105.3636678921964,3712.592898661427
7,54,65.396,65.77648623889453,324.0,153.48629822508164,284.27829822508164
7,55,6616.540489510489,4421.763879454642,32922.6,10317.975439094773,23551.056418115753
7,56,6417.87902097902,11336.458804700907,53126.23,26453.086754971653,39288.8447969297
7,58,972.6285,732.2092459711267,5725.0,1708.5754061431192,3653.8324061431194
7,59,81.48948717948718,86.86802955262333,508.96,202.70241012441213,365.6813844833865
7,60,99.73398601398603,60.258962890574956,484.0,140.61142024774043,340.0793922757125
7,67,3989.6420979020977,1479.8190607376057,12428.22,3453.0873061630055,11432.371501967202
7,71,2394.07979020979,691.9572346861203,5542.24,1614.6492546942352,6402.808835113816
7,72,45089.824895104895,23509.877914300578,222921.09,54859.1805236303,145038.8303138401
7,74,9714.135314685316,1684.7902964960751,14516.4,3931.3779236479068,23359.64855301854
7,77,293.25,259.9709919715403,677.0,606.6299294050698,1193.1299294050698
7,78,12.0,1.2000000000000002,12.0,2.8001428534987287,26.800142853498727
7,79,5856.907272727272,1029.2082471165154,8510.23,2401.6084316043866,14115.422977058932
7,80,450.67029629629627,244.61670365568708,1132.8,570.8014288232404,1472.142021415833
7,81,6426.511888111888,1277.537532703493,9939.35,2981.072993563403,15834.096769787178
7,82,9500.961958041958,2904.0883685962217,33330.44,6776.551909377909,25778.47582546183
7,83,574.0990714285714,254.40071702224765,1167.77,593.6319580789991,1741.830100936142
7,85,2056.1846853146853,853.234015099175,7281.92,1990.9809414516508,6103.350312081022
7,87,11113.217202797203,2972.762632992898,18339.79,6936.800034935939,29163.234440530345
7,90,13858.405874125874,4673.264012798784,28336.78,10904.839023292754,38621.650771544504
7,91,10263.880000000001,3567.86094886333,20666.13,8325.433615197371,28853.19361519737
7,92,26530.89055944056,5589.1529221544715,44365.3,13042.022176735314,66103.80329561644
7,93,1328.1782517482518,615.3683047234313,3173.74,1435.9326339507866,4092.28913744729
7,94,699.3325217391305,735.1389938833305,3547.88,1715.4118333755441,3114.076876853805
7,95,34208.097272727275,8129.49522536251,53964.2,18969.78996487572,87385.98451033027
7,96,1123.3832167832168,783.1968698510668,4853.02,1827.5525983300317,4074.3190318964653
7,97,4374.927902097902,1614.4502152147131,9347.22,3767.242693719136,12517.09849791494
7,98,260.88659574468085,136.4580844112412,637.07,318.4184415552194,840.1916330445811
7,99,15.0,1.5,15.0,3.50017856687341,33.50017856687341
8,1,14789.827342657343,7499.892980871196,48385.22,17500.643110326462,47080.29779564115
8,2,35729.82174825175,2705.7404849721534,49718.81,6313.716568680798,77773.3600651843
8,3,10683.305104895104,8098.106814982849,49937.4,18896.54660403631,40263.156813826514
8,4,21089.3093006993,1940.4866912222737,28787.37,4528.033283946203,46706.65188534481
8,5,19838.84923076923,9673.966281691732,76379.72,22573.739623888974,62251.438085427435
8,6,3395.4254545454546,2418.447118956658,19473.12,5643.331180592562,12434.182089683472
8,7,20268.743776223775,14919.010982114365,119510.23,34812.801652363814,75350.28920481136
8,8,26438.524335664337,1790.9706904709924,32225.28,4179.144816456694,57056.193487785364
8,9,11792.66167832168,3475.9360312565173,26966.54,8110.931197618058,31696.254554261417
8,10,20666.433776223774,2569.8229866796905,28980.76,5996.559559089911,47329.42711153746
8,11,18628.06146853147,4580.2078814462,34166.06,10687.69697230844,47943.81990937138
8,12,7132.540769230769,1243.9721998490525,9955.54,2902.7498877986795,17167.831426260218
8,13,25257.586433566434,1442.3495056513468,28710.5,3365.6538837475355,53880.826750880406
8,14,10771.757342657344,4684.711918984108,41082.45,10931.552167203052,32475.06685251774
8,16,16500.473776223775,12186.886071508385,48042.03,28437.51828294783,61438.46583539538
8,17,7494.439020979021,1524.761432093704,14411.0,3557.958189473059,18546.8362314311
8,18,6304.3180172413795,9425.381023275324,43444.45,21993.677761522442,34602.3137960052
8,19,1065.8739160839161,861.5192531891216,6753.58,2010.3141499742337,4142.061982142066
8,20,3771.235734265734,797.0945080680452,5595.43,1859.982075274851,9402.45354380632
8,21,4685.762377622378,959.9779454031768,8880.83,2240.0628194475817,11611.587574692338
8,22,7138.1132867132865,2109.3443538287584,17164.73,4922.054598284575,19198.281171711147
8,23,14693.072587412587,4845.000313852185,44445.22,11305.577503360242,40691.72267818542
8,24,4429.390909090909,2110.263139548692,11880.31,4924.1985410075495,13782.980359189369
8,25,6801.176503496504,1356.2222004857852,12949.28,3164.6799187054926,16767.0329256985
8,26,6156.060979020979,1896.9268377025555,14182.51,4426.388440168961,16738.51039821092
8,27,923.8206993006992,506.5824795623191,3959.56,1182.0860915450778,3029.727490146476
8,28,316.6808391608392,149.89324094495043,911.77,349.7687395164716,983.1304178381499
8,29,2915.29006993007,988.0952611253869,9604.77,2305.673236680176,8136.253376540316
8,30,2335.2618181818184,479.06940250782696,3584.8,1117.8856364684978,5788.409272832135
8,31,1415.6996503496503,943.3369503496338,5034.68,2201.2318499690095,5032.6311506683105
8,32,5807.735244755245,3650.283240859698,28022.02,8517.76210844955,20133.23259796004
8,33,5115.140979020979,1991.6453808778995,12565.34,4647.409649974169,14877.691608016128
8,34,8371.814055944056,1698.209387263263,15502.0,3962.6907329080664,20706.31884479618
8,35,1885.4702097902098,507.17772034538797,3734.0,1183.4750575657622,4954.415477146182
8,36,989.1644055944057,720.6554901738957,3762.0,1681.6152672042142,3659.944078393026
8,37,2248.6220279720283,391.8990094391403,3860.38,914.4776754785329,5411.721731422589
8,38,58609.542937062935,7679.930886615351,83057.92,17920.752989600107,135139.83886372598
8,40,38028.8806993007,3351.0236013908334,47156.52,7819.453991116761,83877.21538971817
8,41,1147.069160839161,1005.0106943159518,7405.74,2345.1445944821726,4639.282916160495
8,42,5284.069160839161,577.958036929502,7252.25,1348.6375556085825,11916.775877286904
8,44,3700.214405594406,922.9701962758887,8549.59,2153.706999245207,9554.135810434018
8,45,6.166428571428571,6.839366375446079,11.97,15.9593357322207,28.29219287507784
8,46,17933.37125874126,3383.316113810566,39927.93,7894.807031011456,43761.549548493975
8,47,41.958333333333336,90.34189059882296,199.0,210.80849944321506,294.72516610988174
8,49,2272.3923076923074,816.239825527419,5422.56,1904.6567618263762,6449.441377210991
8,51,17.386666666666667,23.99484833597968,61.08,55.990835907316125,90.76416924064947
8,52,1945.2155944055946,715.2762481565659,3867.53,1669.0630621274922,5559.494250938682
8,54,67.89480314960629,77.97010835306006,516.5,181.9395347427855,317.7291410419981
8,55,7072.041048951049,3598.390346612882,30105.84,8396.672510972394,22540.754608874493
8,56,5129.931048951049,5671.430048349049,20219.79,13234.011932502113,23493.87403040421
8,58,2025.4351145038167,1694.2129922371562,7592.0,3953.3653354313074,8004.235564438941
8,59,620.9097202797202,1159.1875658608487,10063.28,2704.9089820082017,3946.728422567642
8,60,236.34545454545454,71.36630830852683,563.2,166.52988182559025,639.2207909164994
8,67,5298.26027972028,2746.7507375414366,16581.89,6409.412040057512,17005.93259949807
8,71,2299.2993006993006,897.1110836713513,5386.0,2093.3659914473615,6691.964592845963
8,72,37373.3693006993,18919.91624319171,153431.69,44148.72354763981,118895.46214903842
8,74,9137.057552447552,1655.7343653378905,14351.29,3863.5772919942883,22137.69239688939
8,77,333.0,161.10865898517062,477.0,375.93938341174095,1041.939383411741
8,78,7.228,8.156143969085173,19.76,19.031973539283833,33.48797353928383
8,79,21138.98622377622,2948.755894594185,29645.68,6880.781454133464,49158.75390168591
8,80,9188.915104895106,756.2232363685712,11990.43,1764.6109091392784,20142.44111892949
8,81,12591.407622377623,744.4968148968063,14447.05,1737.2478630715482,26920.063107826794
8,82,14826.027482517484,4939.384211531719,52047.77,11525.817833837495,41177.872798872464
8,83,2633.3274825174826,607.8303276031734,4845.79,1418.3431233148472,6684.998088349812
8,85,2321.86006993007,805.0204148408648,6232.03,1878.4768012810243,6522.196941141165
8,87,20204.175594405595,4388.737374578964,30284.41,10240.90966275838,50649.26085156957
8,90,39333.56615384615,3571.5735159420638,54111.86,8334.096713675413,87001.22902136772
8,91,31530.56090909091,2778.8579596805866,36590.37,6484.332713906377,69545.45453208819
8,92,60465.63,7622.74951388406,90573.29,17787.322979427798,138718.5829794278
8,93,27515.635314685314,3707.5812214192783,37248.48,8651.464217436065,63682.73484680669
8,94,25442.578041958044,3326.993194015539,37627.77,7763.380179884599,58648.536263800685
8,95,62951.46370629371,4566.389604094226,73945.03,10655.452680162778,136558.3800927502
8,96,16.986666666666668,17.753887837128335,36.96,41.42785179079409,75.40118512412742
8,97,16978.366503496505,1527.7432894661374,20638.56,3564.9162116493694,37521.64921864238
8,98,6880.466433566433,1439.984741510222,13205.59,3360.135819239218,17121.068686372084
8,99,298.1537142857143,629.6049394383831,2900.0,1469.1531430799068,2065.460571651335
9,1,11846.558251748253,4280.462419401212,27993.33,9988.25521113015,33681.37171462666
9,2,24969.477412587414,2269.1041713710265,34028.54,5294.846524423944,55233.80134959877
9,3,7497.356783216784,5253.188943153871,36042.32,12258.066231042374,27252.77979747594
9,4,17165.94776223776,1329.4676888627903,20918.69,3102.249539938844,37434.14506441436
9,5,19282.746013986016,8524.536437576648,66611.27,19891.599820891464,58457.09184886349
9,6,2806.4163636363637,2332.01124880617,20060.58,5441.637193852701,11054.469921125428
9,7,13826.694335664335,8957.903442856179,68215.32,20902.84108987115,48556.22976119982
9,8,21424.4706993007,1759.0258172538886,27052.74,4104.60297608603,46953.54437468743
9,9,13196.56972027972,4316.51976649224,31608.96,10072.393313441036,36465.53275400048
9,10,12810.48034965035,1821.0575396430302,17294.46,4249.351046201174,29870.311745501873
9,11,14721.070979020978,3551.417076554668,27952.28,8287.062622256582,37729.20458029854
9,12,6466.066013986015,1205.4008325584446,9170.34,2812.745439074955,15744.877467046985
9,13,22133.40062937063,1489.926295444862,26962.89,3476.6720570248044,47743.47331576607
9,14,7369.519580419581,3258.28195828957,26349.77,7603.045783490316,22342.08494432948
9,16,12013.562797202798,8956.925913201518,39190.81,20900.560070974,44927.6856653796
9,17,4951.019090909091,911.3122436509016,10112.59,2126.5037219708033,12028.541903788984
9,18,4100.968363636363,5591.468838759409,24941.32,13047.426257844161,21249.362985116888
9,19,1444.7647552447552,407.67894920872806,3949.66,951.2994134572424,3840.8289239467526
9,20,2567.934895104895,620.6441708167628,5724.91,1448.2436162318352,6584.113406441626
9,21,3614.4887412587414,614.0635317946302,7355.58,1432.8880084574357,8661.865490974918
9,22,4941.852587412588,1557.4680594173453,12979.66,3634.27754677501,13517.982721600187
9,23,11000.58972027972,3094.399843909745,27471.53,7220.634673992877,29221.81411455232
9,24,2477.753986013986,1043.0050626922214,6588.44,2433.8026437171807,7389.310615745153
9,25,5204.926433566434,1111.3005843309793,10129.19,2593.1669910861274,13003.019858218995
9,26,4032.770769230769,1102.5732703499796,7185.32,2572.802219524347,10638.343757985886
9,27,703.2374125874126,386.5780790086509,3023.7,902.0615377127838,2308.536362887609
9,28,246.34566433566434,102.98904541472281,600.4,240.32003292224337,733.011361593572
9,29,1919.3892307692306,589.4533095333562,5577.07,1375.4612268008343,5214.239688339296
9,30,1601.397972027972,349.851246263402,2469.68,816.3612225100741,4019.157166566018
9,31,1100.412027972028,557.2035930310424,3602.5,1300.2080491414058,3501.032105085462
9,32,4458.402797202797,2836.467854608994,23119.84,6618.762660218537,15535.568254624131
9,33,2564.0693006993006,908.9326518409414,5800.79,2120.9510578033833,7249.089659201984
9,34,5711.07909090909,1285.9732939103264,8842.85,3000.7574406110166,14422.915622429196
9,35,1445.7544055944056,417.7261250004827,2968.5,974.7440196998483,3866.2528308886594
9,36,800.5064084507043,758.7142031471548,5025.5,1770.423461492073,3371.4362783934816
9,38,78211.80265734265,8842.185528577524,103033.67,20632.818847630188,177056.4241623155
9,40,29158.154125874127,2119.4788572513926,36429.04,4945.702979395115,63262.01123114337
9,41,1008.2020979020979,661.0496119476444,3053.0,1542.52778891942,3558.9319847236156
9,42,3063.9082517482516,626.3298331688701,5242.16,1461.5108385673852,7589.327342063889
9,44,3328.3527272727274,887.8325344550493,6929.1,2071.714938714975,8728.420393260429
9,45,14.957647058823529,19.3619412538528,85.8,45.18016785986511,75.09546197751217
9,46,7773.091468531469,1810.2083170328403,21887.77,4224.03490190289,19770.21783896583
9,47,-3.0699999999999994,218.0745554378405,398.0,508.86658994931776,502.72658994931777
9,48,763.7878787878788,622.5168398130414,2694.0,1452.6134001542505,2980.189157730008
9,49,39.09710144927536,26.931119879155403,118.92,62.842485721945444,141.03668862049616
9,51,4.72,6.305172479797837,12.0,14.712819716152305,24.152819716152305
9,52,1672.207132867133,428.6540129364363,3490.13,1000.2437257895946,4344.657991523861
9,54,57.5238,57.5701599680553,380.0,134.33722667444053,249.38482667444055
9,55,8607.05048951049,3874.1760952190416,29166.26,9040.205421852674,26254.306400873655
9,56,3070.459645390071,3762.09938965816,18599.28,8778.679766752686,14919.599057532829
9,59,214.68418803418803,385.35024958099706,2896.19,899.1964562151502,1328.5648322835264
9,60,80.78,37.6223816364674,246.4,87.79003589246332,249.35003589246332
9,67,3493.406223776224,1545.559539862143,9768.45,3606.4895835014686,10593.302031053918
9,71,1389.0862937062936,527.799664246218,3773.16,1231.5953815983962,4009.7679690109835
9,72,32268.857132867135,15436.075386554188,139427.43,36019.34681643944,100557.06108217372
9,74,7289.247062937063,1417.7565807312646,14399.6,3308.26746461287,17886.761590486996
9,77,477.0,449.7199128346442,795.0,1049.3999999999999,2003.3999999999999
9,78,0.0,18.215070683365465,12.88,42.504,42.504
9,79,12208.863916083916,916.3201544812268,14962.72,2138.1894434062147,26555.917275574047
9,80,-10.334666666666667,52.55581901541401,14.36,122.6365008548201,101.96716752148677
9,81,2381.7839160839158,247.32671374609643,3112.22,577.1251083128814,5340.692940480712
9,82,9933.852097902098,3148.571723932789,33689.81,7347.042176248809,27214.746372053003
9,85,876.6294405594405,307.4360558082809,2512.14,717.3873954828283,2470.6462766017094
9,87,14689.862937062937,3040.3656915472848,22391.79,7094.54855267404,36474.274426799915
9,90,2981.2495104895106,452.80419663692646,4220.77,1056.597029372602,7019.0960503516235
9,91,869.2732867132868,287.36436976344845,1738.65,670.5510719527385,2409.097645379312
9,92,14123.063146853146,3117.120701606936,23780.19,7273.652713414669,35519.77900712096
9,93,21.24,19.318157262016477,34.9,45.077999999999996,87.55799999999999
9,94,599.1125675675676,1253.5467199308853,6614.75,2925.091574451033,4123.316709586168
9,95,29575.05076923077,5429.443089366062,42202.77,12669.346887638696,71819.44842610024
9,96,3596.107762237762,735.4848644897787,5493.42,1716.2189059646118,8908.434430440137
9,97,372.65555555555557,290.95467529802266,766.93,678.9288789398342,1424.2399900509454
9,98,27.93,26.85712453822148,75.77,62.66982111768851,118.5298211176885
10,1,39925.13895104895,23688.629824516567,140537.2,55276.28959358075,135126.56749567867
10,2,109795.29146853146,7946.179425154083,151090.5,18542.031274969868,238132.6142120328
10,3,32086.18146853147,22624.131036502175,120827.95,52792.33236540028,116964.69530246322
10,4,48579.82636363636,2732.129861652476,55495.92,6375.294922447209,103534.94764971994
10,5,58373.46027972028,32503.778966400467,259955.82,75846.02032039047,192592.94087983103
10,6,10556.55076923077,6217.121850887305,54564.47,14507.357766744062,35620.4593052056
10,7,58964.715664335665,49692.18556557506,406988.63,115954.34857181473,233883.77990048606
10,8,86739.84664335665,4154.671706547105,103627.76,9694.728573101034,183174.42185981432
10,9,64436.72251748252,10501.874833003445,106243.53,24505.624801643957,153379.069836609
10,10,48108.0634965035,4216.482765949898,57258.38,9838.961736645964,106055.08872965295
10,11,32911.81538461538,5631.06759717053,55009.94,13139.828074821096,78963.45884405186
10,12,9243.15853146853,1157.3817263255617,11797.58,2700.695141450452,21187.012204387513
10,13,62799.06748251749,4055.6549873486842,74020.63,9463.677774234078,135061.81273926905
10,14,40044.63776223776,11152.710098340744,107085.6,26024.31789917661,106113.59342365214
10,16,30273.874755244753,14937.607657806397,57856.62,34856.19610947872,95403.94561996823
10,17,27206.583356643358,4233.748507620996,50848.81,9879.250522604865,64292.41723589158
10,18,18255.93380952381,27268.59621577255,120109.74,63629.97068211498,100141.8383011626
10,19,3077.0884615384616,544.666398725342,4671.25,1270.9531032763794,7425.130026353303
10,20,15551.453776223778,1976.3017268949322,21318.94,4611.6059641017,35714.513516549254
10,21,9678.942097902098,1827.1695628122193,20989.48,4263.613161199193,23621.49735700339
10,22,25618.934125874126,5432.543483190224,49419.38,12676.581508980164,63914.449760728414
10,23,65729.84657342658,15821.85900509149,165214.36,36919.554518476194,168379.24766532934
10,24,15179.222937062936,7037.458607355001,40094.14,16421.574521815182,46780.02039594106
10,25,21141.616293706295,3422.6569223037695,36739.94,7986.606934139043,50269.839521551636
10,26,17197.121678321677,5105.481167078332,38350.56,11913.39716972228,46307.640526365634
10,27,4361.426503496504,1558.2302135879643,13078.92,3636.055997236779,12358.909004229787
10,28,1327.1272727272728,519.4960388537751,3065.03,1212.2192671810799,3866.4738126356256
10,29,15703.823426573426,3771.241353329822,40378.08,8800.012103621144,40207.658956768
10,30,11490.118951048951,1962.618261541508,15771.36,4579.676249334626,27559.914151432527
10,31,6122.35006993007,2572.6060682390016,17143.35,6003.053747372419,18247.75388723256
10,32,21571.249510489513,9730.987613547773,93131.81,22706.796186300366,65849.29520727939
10,33,14919.34258741259,6396.184209616943,45669.93,14925.191253516912,44763.87642834209
10,34,43753.47461538461,7260.807260412207,70060.8,16942.747967395768,104449.697198165
10,35,8592.219090909091,1980.4133830591716,14203.0,4621.200317955316,21805.6384997735
10,36,3654.7978321678324,2857.1512067809876,10653.5,6667.0262775275405,13976.621941863206
10,37,4048.2794405594404,420.45434408368317,5334.02,981.1101890070172,9077.669070125898
10,38,88068.00776223776,11620.74714746597,117989.51,27116.460064410472,203252.47558888598
10,40,99866.58160839161,7082.431366881786,119463.15,16526.516314474386,216259.6795312576
10,41,10875.343566433565,6712.7713180668625,42808.15,15663.932194546804,37414.61932741394
10,42,11608.84951048951,814.5939536084169,14674.16,1900.816198083236,25118.515219062258
10,44,8878.497692307692,1839.4938792641497,16459.9,4292.3713667301345,22049.36675134552
10,45,33.19303797468354,29.208583272836623,155.96,68.15683809354664,134.5429140429137
10,46,54965.004685314685,8691.967633842922,111262.63,20282.292543956257,130212.30191458562
10,47,-64.69444444444444,357.1802921650509,598.0,833.4632020971292,704.0743132082403
10,48,2175.0013986013987,1199.6995855175526,6414.0,2799.441850610301,7149.4446478130985
10,49,19815.52237762238,2731.7028142601016,26743.21,6374.29842769399,46005.34318293875
10,50,4257.66027972028,507.2773621854585,5520.0,1183.7075670544148,9699.028126494975
10,51,35.02846153846154,38.80910370994454,110.44,90.55919533674347,160.61611841366656
10,52,5158.843356643357,1253.9915193116556,12564.81,2926.129492623787,13243.816205910502
10,54,217.28359712230215,251.69792074192335,1039.0,587.325111671655,1021.8923059162594
10,55,20608.687972027972,14212.711158989236,115608.74,33164.684650571115,74382.06059462705
10,56,1265.8483916083917,1073.7206682561123,4933.43,2505.4760465593595,5037.172829776143
10,58,4554.738321678321,1812.4772310651401,9819.0,4229.329304746846,13338.805948103487
10,59,2006.511118881119,5481.527707778023,49196.79,12790.883864324913,16803.906102087152
10,60,505.59999999999997,184.4291360960484,1240.8,430.35660618024525,1441.5566061802451
10,67,13352.773566433567,5197.297826087253,30337.66,12127.646971018916,38833.19410388605
10,71,15768.505524475524,3360.3075261792233,28116.61,7841.1175874906185,39378.12863644167
10,72,142733.75216783216,74674.50569135738,693099.36,174249.4028751704,459716.90721083473
10,74,41975.974825174824,5269.473368528735,56702.8,12296.065162156337,96248.01481250598
10,77,1590.0,159.0,1590.0,371.01892808858145,3551.0189280885816
10,78,6.0,15.711688096991452,36.0,36.66247595099304,48.66247595099304
10,79,37787.772097902096,5198.3942375506485,63542.32,12130.20539495535,87705.74959075954
10,80,355.171958041958,261.4378048981093,1061.82,610.0526675165296,1320.3965836004456
10,81,10607.048111888113,907.8506500698928,12922.41,2118.426258197821,23332.522481974047
10,82,23516.40797202797,9853.221793698416,92559.49,22992.02382463545,70024.8397686914
10,83,279.449020979021,116.8672443796546,927.08,272.70414929814933,831.6021912561913
10,85,2933.4715384615383,951.0269724920925,9843.8,2219.1761504235537,8086.11922734663
10,87,24066.091538461536,3963.780640709732,34870.76,9249.293361599972,57381.476438523045
10,90,14291.86979020979,1146.4217145440527,16928.39,2675.120475896907,31258.860056316487
10,91,12703.554405594406,917.3745757488888,16363.1,2140.6498852205655,27547.75869640938
10,92,50450.73195804196,3980.613934907789,63422.11,9288.573051974581,110190.0369680585
10,93,1420.4184615384615,258.78387179621893,2480.04,603.8598410090947,3444.6967640860175
10,94,393.8331683168317,979.026054221164,5557.5,2284.510674263709,3072.1770108973724
10,95,73344.65468531469,7603.0181535278625,96923.06,17741.280789685115,164430.5901603145
10,96,11079.676643356643,1508.7824943469498,15015.12,3520.6720991913307,25680.025385904617
10,97,5323.506503496504,427.66434451986214,6720.96,997.9343816695917,11644.947388662598
10,98,198.17909090909092,299.4626637172551,1595.91,698.7818647479706,1095.1400465661525
11,1,18860.911958041957,9533.12031493925,54900.47,22245.082267850572,59966.90618393449
11,2,57114.326223776225,4700.147144769128,79290.96,10967.569531514771,125196.22197906722
11,3,17628.778671328673,12701.664486518928,71237.75,29638.72919955381,64896.28654221116
11,4,28837.74454545455,2171.611723518308,35035.34,5067.352540153205,62742.8416310623
11,5,36663.363916083916,15084.70078020135,113522.16,35199.43090570625,108526.15873787408
11,6,5925.281678321679,3427.554478304474,29055.34,7998.035147834862,19848.59850447822
11,7,34844.10846153846,27686.84470408585,235557.3,64605.93361172925,134294.15053480616
11,8,34415.44958041958,2555.7584928317287,44421.19,5963.740732476205,74794.63989331537
11,9,19056.162167832168,3909.4915812963404,33302.1,9122.612426816992,47234.93676248133
11,10,23449.992727272725,2836.6168730986833,30300.93,6619.110387767656,53519.09584231311
11,11,18045.04020979021,3412.8543878215046,31902.1,7963.7331867418025,44053.81360632223
11,12,4293.703496503496,622.287328673118,5722.72,1452.0778468390383,10039.48483984603
11,13,41228.14615384616,2927.22791718293,48342.85,6830.546944051457,89286.83925174378
11,14,24644.51307692308,7147.821005113752,71276.63,16679.09992129781,65968.12607514397
11,16,15371.136433566431,8993.257658683433,37178.63,20985.3384688626,51727.61133599546
11,17,13373.138321678322,2494.5546412183335,26159.6,5820.924459391334,32567.201102747975
11,18,11033.074285714287,17188.391964015555,82779.39,40108.294100977604,62174.44267240618
11,19,1435.5870731707316,717.6829292036564,2631.28,1674.6789377397101,4545.853084081174
11,20,9634.961958041958,1564.508561902156,14324.46,3650.7062240399127,22920.63014012383
11,21,7571.596573426574,1335.6864333474073,15574.1,3116.760684044123,18259.95383089727
11,22,15500.204265734266,3203.0502672101993,29203.59,7474.165262604859,38474.57379407339
11,23,34322.4834965035,7536.115476455226,78141.44,17585.166578781053,86230.13357178804
11,24,8592.320839160839,3512.202828673617,21796.57,8195.558042290373,25380.19972061205
11,25,11419.655384615384,2196.755732000839,19989.32,5126.024886537098,27965.335655767863
11,26,11332.874685314686,2935.93353683139,23319.16,6850.861092921385,29516.610463550758
11,27,2203.137482517482,877.0533664616916,6865.4,2046.5622635289221,6452.837228563886
11,28,912.481958041958,322.36682899607416,1903.52,752.2276436820031,2577.191559765919
11,29,9225.784755244755,2419.025814131876,24904.11,5644.681538225263,24096.251048714774
11,30,6765.267762237762,1231.4449400439087,9300.96,2873.5181236176004,16404.053648093126
11,31,2947.0454545454545,1483.1067792015856,10159.97,3460.759040630697,9354.849949721607
11,32,10765.95909090909,5018.599949732335,44232.94,11710.66398651006,33242.58216832824
11,33,8348.490559440559,2857.965657637914,19660.99,6668.9267598163315,23365.90787869745
11,34,22379.14020979021,4068.139454102232,36073.9,9492.809682867151,54251.090102447575
11,35,4222.688881118881,1065.2628615339636,7061.72,2485.7401573516113,10931.117919589373
11,36,2976.055244755245,2030.9267959140566,8535.0,4739.07096129818,10691.18145080867
11,37,3933.2597902097905,449.32179189741004,5265.38,1048.4710037523128,8914.990584171894
11,38,73555.42538461539,8536.281092547342,93572.4,19919.00541396063,167029.8561831914
11,40,53640.645104895106,3587.7087583803354,64097.44,8371.747533511243,115653.03774330145
11,41,1295.7497202797201,948.0672364126268,7355.56,2212.269747230922,4803.769187790362
11,42,6152.948111888111,681.2628702120113,7776.74,1589.6944644818293,13895.590688258051
11,44,5414.242097902098,1434.5226407851308,11668.63,3347.390267313839,14175.874463118034
11,45,17.969577464788735,32.204158002904784,267.22,75.14686907064808,111.08602400022555
11,46,27483.85986013986,5273.500306166617,65092.31,12305.461829363172,67273.18154964289
11,47,0.92,173.3727126741691,396.0,404.5569686552192,406.39696865521915
11,48,7.5,45.0,30.0,105.00535700620232,120.00535700620232
11,49,8122.6477622377615,1739.6324834287814,14097.94,4059.3495551561223,20304.645079631646
11,50,19.75,0.5000000000000002,20.0,1.166726188957804,40.6667261889578
11,51,14.503333333333334,14.92584320573879,50.23,34.82874432082668,63.83541098749335
11,52,2558.425804195804,804.7474406956601,5004.49,1877.8398291127867,6994.691437504395
11,54,243.77647482014387,285.6508204258248,1371.0,666.552586176185,1154.1055358164726
11,55,12609.361258741259,6670.666016889386,58041.69,15565.681479391367,40784.40399687389
11,56,3346.9165734265734,3317.812017930082,16470.06,7741.956342715929,14435.789489569077
11,58,3298.4962937062937,2100.541346151965,14475.0,4901.513199088353,11498.50578650094
11,59,1057.4063636363635,2633.3481556086062,25636.25,6144.7925155845805,8259.605242857308
11,60,187.70714285714286,85.6149713651699,422.4,199.77845851723228,575.192744231518
11,67,10119.990979020979,4179.976761455606,26357.82,9753.77671365056,29993.758671692518
11,71,9661.256013986014,2192.223954107374,16165.72,5115.450198635406,24437.962226607437
11,72,72246.88888111888,27106.6459775202,245767.47,63252.06751356103,207745.84527579878
11,74,23297.207762237762,3393.594038809007,33083.34,7918.790079539106,54513.20560401463
11,77,339.424,326.9773981179739,835.0,762.9861871630443,1441.8341871630441
11,78,10.833333333333334,7.960318251594384,24.0,18.575023553147922,40.241690219814586
11,79,31344.327972027975,4121.855610025413,44639.88,9618.153774638584,72306.80971869454
11,80,13446.621538461537,1290.8461935911998,17042.87,3012.128119958695,29905.37119688177
11,81,12944.031468531468,885.3878443760992,16183.73,2066.010370836982,27954.07330789992
11,82,22978.825454545455,8593.441512386036,81865.75,20052.386531555887,66010.03744064679
11,83,3327.5896503496506,581.0939783129464,5109.16,1355.955125486785,8011.134426186086
11,85,1925.0432167832166,536.9670352454458,4228.75,1252.987005255779,5103.073438822212
11,87,14801.95202797203,2466.5051586885857,22519.33,5755.472327682992,35359.37638362705
11,90,48995.984195804194,3596.5694887022496,59993.61,8392.423625750982,106384.39201735937
11,91,42030.3706993007,3545.7779360781155,49632.19,8273.903956502172,92334.64535510357
11,92,77392.74160839162,8280.069664102277,102491.94,19321.14824700634,174106.63146378958
11,93,32623.853706293707,4030.818654194499,45972.15,9405.723373576739,74653.43078616416
11,94,37474.038531468526,4539.442369171518,54251.43,10592.572590754135,85540.64965369119
11,95,77487.2790909091,6408.836149519883,91945.02,14954.713952768674,169929.27213458688
11,96,21685.29881118881,2720.94043186695,32970.33,6349.184920906653,49719.78254328428
11,97,16596.197552447553,1445.7553732039844,20715.34,3373.601313487103,36565.99641838221
11,98,9570.35146853147,2149.185978755074,17784.94,5015.023132708909,24155.72606977185
11,99,520.938125,1314.1746143130756,6280.0,3066.563878765172,4108.440128765172
12,1,17330.08762237762,9266.648895783641,55235.63,21623.283901175368,56283.45914593061
12,2,74494.84622377623,4894.899166197892,91133.66,11422.014099021591,160411.70654657405
12,3,17535.25167832168,14576.256414219051,87706.87,34013.00019086706,69083.50354751042
12,4,26673.78818181818,1844.8748212260505,32514.29,4304.927538546557,57652.50390218292
12,5,27756.204615384617,14443.941775827765,103632.86,33704.25028327987,89216.6595140491
12,6,6741.174895104895,3735.370786713066,28099.33,8716.309844652094,22198.659634861884
12,7,34242.44916083916,29167.596527737805,271698.17,68061.19747573278,136546.0957974111
12,8,42229.66503496503,2210.218526342713,48404.67,5157.439676007532,89616.76974593759
12,9,19553.03048951049,4572.634919879705,29671.1,10670.025827133239,49776.08680615421
12,10,17975.211118881118,2463.1685094866943,23488.87,5747.686415668568,41698.108653430805
12,11,17789.77699300699,3573.2979780991363,31703.53,8338.12066399646,43917.67465001044
12,12,4878.27965034965,732.117623660174,6544.18,1708.3616098437565,11464.920910543056
12,13,46974.984965034964,2515.666457371664,55628.11,5870.18787699644,99820.15780706637
12,14,19719.23965034965,4928.5090268150825,45083.58,11500.441108200188,50938.92040889949
12,16,7579.577552447553,3775.6250677476605,14896.99,8810.241292453553,23969.39639734866
12,17,11666.80916083916,1974.8331759190592,18206.41,4608.179170334959,27941.79749201328
12,18,9893.141315789475,16154.522014502749,74198.84,37695.80780883146,57482.09044041041
12,19,2949.156083916084,508.48019786672563,4323.23,1186.5143268351094,7084.826494667277
12,20,6558.721328671329,1283.0395343459616,9874.89,2993.911652379317,16111.354309721974
12,21,4225.581188811188,600.696251765563,7707.45,1401.6960970873452,9852.858474709723
12,22,10085.826153846154,2412.901747358755,18021.86,5630.39132005101,25802.04362774332
12,23,38809.980769230766,8017.603349067626,87541.72,18708.695600065985,96328.65713852752
12,24,11182.713076923077,4917.375310859404,30074.36,11474.461112228373,33839.887266074526
12,25,20129.94979020979,2921.3682246994736,32004.76,6816.873630692081,47076.773211111664
12,26,13748.23,3165.171665082679,26210.13,7385.777348398278,34882.23734839828
12,27,2017.1763636363635,591.6307108437189,4009.07,1380.5420890661767,5414.894816338903
12,28,880.1588811188811,242.5473283192284,1543.04,565.9726400235809,2326.290402261343
12,29,6973.458391608392,2035.8380149249574,17660.01,4750.53105697763,18697.447840194414
12,30,5950.70013986014,1150.0320658860674,9118.42,2683.5450588210415,14584.945338541322
12,31,3510.6525874125873,1967.3233826065052,11338.83,4590.655425272124,11611.9606000973
12,32,9506.941888111887,4486.840826117101,40955.95,10469.829395031775,29483.71317125555
12,33,10888.284195804195,3924.631138389629,26178.8,9157.939862316916,30934.508253925305
12,34,23284.51090909091,4179.749898708629,37267.5,9753.247340234167,56322.26915841599
12,35,2952.662307692308,628.4021732729882,4837.0,1466.3465455111896,7371.671160895805
12,36,2468.5036363636364,1930.2912806396462,9192.8,4504.242778878344,9441.250051605617
12,38,51935.88314685315,7861.435863882098,83801.71,18344.286210406714,122216.05250411302
12,40,48414.82167832168,4069.4228580292183,59633.6,9495.804444812406,106325.44780145577
12,41,770.4512587412587,625.8230449945828,4246.0,1460.328272496995,3001.2307899795123
12,42,5995.964685314685,818.0719192296714,8323.14,1908.931865232461,13900.86123586183
12,44,6753.6625874125875,1327.205198302965,13088.38,3096.9701259620083,16604.295300787184
12,45,27.718170731707314,32.92489943470299,150.97,76.82868487853992,132.26502634195455
12,46,32805.734195804194,5519.449647642009,62193.89,12879.372905075705,78490.8412966841
12,47,-43.89909090909091,350.1984379762979,623.0,817.1713778381234,729.3731960199416
12,49,26.183157894736844,34.27967990129631,130.68,79.99000057986571,132.3563163693394
12,51,13.154,18.33998921603948,43.48,42.79549144711391,69.10349144711391
12,52,3806.9972027972026,794.9603285871137,7479.45,1855.0020690901727,9468.996474684578
12,54,129.7179411764706,128.04616253880874,552.0,298.7896224591516,558.2255048120928
12,55,14179.372727272728,6998.034090678628,59407.33,16329.579289628526,44688.32474417398
12,56,1000.4153146853146,1044.019422831309,4380.3,2436.169604795797,4437.000234166426
12,58,2580.6601459854014,1677.2168031053995,8322.0,3913.7055374863066,9075.02582945711
12,59,1250.0244755244755,2720.2152726078734,26504.68,6347.492796309192,8847.541747358144
12,60,419.50209790209794,101.17204665191284,765.6,236.08015283849474,1075.0843486426907
12,67,6223.47020979021,2522.6013119024433,17117.37,5886.370029791786,18333.310449372206
12,71,7628.997132867134,2061.244528643179,16317.41,4809.81594682796,20067.810212562228
12,72,60536.22223776223,38871.91958618612,360140.66,90705.77319253027,211778.21766805474
12,74,17777.107482517484,2775.2592685319487,25745.89,6475.935339488204,42030.15030452317
12,77,217.88,163.11425983034098,477.0,380.6193574730533,816.3793574730532
12,78,8.090909090909092,8.287997893997627,20.0,19.339648393908305,35.52146657572649
12,79,43270.33762237762,3596.878128466715,54923.84,8393.143821943295,94933.81906669853
12,80,56.4754609929078,58.89431647906246,323.78,137.4270828337826,250.3780048195982
12,81,7305.6124475524475,583.6497592303126,9177.09,1361.9189185458442,15973.143813650739
12,82,15254.526993006992,3142.3286879884126,35005.85,7332.47434917899,37841.528335192976
12,83,208.08601398601397,70.24579460260887,398.84,163.91521645402898,580.0872444260569
12,85,2284.13979020979,446.24638720827164,3751.11,1041.2946933673902,5609.5742737869705
12,87,11452.455664335665,1688.226043566273,16015.79,3939.395075818776,26844.306404490104
12,90,11060.175454545455,1413.0303440218036,14253.65,3297.239016324586,25417.589925415497
12,91,6779.841468531468,930.7984898083574,8900.5,2171.9739494035675,15731.656886466504
12,92,24682.599160839163,2788.282092250364,33014.5,6506.323478461115,55871.52180013944
12,93,562.8972027972028,167.27386752962263,1066.56,390.32560395013815,1516.1200095445438
12,94,355.264,781.1465664509298,3863.15,1822.7683129855338,2533.296312985534
12,95,43405.85335664336,5404.013379164084,57821.42,12610.007869898187,99421.7145831849
12,96,6.4411764705882355,26.50751588756313,99.0,61.85402598046991,74.73637892164638
12,97,2394.8947552447553,257.87353557600255,3047.26,601.735614791328,5391.525125280838
12,98,747.6098601398602,225.7021804545807,1424.82,526.6652896824788,2021.885009962199
12,99,29.88,2.988,29.88,6.972355705211834,66.73235570521183
13,1,47020.45545454545,28048.186207679828,172225.55,65449.10680253022,159490.01771162113
13,2,76339.95999999999,7273.697369741214,131234.4,16972.826423661132,169652.74642366113
13,3,26116.623706293707,19783.30762534698,131564.25,46163.40622140187,98396.65363398928
13,4,42563.27545454545,3525.3635333582256,53591.31,8226.267919931717,93352.81882902262
13,5,56786.93475524476,30808.44023168955,224823.65,71890.02811850683,185463.89762899635
13,6,7886.826993006993,5308.371297816607,41057.9,12386.831627749118,28160.485613763103
13,7,59896.738601398596,40601.744987422295,292165.78,94742.23838842363,214535.71559122083
13,8,36238.867972027976,3012.34206564756,56570.18,7029.15675618051,79506.89270023647
13,9,41236.445174825174,15798.916945986031,78055.34,36866.02031610228,119338.91066575263
13,10,29431.879230769235,4732.234681351511,51316.61,11042.444270054388,69906.20273159286
13,11,21280.78979020979,3539.897379700109,34684.93,8260.181958238445,50821.76153865803
13,12,7926.647482517483,1296.3848395379196,10750.9,3025.052286513501,18878.34725154847
13,13,47698.818181818184,3091.2998746631542,58308.96,7213.401043382954,102611.03740701932
13,14,26378.644195804198,10781.802173699603,96229.91,25158.821920435,77916.1103120434
13,16,22255.4820979021,18580.840304252295,65226.89,43357.505991627666,87868.47018743187
13,17,17713.297902097904,3739.37209142309,41334.01,8725.646698642466,44152.24250283827
13,18,17013.65641025641,21038.199824798932,83384.91,49091.63740824077,83118.95022875359
13,19,3979.954055944056,909.0779400341164,6593.71,2121.2900808832305,10081.198192771342
13,20,8781.979230769231,1467.8783779348198,12450.8,3425.2242914829094,20989.18275302137
13,21,9117.091258741259,2355.508918100698,24690.92,5496.467886143491,23730.65040362601
13,22,16476.987692307695,4521.543321627371,40342.35,10550.806015699822,43504.781400315216
13,23,30216.25874125874,9466.54806923661,87705.68,22089.739102812568,82522.25658533005
13,24,10426.793076923077,4463.086080945549,30431.82,10414.398828424437,31267.98498227059
13,25,15181.84013986014,3604.410662687753,32289.96,8410.720631833105,38774.400911553385
13,26,12958.888391608392,3516.0221292700085,30013.78,8204.470198348996,34122.24698156578
13,27,2685.00013986014,1451.3376840325402,12727.79,3386.6273699642607,8756.62764968454
13,28,1410.3867132867133,481.03418790506726,3049.99,1122.470369625782,3943.2437961992086
13,29,6152.025944055944,2110.9637918173103,20849.56,4925.833479709849,17229.885367821735
13,30,4520.36055944056,773.6514799448207,6730.96,1805.2788855551703,10846.00000443629
13,31,3977.7390909090905,2069.614692364397,13762.86,4829.347325266779,12784.82550708496
13,32,10234.196643356643,4033.9892756288596,37105.21,9413.121867702219,29881.515154415505
13,33,10897.80006993007,4194.268521945776,29124.86,9787.12585615095,31582.72599601109
13,34,19201.303636363635,3689.904383618723,32249.57,8610.216158236331,47012.8234309636
13,35,3660.573986013986,843.7598990226952,6241.1,1968.8735427643405,9290.021514792312
13,36,2464.866713286713,1941.1489581633243,15148.0,4529.578652314612,9459.312078888037
13,37,3510.937272727273,422.8082203622461,4407.38,986.6028472065491,8008.477392661095
13,38,83485.8958041958,9104.993288354764,105751.67,21246.068239617067,188217.85984800867
13,40,77752.30671328671,4200.427797671379,87474.15,9801.498232739095,165306.11165931253
13,41,2757.62958041958,2336.3540284138744,15781.49,5451.770863255063,10967.030024094223
13,42,8015.876363636364,840.4346310719197,9730.74,1961.1141883573969,17992.866915630126
13,43,1.07,0.10700000000000001,1.07,0.24967940443696995,2.3896794044369702
13,44,10270.138111888113,2734.884666062412,24835.68,6381.723127348266,26921.99935112449
13,45,22.433516483516485,16.997215874870435,83.58,39.662193801161315,84.52922676819429
13,46,41422.69055944056,6317.273314642151,82662.65,14741.056437994534,97586.43755687565
13,47,221.294,273.27730267989693,625.0,637.6795717687685,1080.2675717687684
13,48,1321.4335251798561,827.2467304790075,4506.0,1930.340850359151,4573.207900718863
13,49,9206.92944055944,1769.5509430778118,15298.31,4129.162855967725,22543.0217370866
13,50,2175.7954545454545,590.8415717297852,3804.0,1378.7006705242618,5730.291579615171
13,51,21.39894736842105,33.390528045508574,154.24,77.91520706764975,120.71310180449186
13,52,4579.38027972028,1184.9851387883386,10922.34,2765.1063899003043,11923.866949340863
13,54,114.98285714285714,102.17527855901618,526.6,238.4211467177258,468.3868610034401
13,55,20055.629999999997,14455.6231258032,104016.89,33731.50815715731,73842.7681571573
13,56,6751.401468531469,8108.71250956266,39145.77,18921.294487273015,32424.097424335952
13,58,7501.69125874126,2657.734463672277,17300.0,6201.696804124334,21205.079321606856
13,59,1327.8363636363638,2579.6616512094147,20704.07,6019.51761423231,8675.190341505036
13,60,950.9734265734267,330.4932542728612,2930.4,771.1902700680753,2673.1371232149286
13,67,16219.265594405595,6148.920890804098,38959.51,14348.214074261774,46786.74526307297
13,71,9723.25020979021,2301.127589631972,16990.6,5369.571645913934,24816.072065494354
13,72,77119.18944055944,31225.80161316678,268877.83,72863.92102656502,227102.2999076839
13,74,29780.093496503498,4131.8794534865165,42403.67,9641.543935998749,69201.73092900575
13,77,1272.0,127.2,1272.0,296.8151424708652,2840.8151424708653
13,78,11.35,6.155833470317868,22.8,14.364344249365711,37.06434424936571
13,79,53337.985174825175,4822.270179605063,67129.45,11252.537817550956,117928.5081672013
13,80,18874.443636363638,1397.1156431828074,25142.22,3260.102819808015,41008.99009253529
13,81,33276.243216783216,2992.71147064128,39255.1,6983.349697583208,73535.83613114964
13,82,32619.534055944056,14281.135510597924,135127.14,33324.34961653974,98563.41772842786
13,83,5037.178251748252,811.658456804247,8477.46,1893.9663560851818,11968.322859581685
13,85,4806.598951048951,1951.4689810256348,17807.36,4553.659934202814,14166.857836300715
13,87,15365.753356643356,2992.355401415918,26830.18,6982.518827002585,37714.025540289294
13,90,115592.10804195804,11183.800745847122,161045.84,26096.866444531308,257281.08252844738
13,91,81272.99097902098,5357.409455735421,92448.61,12501.259833953376,175047.24179199533
13,92,162034.0993006993,18348.882235904508,234456.79,42816.24288546481,366884.4414868634
13,93,50024.9372027972,5710.308611455959,69148.14,13324.733208033877,113374.60761362828
13,94,75522.8744055944,9706.614760757444,103929.39,22649.923295000186,173695.67210618898
13,95,136844.83405594405,14056.88107682595,178572.1,32801.06257479641,306490.7306866845
13,96,9165.07993006993,1482.7664664310867,14332.19,3459.964936987141,21790.124797127
13,97,27556.75923076923,2892.8945900839053,35028.48,6750.431760290484,61863.95022182894
13,98,14980.825384615384,2138.7978604224304,24828.99,4990.782953283532,34952.4337225143
13,99,732.6046511627907,2070.103641095743,12225.0,4830.488263846618,6295.697566172199
14,1,30611.78335664336,24101.579424797394,156677.0,56239.88782031534,117463.45453360205
14,2,77704.85797202797,9354.80456891226,117588.65,21828.990966264097,177238.70691032003
14,3,19418.273986013988,14854.823548388658,85410.05,34663.02333250427,73499.57130453225
14,4,52936.32328671329,5974.365371590312,68947.86,13940.897082874071,119813.54365630065
14,5,33468.32503496503,21529.674492910028,165840.41,50238.47014122989,117175.12021115996
14,6,7016.82979020979,5072.287453212283,41942.26,11835.9412191697,25869.60079958928
14,7,53256.150279720285,45807.03255182415,356867.25,106888.52903331169,213400.82959275227
14,8,53425.35986013986,5561.924327442412,71077.56,12978.485547657157,119829.20526793688
14,9,22025.603496503496,7306.367255185399,38106.13,17049.060045537095,61100.26703854409
14,10,20165.667132867133,2914.3626503426344,28633.95,6800.52645655045,47131.86072228471
14,11,20359.693076923075,6316.14871649081,46137.84,14738.432241764089,55457.81839561024
14,12,5467.9193006993,1026.827269107422,7668.7,2396.0525328073027,13331.891134205904
14,13,60009.83370629371,6327.059587370998,75481.36,14763.892239364593,134783.55965195203
14,14,24775.07797202797,10063.444852723182,85961.55,23482.56932160948,73032.72526566542
14,16,29647.14013986014,28361.802461568208,114476.9,66180.91539591904,125475.19567563932
14,17,23075.393916083918,4740.3259487204805,48016.32,11061.32485713686,57212.1126893047
14,18,14279.86368852459,21968.529170747428,115126.75,51262.51663278896,79822.24400983815
14,19,1041.9577622377622,1082.5121866993939,3598.59,2525.990636176324,4609.906160651848
14,20,11375.547132867132,2131.397778733715,16474.05,4973.515215070229,27724.609480804495
14,21,8697.367412587413,2240.887526465487,21621.87,5229.004327272313,22623.73915244714
14,22,18677.51307692308,5337.117079983713,53886.03,12453.908541501996,49808.93469534815
14,23,35968.2506993007,11694.732110771172,112949.82,27289.100452964994,99225.60185156639
14,24,9186.777342657342,3503.941955105596,24786.24,8176.281687219414,26549.836372534097
14,25,14231.12853146853,3401.799644229126,32841.47,7937.937469018919,36400.19453195598
14,26,12048.150699300699,3651.7166842117163,25506.6,8521.106980247925,32617.408378849323
14,27,2564.0113286713286,1004.6737444053756,9256.82,2344.3583379121005,7472.380995254758
14,28,1223.8126573426573,496.80544324226395,2583.37,1159.271842895078,3606.8971575803926
14,29,9880.402307692308,3808.6386013125484,40615.45,8887.276800853937,28648.08141623855
14,30,6691.436433566434,1593.7573523720616,10757.5,3718.9568837130687,17101.829750845936
14,31,3804.0863636363633,2259.602097229729,14063.24,5272.673886923803,12880.84661419653
14,32,12817.232867132867,7301.7659051739965,67652.68,17038.323014411366,42672.7887486771
14,33,9513.732027972028,3390.1915386878845,24606.41,7910.850507540614,26938.31456348467
14,34,24504.491538461538,5627.308490422963,41213.24,13131.056378242147,62140.03945516522
14,35,4034.9920279720277,1050.8102539419383,7735.38,2452.0156857989186,10521.999741742973
14,36,3415.6436363636362,2922.0512083901417,13457.86,6818.467340609148,13649.75461333642
14,38,103360.02734265734,11313.4010818496,129530.62,26399.28265675495,233119.33734206963
14,40,72356.46104895105,6878.502684230063,95341.8,16050.658445015526,160763.58054291763
14,41,4054.56986013986,2771.748371262398,24409.1,6467.742827905953,14576.882548185673
14,42,7869.01034965035,1135.0751046202845,10489.91,2648.643701989009,18386.66440128971
14,43,0.25,0.025,0.25,0.05833630944789018,0.5583363094478901
14,44,5377.1242657342655,1435.328965526566,12991.8,3349.2717876991137,14103.520319167645
14,45,11.741176470588234,18.344850054699595,67.96,42.80683398264402,66.2891869238205
14,46,32701.435594405593,6805.23000059437,75263.52,15879.680127149559,81282.55131596075
14,47,-7.777916666666666,148.14895547561073,298.0,345.69853244027723,330.1426991069439
14,49,11864.542657342658,2094.6432337552937,19411.82,4887.750234691126,28616.83554937644
14,50,2186.9216783216784,553.7509257474677,3677.0,1292.151414458397,5665.994771101754
14,51,34.00833333333333,40.21553692075441,168.08,93.84104025688727,161.85770692355393
14,52,2370.137202797203,740.6216880027267,5213.55,1728.2054390058333,6468.479844600239
14,54,148.6854887218045,154.74053547434852,708.0,361.0796704625528,658.4506479061617
14,55,15850.217832167831,11970.67789877581,73281.45,27933.006808160215,59633.44247249588
14,56,5950.53993006993,6624.692274040804,34425.84,15458.403939819662,27359.483799959522
14,58,8157.243916083915,3644.797376944918,28085.0,8504.961106252686,24819.448938420515
14,59,1368.092867132867,3402.5837633059905,30901.24,7939.767173543399,10675.952907809133
14,60,371.4053146853147,144.04500317806685,1003.2,336.1221551927212,1078.9327845633507
14,67,14631.92013986014,6726.704269751386,42449.61,15696.444073786437,44960.284353506715
14,71,9795.648461538462,2717.724920492105,18707.56,6341.681678242806,25932.97860131973
14,72,94140.83286713286,52070.68699330064,474330.1,121504.46838421663,309786.13411848235
14,74,25990.076923076922,4286.121298564566,40931.48,10001.459936170215,61981.61378232406
14,77,248.25,82.09902557278009,318.0,191.57416644735792,688.0741664473579
14,78,5.98,6.990450629251307,12.88,16.311883643528112,28.271883643528113
14,79,37782.09083916084,4652.164186230804,52228.58,10855.603582814094,86419.78526113577
14,80,35638.00020979021,3534.043522395243,48501.73,8246.522260990429,79522.52268057085
14,81,40388.74888111888,5688.830915811171,61048.84,13274.616028059394,94052.11379029715
14,82,26844.946503496503,13564.569438662998,128113.46,31652.276812049542,85342.16981904255
14,83,10933.487902097902,2349.7317964352155,18615.53,5482.9872478556645,27349.96305205147
14,85,2385.044335664336,952.8796161780083,7190.71,2223.499206237884,6993.587877566556
14,87,17387.930699300698,2546.7490779571444,28228.89,5942.717691913477,40718.579090514875
14,90,107174.74398601399,12869.450470364605,166263.81,30030.249802539412,244379.7377745674
14,91,91406.43461538461,13512.868239650843,162497.78,31531.63452627354,214344.50375704275
14,92,182527.95601398603,24672.92039240563,293966.05,57573.08475978139,422628.9967877534
14,93,62088.62293706294,9910.251685564826,103827.72,23125.100361423396,147302.34623554928
14,94,64541.16566433566,10444.877196228668,90943.29,24372.623530576286,153454.9548592476
14,95,144446.93251748252,20360.19222694536,213042.66,47509.53896678451,336403.4040017495
14,96,5.193846153846153,9.992980485038434,18.88,23.318144075277186,33.705836382969494
14,97,25684.497762237763,3924.706897346535,45017.96,9158.116642235056,60527.11216671058
14,98,17768.013706293706,2958.0996208421207,33759.9,6902.584594365302,42438.61200695272
14,99,635.5560465116279,1476.3019281542959,6910.0,3444.8802447730372,4715.992337796293
15,1,13845.747832167832,8216.625994430064,50479.15,19173.10546514602,46864.601129481685
15,2,26317.41076923077,3437.5769458389577,45445.84,8021.422098535786,60656.24363699733
15,3,10470.811958041959,7184.796514651982,39195.6,16765.380511954434,37707.00442803835
15,4,13082.172447552446,1342.7523148674873,16610.51,3133.248582079224,29297.593477184117
15,5,16465.706993006992,12008.901958500866,83150.97,28022.200831219237,60953.61481723322
15,6,4244.143776223776,3343.8660711588927,27586.99,7802.752235177036,16291.039787624588
15,7,22267.22006993007,16165.455415736007,118878.66,37721.32037993791,82255.76051979806
15,8,20416.96727272727,1888.9799732381025,33355.73,4407.84481038741,45241.77935584195
15,9,15954.692937062937,6102.961210064034,30887.02,14240.96934795063,46150.355222076505
15,10,11524.856293706292,2188.1216008976835,22749.32,5105.877552783204,28155.59014019579
15,11,14041.217832167831,6842.795044749893,53415.0,15967.33636876077,44049.77203309644
15,12,3658.448111888112,892.1171923709772,5968.07,2081.7129839174518,9398.609207693677
15,13,18879.25034965035,1829.9618042005623,23493.34,4270.128723506536,42028.62942280724
15,14,12785.902867132867,5174.061073618133,46058.28,12073.42511571481,37645.230849980544
15,16,14527.97944055944,14100.3545676334,57305.44,32902.50589529735,61958.46477641623
15,17,11225.805174825175,2415.8031723861654,26551.79,5637.161657180564,28088.772006830914
15,18,6269.619545454546,11258.247409220048,59585.47,26270.584188206743,38809.82327911584
15,19,1117.3504895104895,254.16788748231642,1844.34,593.0886614353977,2827.7896404563767
15,20,4452.4345454545455,752.4942394676588,6457.0,1755.9094724536046,10660.778563362695
15,21,3068.5462937062935,797.2962310161164,8520.87,1860.452786167708,7997.545373580295
15,22,8515.664685314685,2194.909952515234,21101.3,5121.717848007305,22153.047218636675
15,23,21542.936363636363,7028.047718368261,68364.99,16399.614660530773,59485.4873878035
15,24,4822.264615384615,1943.0457479039353,11078.63,4534.004720845247,14178.533951614478
15,25,8952.884335664336,2130.593704604939,19580.27,4971.638946382416,22877.407617711087
15,26,4955.726223776223,1575.1128023695503,12137.44,3675.4507141745426,13586.90316172699
15,27,1561.3046153846153,602.3028418305361,4858.18,1405.4449984947921,4528.054229264023
15,28,695.4651048951049,242.66562749764725,1519.16,566.2486855227678,1957.1788953129776
15,29,4687.4109790209795,1341.8290182724131,14489.26,3131.0941134439267,12505.916071485886
15,30,3397.482097902098,731.3464294997593,5427.4,1706.562064996302,8501.526260800498
15,31,2359.40993006993,1011.4848164744967,7399.8,2360.2516502279454,7079.071510367805
15,32,5126.108951048951,2495.9213088928736,23585.33,5824.11351332631,16076.33141542421
15,33,4277.763986013986,1589.9466767053527,9968.16,3710.064853517122,12265.592825545094
15,34,13800.84909090909,3482.9427481717416,26141.58,8127.281037865268,35728.979219683446
15,35,2622.7695804195805,726.8368497230417,4598.0,1696.0391753429205,6941.578336182081
15,36,1383.587902097902,847.8990868103809,4684.0,1978.5321403501548,4745.7079445459585
15,37,-2.5,-0.25,-2.5,-0.5833630944789017,-5.5833630944789014
15,38,52572.17944055944,5129.349219974791,67475.73,11969.092134509738,117113.45101562861
15,40,30755.28769230769,1779.9351204807158,37115.68,4153.393839421228,65663.96922403661
15,41,1183.8807692307694,941.680836033966,5276.75,2197.3673860810145,4565.128924542553
15,42,3544.9918181818184,643.4453808250715,5391.69,1501.4491539450764,8591.432790308714
15,43,3.0,0.0,3.0,0.0,6.0
15,44,3378.7346853146855,942.0811931665095,9473.9,2198.3016003839634,8955.770971013335
15,45,11.861600000000001,15.701860473629655,61.78,36.639543659890194,60.3627436598902
15,46,12364.400699300699,2530.9029445232964,31109.65,5905.741494171497,30634.542892772894
15,47,22.9,143.35971241202023,300.0,334.52306182512615,380.32306182512616
15,48,126.98,159.8344168194072,240.0,372.966,626.926
15,49,9656.48013986014,1955.6246089701988,15436.09,4563.356894111789,23876.317173832067
15,50,2262.1727972027975,670.1161392103227,3925.0,1563.6840985199533,6088.029692925548
15,51,10.023928571428572,11.680593382721906,48.89,27.256108404377734,47.30396554723488
15,52,1561.243076923077,370.145890547305,3564.71,863.7178084732988,3986.203962319453
15,54,53.92260869565218,62.79984220405581,345.0,146.54044112377892,254.38565851508326
15,55,6675.751468531468,5484.668486269081,34581.58,12798.21272136338,26149.715658426314
15,56,3684.0358041958043,4266.519555323062,19377.35,9955.720201792037,17323.791810183648
15,58,865.858407079646,625.960074994185,3070.0,1460.6480254754126,3192.3648396347044
15,59,332.59615384615387,439.1191259189003,3876.18,1024.6635685636807,1689.8558762559883
15,60,111.42626262626263,115.35948302434697,1073.6,269.1858599782775,492.03838523080276
15,67,6214.881468531469,2522.404770432921,17927.68,5885.91140963237,18315.67434669531
15,71,4327.138811188811,1308.0029564103263,8811.52,3052.1626089563197,11706.440231333941
15,72,41946.93692307692,31766.369733901334,292555.25,74125.31099331843,158019.1848394723
15,74,13953.432937062937,2147.554611789107,23397.65,5011.2164155829205,32918.08228970879
15,77,236.10833333333335,209.87389169848322,636.0,489.73073164622826,961.947398312895
15,78,3.090909090909091,9.591280888958945,17.0,22.380797197597765,28.562615379415945
15,79,8385.031258741259,1026.0618597424432,12208.73,2394.266486504514,19164.329003987034
15,80,44.16179856115108,45.72572003619729,299.11,106.69879015036788,195.02238727267004
15,81,4409.563426573426,488.2174527782987,5913.14,1139.2321761254216,9958.359029272273
15,82,10606.899230769232,6123.542852056131,61131.42,14288.995629398496,35502.79409093696
15,83,360.1630769230769,165.95399918470017,878.14,387.2457540221433,1107.571907868297
15,85,3235.168181818182,1829.1833588307736,15114.58,4268.3122583073255,10738.648621943688
15,87,9142.630419580419,1419.0362038815585,15103.22,3311.2534042957586,21596.514243456597
15,90,5345.240419580419,572.3058601116475,8334.23,1335.4484701725605,12025.929309333398
15,91,3414.740909090909,280.69621548427745,4226.09,654.9912514936988,7484.473069675517
15,92,18262.376853146856,2195.09801667402,28407.27,5122.156686765825,41646.91039305954
15,93,422.8782517482517,119.41631028638862,742.58,278.6522731996815,1124.408776696185
15,94,272.90625,717.5621325531405,3606.6,1674.3970645083195,2220.2095645083195
15,95,27291.017132867135,3665.8461835043695,40609.65,8554.077493971123,63136.111759705396
15,96,2784.158881118881,1109.8000004994583,7623.7,2589.6654501762027,8157.983212413965
15,97,2071.211888111888,649.9587216307467,5372.96,1516.647724536254,5659.07150076003
15,98,273.5048837209302,202.51280350000513,922.75,472.553982885443,1019.5637503273034
15,99,29.88,2.988,29.88,6.972355705211834,66.73235570521183
16,1,11352.479370629371,3384.946403378134,28386.85,7898.611234079589,30603.56997533833
16,2,23549.144965034964,3549.168633964996,41615.51,8281.815988549106,55380.10591861903
16,3,7635.427272727274,2787.9108173967825,22146.25,6505.457126271164,21776.31167172571
16,4,14748.078111888111,1941.8231312674395,19435.28,4531.151803147536,34027.30802692376
16,5,13494.538671328672,7836.3443380975,72737.68,18285.736329899115,45274.813672556455
16,6,5146.03895104895,2698.777231115403,21861.78,6297.468147410735,16589.546049508637
16,7,11544.310139860141,6803.895979387913,66502.6,15876.567252193163,38965.18753191344
16,8,14676.778321678321,1455.889255452084,23483.47,3397.248245116448,32750.80488847309
16,9,28990.377342657343,21286.616633752936,111246.19,49671.3062018087,107652.06088712339
16,10,12681.776643356643,2529.634219458389,23526.54,5902.780984651868,31266.334271365155
16,11,12037.149090909092,3330.1829827651313,24156.87,7770.823400027384,31845.121581845568
16,12,4149.637972027972,1136.1044868101187,6500.62,2651.0457163076617,10950.321660363606
16,13,15070.387272727272,1954.8842617014802,20295.11,4561.629329017115,34702.40387447166
16,14,8656.873216783217,3051.8992126032226,27374.64,7121.461474807758,24435.207908374192
16,16,9811.74195804196,9875.744459700045,46078.23,23044.57939317395,42668.063309257865
16,17,7202.8306993007,1875.0277776089458,17597.84,4375.28802631941,18780.94942492081
16,18,3521.8804123711343,5440.972977244993,25027.41,12696.251331926887,19740.012156669156
16,19,994.9262237762239,470.6408011002528,2520.09,1098.2178964714913,3088.070344023939
16,20,3328.785104895105,785.6868257162257,6346.89,1833.362791764492,8490.933001554702
16,21,3618.622377622378,965.366559918977,9462.61,2252.6368948031463,9489.881650047902
16,22,6302.361048951049,1792.246104531812,13614.44,4182.12093442974,16786.84303233184
16,23,11264.88937062937,3233.72822438031,31152.4,7545.750814713048,30075.529555971785
16,24,2244.0655944055943,860.9622556175501,6202.21,2009.014422666357,6497.145611477546
16,25,4963.603776223776,1359.9136891573198,11743.33,3173.2938317241337,13100.501384171685
16,26,2004.945104895105,589.523600145051,5122.19,1375.6252465958387,5385.515456386049
16,27,758.2281118881118,223.6079997685558,2349.8,521.778618780889,2038.2348425571126
16,28,287.46657342657346,169.52179920523955,828.12,395.5710454639982,970.5041923171451
16,29,1634.6602797202797,491.5728006347228,5299.91,1147.0617205597284,4416.382280000288
16,30,1330.0030769230768,362.56515904377505,2187.76,846.0285325200471,3506.0346863662007
16,31,1164.3668531468531,562.1053503475334,4534.43,1311.646066407537,3640.3797727012434
16,32,4561.4392307692315,1936.938071684158,18340.4,4519.752749246669,13642.631210785132
16,33,2188.83986013986,698.0012670899209,5959.61,1628.7527164790824,6006.432436758802
16,34,4906.217692307692,1218.3041881889446,8933.9,2842.854804954036,12655.29018956942
16,35,593.8198601398602,365.44847192893224,1512.0,852.7566058281918,2040.3963261079123
16,36,1824.4811188811188,1032.2971481106254,6923.0,2408.8162349742383,6057.778472736476
16,38,52078.70090909091,6889.85909603596,74846.16,16077.158091148585,120234.5599093304
16,40,31687.43265734266,4503.062574144456,44681.03,10507.682071540155,73882.54738622547
16,41,1542.9869230769232,835.0568979250194,4205.28,1948.5655041579664,5034.539350311813
16,42,3694.4544055944057,631.1198953064153,4848.67,1472.6882204526034,8861.597031641415
16,44,3922.6970629370635,982.1734469473788,9555.35,2291.854965304929,10137.249091179056
16,45,18.17727272727273,16.641797752873707,84.76,38.83284253923376,75.18738799377923
16,46,14231.886293706293,3346.6533067660725,28289.5,7809.256116732421,36273.02870414501
16,47,-57.72666666666666,474.0150544643319,500.0,1106.0915560075912,990.6382226742578
16,48,647.275,622.0968259824479,2942.0,1451.6333178824946,2746.1833178824945
16,49,54.71966666666666,31.64814879137331,118.8,73.84944805385699,183.2887813871903
16,51,34.23282051282051,42.020209574924934,209.72,98.05215795312074,166.51779897876176
16,52,1644.2844055944056,437.1455821103801,3492.58,1020.0583980707686,4308.62720925958
16,54,69.33504132231405,74.38102987460319,427.5,173.56459103270458,312.2346736773327
16,55,7090.456153846154,4431.981010230158,35723.53,10341.816627198375,24522.728934890685
16,56,6037.615422535211,10412.89324214832,49061.75,24297.99049687235,36373.22134194277
16,58,638.6818181818181,571.3308095485434,2400.0,1333.1732361174973,2610.5368724811333
16,59,104.5480341880342,123.67100226866751,862.42,288.5803943230286,497.676462699097
16,60,114.59055555555557,79.18917930699017,545.6,184.78417875908158,413.9652898701927
16,67,3431.07006993007,1402.4927791963435,8980.7,3272.650110625176,10134.790250485315
16,71,2223.935944055944,570.9006957002584,3862.41,1332.1695859354422,5780.041474047331
16,72,31998.78454545455,14940.732379364512,129372.97,34863.487498428825,98861.05658933792
16,74,9806.358601398602,1862.8462850311535,15681.2,4346.8630934972,23959.580296294404
16,77,238.5,112.42997820866105,318.0,262.34999999999997,739.3499999999999
16,78,0.0,18.215070683365465,12.88,42.504,42.504
16,79,5529.899790209791,854.9579068573163,8226.02,1995.0035607739546,13054.803141193537
16,80,309.7843846153846,377.18958971060226,1102.8,880.1539450352169,1499.7227142659863
16,81,3822.6206293706296,695.7408267625588,5691.68,1623.4780866220628,9268.719345363323
16,82,9439.101328671328,3148.019024961132,34848.66,7345.752479519123,26223.95513686178
16,83,258.7421052631579,88.41896398351035,609.92,206.3214417601566,723.8056522864724
16,85,2679.624895104895,1264.3384207103416,10048.27,2950.273494296609,8309.523284506398
16,87,9171.064545454545,2314.4042747473122,16443.79,5400.552158367162,23742.68124927625
16,90,6922.744685314685,1918.2954686691594,13645.59,4476.251122910783,18321.740493540154
16,91,3331.204965034965,2507.064042077364,9675.49,5850.114550572138,12512.524480642067
16,92,20446.967832167833,4413.327669233421,38759.69,10298.28994429347,51192.22560862914
16,93,997.0322807017543,260.9495938669926,1615.77,608.9134503250457,2602.9780117285545
16,94,673.2809278350516,766.2923636006507,3105.02,1788.1067380225093,3134.6685936926124
16,95,27385.76923076923,5514.527518141476,42052.88,12867.887350288278,67639.42581182675
16,96,126.93412587412588,100.71423100646443,714.31,235.01186183197618,488.88011358022794
16,97,2116.6969930069927,644.0451691731414,3975.36,1502.8487314921263,5736.242717506111
16,98,42.61857142857143,48.827227081939405,210.0,113.93600914137681,199.17315199851967
16,99,59.76,5.976,59.76,13.944711410423668,133.46471141042366
17,1,22801.60916083916,10695.912402541127,63964.65,24958.402229686624,70561.62055136495
17,2,42231.844405594406,6543.954483056261,72470.8,15270.006149459126,99733.69496064793
17,3,19278.955034965034,10826.83821003399,67983.39,25263.911366511362,63821.82143644143
17,4,23961.357272727273,4678.135421826687,48403.64,10916.206224272713,58838.92076972726
17,5,27082.325594405596,14570.146937205689,131634.65,33998.74401720241,88163.3952060136
17,6,5944.435244755245,3557.410102573601,26147.26,8301.047063071372,20189.91755258186
17,7,19474.77055944056,10359.272012284371,79986.97,24172.867910539557,63122.409029420676
17,8,20110.27083916084,1293.5938077857145,24904.79,3018.53954683448,43239.08122515616
17,9,27293.658041958042,11044.408175481181,56918.89,25771.600519747135,80358.91660366322
17,10,14165.0,2401.178232830648,19612.93,5603.035057197871,33933.03505719787
17,11,14527.29048951049,4158.112392924464,30942.89,9702.757250909945,38757.33822993092
17,12,7534.953916083916,1722.8001563504617,11691.24,4020.072121509364,19089.979953677197
17,13,24648.89643356643,5402.449945454769,51103.54,12606.35967179147,61904.15253892433
17,14,14118.147412587414,6064.529566506887,43687.27,14151.290937905,42387.58576307983
17,16,11246.852657342657,11841.959377366567,48926.66,27632.648268296034,50126.35358298135
17,17,10386.823006993007,2596.537960424768,21446.58,6058.897678101314,26832.54369208733
17,18,8111.5075,9297.632530843966,46035.19,21695.582738083354,37918.59773808335
17,19,4495.581048951049,2351.402733547233,18611.63,5486.886300033048,14478.048397935145
17,20,4475.987482517482,2498.2612009720583,18310.31,5829.573540062549,14781.548505097513
17,21,4130.295524475525,908.5753417461444,8380.97,2120.1172917130257,10380.708340664076
17,22,7668.8867132867135,3766.5935772339762,26819.51,8789.166739438273,24126.9401660117
17,23,13680.794055944056,3515.0370518012387,35258.83,8202.171566987065,35563.759678875176
17,24,4975.966223776224,1793.210553686275,11805.3,4184.3714306026,14136.30387815505
17,25,5370.106293706293,1390.6216254133087,12166.41,3244.9493386015515,13985.161926014138
17,26,7752.311748251749,1763.6917720705778,13254.85,4115.49075944828,19620.11425595178
17,27,1373.4304195804195,494.7274928399004,4753.03,1154.423044587492,3901.2838837483314
17,28,1290.9355944055944,452.6482326602569,3181.54,1056.2330948603733,3638.1042836715624
17,29,2649.323146853147,909.5008777945413,8519.18,2122.2769860060043,7420.923279712299
17,30,2276.462097902098,529.9260769412356,4489.77,1236.5572643580151,5789.481460162211
17,31,1923.034265734266,905.3819651228445,6092.18,2112.6656994378063,5958.734230906339
17,32,5776.951958041958,2199.221975185085,20464.86,5131.779747559894,16685.68366364381
17,33,5108.334125874126,1691.764290667981,11645.95,3947.6514069319096,14164.31965868016
17,34,9295.045174825174,2725.7463251652566,19125.96,6360.399244051595,24950.489593701943
17,35,1541.4223776223776,473.332827356673,4048.1,1104.499611540946,4187.344366785701
17,36,1878.117902097902,1696.8925599554575,12407.0,3959.6179790953643,7715.853783291168
17,38,77339.77643356643,9730.014032102745,101629.41,22704.52438036237,177384.0772474952
17,40,47372.023006993004,4533.882109138352,64531.25,10579.597988757914,105323.64400274392
17,41,30.56984251968504,42.856593850689286,225.75,100.0038208302543,161.1435058696244
17,42,3974.562377622378,779.9784722696943,6043.35,1820.0426208407005,9769.167376085456
17,44,7535.0325874125865,1700.536551348672,14452.85,3968.121059476964,19038.18623430214
17,45,21.294095238095238,20.029650122488516,135.59,46.73823470713845,89.32642518332892
17,46,26006.988601398603,3316.997383364344,37281.98,7740.055431751374,59754.03263454858
17,47,15.608571428571427,192.7123569319978,313.0,449.6851075366914,480.90225039383427
17,48,1294.4752482269505,1013.8021333415974,6238.0,2365.6589987818656,4954.609495235767
17,49,38.22345679012346,49.52138323897299,213.84,115.5557894766516,192.0027030568985
17,51,18.565,20.323874612590302,84.46,47.42479354320748,84.55479354320748
17,52,3552.823216783217,755.2244852766693,7208.29,1762.280371028934,8867.926804595369
17,54,66.39932330827068,59.60650066484624,342.0,139.08893071561366,271.88757733215505
17,55,10572.84951048951,5608.546815958072,40685.31,13087.276904348368,34232.97592532739
17,56,4245.378671328672,6146.104640996884,27308.56,14341.642489452326,22832.39983210967
17,58,1486.4786428571429,831.3397768958395,4544.0,1939.8917792534266,4912.849064967712
17,59,638.8553846153847,295.82728723754144,2209.35,690.2988868567644,1968.0096560875336
17,60,371.3076923076923,140.49437013276813,827.2,327.8369220700632,1070.4523066854479
17,67,7757.146223776223,2853.440701736251,19297.62,6658.367990707633,22172.660438260078
17,71,3465.274965034965,1270.2590403202475,9296.16,2964.088978204078,9894.638908274008
17,72,52591.132027972024,20610.40409901078,194660.52,48093.39645463828,153275.66051058233
17,74,15300.776993006992,6553.956953686215,48049.95,15293.346438335624,45894.90042434961
17,77,238.5,477.30719730588606,954.0,1113.7736145496535,1590.7736145496535
17,78,2.6057142857142854,14.989764126610819,20.0,34.977900745634074,40.189329317062644
17,79,27208.437622377623,2097.747789022271,32764.63,4894.994566561225,59311.86981131647
17,80,798.6767132867133,214.31670211140843,1324.44,500.0978181688967,2097.451244742323
17,81,12839.772867132868,2570.3261000433913,19520.8,5997.733550164799,31677.279284430537
17,82,17173.994685314687,4824.536440724059,49273.99,11257.826029948053,45605.81540057743
17,83,498.3997902097902,144.99328490749335,1208.5,338.3349254491854,1335.1345058687657
17,85,4209.212237762237,1383.6551350157745,11117.11,3228.693365017699,11647.117840542174
17,87,12189.03797202797,3090.8630053060865,18965.31,7212.381629542867,31590.457573598807
17,90,31293.306223776224,5973.899397245334,50041.08,13939.809753930733,76526.42220148318
17,91,12033.678951048953,2219.616397826662,18064.07,5179.369161569098,29246.727063667004
17,92,53043.34874125874,12524.906493049953,105950.68,29226.272839378034,135312.97032189553
17,93,3646.955664335664,927.7950501695392,6699.53,2164.965566036441,9458.87689470777
17,94,855.7822727272727,1512.303630250334,8156.48,3528.888502138047,5240.453047592592
17,95,50614.95846153846,7069.221599193654,74015.14,16495.6919506508,117725.60887372772
17,96,819.4164583333333,392.4027049296754,1646.19,915.6530249186673,2554.485941585334
17,97,7798.283426573426,1527.852425008967,12131.71,3565.1708742413,19161.737727388154
17,98,169.37912,175.4703294743367,995.19,409.451657565526,748.209897565526
17,99,2.29,0.229,2.29,0.534360594542674,5.114360594542674
18,1,21988.356223776223,13577.810097800198,88055.13,31683.17325959841,75659.88570715085
18,2,63665.139510489505,7855.5808064602015,94088.09,18330.62371274276,145660.90273372177
18,3,16392.98048951049,13543.753205202078,81361.98,31603.70312258091,64389.66410160189
18,4,26775.207202797203,2329.429611400221,33755.59,5435.613065908873,58986.02747150328
18,5,22933.954965034965,14729.389675329528,106452.74,34370.329363143275,80238.2392932132
18,6,5664.913076923077,4135.815291471992,35059.65,9650.728026505049,20980.554180351202
18,7,33152.3472027972,28247.939761607817,202655.12,65915.22220794058,132219.91661353497
18,8,32036.5820979021,3555.2985030882764,46070.05,8296.119746231136,72369.28394203534
18,9,18589.37125874126,7492.573341794259,38648.13,17483.5630811169,54662.305598599414
18,10,16754.599860139857,2445.2124586207924,25663.72,5705.786826077556,39214.98654635727
18,11,21485.875734265734,12508.369861305286,93666.34,29187.68539671073,72159.4368652422
18,12,3865.5369230769234,900.3176062815878,5579.64,2100.848259257058,9831.922105410904
18,13,42342.91391608392,4229.640032121743,53768.55,9869.663590681526,94555.49142284936
18,14,21977.35251748252,6420.370862559206,59694.78,14981.629656338857,58936.3346913039
18,16,16067.656223776223,12926.235251431344,53409.8,30162.754384949014,62298.066832501456
18,17,15289.54188811189,3564.3764422175054,28754.43,8317.302684878809,38896.386461102586
18,18,9246.560317460318,15791.385234953339,74781.33,36848.44542708327,55341.56606200391
18,19,2783.2783916083918,737.5463760464332,5341.65,1721.029345008588,7287.586128225372
18,20,8409.801958041957,1838.4812785937743,14162.01,4290.008511287968,21109.61242737188
18,21,5059.748251748252,1394.3864255550811,13010.8,3253.7343204447475,13373.230823941252
18,22,15759.97895104895,3296.156961733695,31582.71,7691.425300340572,39211.383202438476
18,23,36048.42272727273,10092.355888409664,95543.32,23550.031846580107,95646.87730112557
18,24,8890.141748251748,3180.061394276096,21555.85,7420.521822391176,25200.805318894672
18,25,16470.19223776224,3017.042166208398,28482.83,7040.124217010641,39980.50869253512
18,26,10527.132447552447,2981.6208348214136,20754.17,6957.470227056745,28011.73512216164
18,27,2741.878811188811,878.1730653933652,6753.86,2049.1750276635858,7532.932650041208
18,28,1241.9954545454545,475.11102300695416,2698.57,1108.6489464094939,3592.639855500403
18,29,10271.007622377623,2150.922131323082,23092.87,5019.07436204715,25561.089606802398
18,30,6178.887762237762,1354.5765847135085,8889.6,3160.839952668538,15518.615477144063
18,31,3424.756293706294,1881.8884451920717,14666.04,4391.297067405344,11240.809654817931
18,32,9269.177692307692,4263.309722547894,41096.0,9948.23020987011,28486.585594485492
18,33,8893.556643356644,2970.594953156867,21471.46,6931.741857267993,24718.85514398128
18,34,20971.56706293706,5049.983660076318,37277.98,11783.896380040045,53727.03050591417
18,35,3873.937272727273,1195.0751490474056,7417.3,2788.6509483325167,10536.525493787063
18,36,2283.0174125874123,1406.1818016523282,6594.02,3281.2582688472776,7847.293094022102
18,38,65312.47573426573,7494.453658965379,90231.58,17487.950711691086,148112.90218022256
18,39,28.0,2.8000000000000003,28.0,6.5336666581637,62.533666658163696
18,40,61637.689020979014,5539.683679124231,75374.76,12926.588053952717,136201.96609591076
18,41,706.9873426573427,412.410367426056,2566.51,962.3399525473795,2376.314637862065
18,42,6802.007902097902,856.4531088459582,8477.35,1998.4925434098152,15602.508347605619
18,44,5055.879510489511,1180.6284411668275,10236.51,2754.94024347553,12866.699264454552
18,45,21.186571428571426,18.22396320666784,71.82,42.5247502796456,84.89789313678845
18,46,25474.85846153846,5548.894893079911,56884.22,12948.081983061084,63897.79890613801
18,47,20.176470588235293,136.19849269270458,224.0,317.8126966423129,358.1656378187835
18,48,10.0,1.0,10.0,2.3334523779156067,22.333452377915606
18,49,10765.219650349649,2719.0043734085216,19673.4,6344.667220693049,27875.106521392347
18,50,937.8382352941177,737.0268076244097,2390.0,1719.8169568387273,3595.4934274269626
18,51,7.2058536585365855,8.388374388285778,35.56,19.573872163191822,33.985579480264995
18,52,2950.3684615384614,847.0980795378839,6676.46,1976.6630280254192,7877.399951102342
18,54,144.46068181818183,154.99598948366415,805.0,361.6757602280385,650.5971238644022
18,55,10265.073006993007,6950.105691973633,48249.11,16217.74065370067,36747.88666768668
18,56,5011.655244755244,6555.080196698087,26697.88,15295.967472412656,25319.277961923144
18,58,3844.2268531468526,2282.604896552176,12125.0,5326.349823701483,13014.803529995188
18,59,992.127972027972,2707.311592870226,23979.03,6317.382674141519,8301.638618197463
18,60,163.88971962616824,83.89604746416443,422.4,195.7674314529751,523.5468707053116
18,67,7935.269790209791,3525.2805174856708,20822.9,8226.074206346499,24096.61378676608
18,71,7599.357342657343,2280.6118264101638,17343.58,5321.699089439252,20520.41377475394
18,72,62042.98223776223,38366.253342582466,353008.64,89525.82509396166,213611.7895694861
18,74,22229.816503496502,4081.7319478989484,38638.61,9524.527119838904,53984.16012683191
18,77,421.0,489.6927608204965,954.0,1142.6747371846461,1984.6747371846461
18,78,5.1875,9.825905556232463,22.0,22.928282685364813,33.30328268536481
18,79,22571.55223776224,2846.520649521076,30810.03,6642.2203784108315,51785.32485393531
18,80,373.29,337.8616761194497,1121.32,788.3841315474826,1534.9641315474828
18,81,12115.718601398601,1923.3103733958571,15869.08,4487.953164270317,28719.39036706752
18,82,15535.521398601399,6454.8059617312165,61126.84,15061.982320385543,46133.02511758834
18,83,1404.9475555555557,926.3065667585972,4140.6,2161.4922608816905,4971.3873719928015
18,85,1749.7123076923076,825.8217849074554,7299.9,1927.0158077268125,5426.440423111428
18,87,18423.94986013986,2778.604739533952,29373.56,6483.741836753075,43331.641557032795
18,90,18481.394265734263,6547.421190164584,32480.75,15278.095545404582,52240.88407687311
18,91,14124.482517482518,9211.554426037594,32629.06,21494.723579736456,49743.68861470149
18,92,50079.623636363634,13791.031560813313,80639.97,32180.71538948901,132339.96266221628
18,93,2113.3001470588238,1693.0921224071108,8827.38,3950.7498390610544,8177.350133178702
18,94,4880.242248062015,3832.238414215361,12643.18,8942.34584039037,18702.830336514402
18,95,57668.25174825175,8774.946058662534,115565.7,20475.91874666727,135812.42224317076
18,96,0.4813333333333334,18.596857860908937,42.05,43.3948821972965,44.35754886396317
18,97,5350.500431654676,2128.737198219609,9929.18,4967.306877142953,15668.307740452305
18,98,881.1508527131783,911.3961454926165,2997.84,2126.699502922864,3889.001208349221
18,99,12.559999999999999,4.299209229614209,15.6,10.032,35.152
19,1,21504.02916083916,14291.397519078013,86840.87,33348.29552462979,76356.3538463081
19,2,50841.072937062934,6027.355438124229,85706.27,14064.546879633548,115746.69275375942
19,3,18414.224475524476,14822.093597313935,81783.8,34586.64955033989,71415.09850138884
19,4,31365.545314685318,2771.6781025354244,40708.94,6467.578859177904,69198.66948854853
19,5,28759.223846153844,17596.9893489427,134194.45,41061.73664044595,98580.18433275365
19,6,5948.962867132866,4077.481598433209,32583.21,9514.609131771102,21412.534866036833
19,7,33882.926853146855,22110.15631180712,169832.72,51592.9968218721,119358.85052816581
19,8,42613.66293706294,3044.6532802515026,62278.75,7104.553436731421,92331.8793108573
19,9,30645.018111888112,11357.679126889261,63042.57,26502.6033662422,87792.63959001843
19,10,27622.457762237762,4644.7385507666695,52822.97,10838.276216082775,66083.1917405583
19,11,21997.256503496505,11641.971773953133,119483.37,27165.986719557313,71160.49972655032
19,12,6403.788601398602,1606.7549076157588,10871.65,3749.2860599035635,16556.86326270077
19,13,33957.896223776224,3401.9784764541723,45225.9,7938.354765499701,75854.14721305214
19,14,18478.815734265732,8205.576850728788,73135.17,19147.32281450235,56104.95428303382
19,16,28023.60006993007,25376.684443538496,107614.91,59215.28465838889,115262.48479824903
19,17,17137.07909090909,4205.36155017949,39249.0,9813.010909261195,44087.16909107938
19,18,10440.354181818182,14431.459954619171,70873.47,33675.12454789996,54555.83291153633
19,19,-5.21923076923077,7.148823284917202,7.0,16.681438693488506,6.242977155026965
19,20,6727.757272727273,1433.1500872166148,12310.61,3344.187478925569,16799.702024380116
19,21,7112.320489510489,1536.8511870362818,17730.86,3586.169056892235,17810.810035913215
19,22,12343.916083916083,3165.9944832236934,29651.83,7387.69735534602,32075.529523178186
19,23,28089.81909090909,9262.575732293533,89336.88,21613.779368143736,77793.41754996192
19,24,5768.380979020979,2412.5389238159883,15088.07,5629.544688592377,17166.306646634333
19,25,12986.697412587413,3038.9020405193774,26698.22,7091.133192702531,33064.528017877354
19,26,7878.555944055944,2078.4032997150794,16514.89,4849.855121987795,20606.96701009968
19,27,2385.669020979021,1141.1678439529717,9566.76,2662.860819072888,7434.198861030929
19,28,876.8764335664335,361.4332546420357,2420.06,843.3872875022354,2597.1401546351026
19,29,5822.995244755244,1913.3014737917927,20689.25,4464.597873688894,16110.588363199382
19,30,4690.908321678322,1200.4033668025797,7748.41,2801.08409072338,12182.900734080024
19,31,3067.292937062937,1450.166628892447,9570.37,3383.8947685629396,9518.480642688814
19,32,7693.104755244755,4162.606185516953,42208.05,9713.243301920747,25099.452812410258
19,33,6206.423006993007,2264.142810636998,15008.92,5283.269425421428,17696.115439407444
19,34,17472.37132867133,4161.135158006976,34420.61,9709.810729279612,44654.55338662227
19,35,3434.005734265734,1108.3697328048402,7231.0,2586.3279886231403,9454.339457154609
19,36,1972.846853146853,1177.469987533799,6085.5,2747.5701423350033,6693.263848628709
19,37,2733.6717482517483,414.9774793911734,4693.52,968.3301860667583,6435.673682570255
19,38,78019.81517482518,7877.051248345787,104018.83,18380.723966415575,174420.35431606593
19,39,15.23111111111111,7.137153572055956,28.31,16.65420797426284,47.116430196485055
19,40,54198.52713286713,3202.068452282636,64414.49,7471.874244227463,115868.92850996173
19,41,2876.3994405594403,2032.7149638518654,13910.5,4743.243566024772,10496.042447143653
19,42,6430.056713286714,889.957192080779,8449.18,2076.6727261039905,14936.786152677418
19,44,5562.715664335664,1272.4928903111158,12900.76,2969.3015607771767,14094.732889448504
19,45,12.22888888888889,18.909514563458288,79.03,44.12445172333154,68.58222950110931
19,46,20351.556643356646,3650.0927747914056,47646.52,8517.31766494958,49220.43095166287
19,47,23.70958333333333,358.94238708690415,649.0,837.5749666826408,884.9941333493075
19,48,249.288,290.11895172689276,985.0,676.9787577855011,1175.5547577855011
19,49,5436.057412587413,1334.0071771760988,9378.94,3112.8422197380537,13984.957044912879
19,50,941.968085106383,281.34933301582544,1841.0,656.5152701507478,2540.451440363514
19,51,30.204545454545453,32.12833303346929,178.08,74.96993511541345,135.37902602450436
19,52,1653.0834965034965,442.3783507476643,4460.04,1032.2688144905217,4338.435807497514
19,54,91.63580152671756,91.04652848494725,426.5,212.4527383941612,395.7243414475963
19,55,13923.06153846154,10270.823373250576,72836.92,23966.477223462753,51812.600300385835
19,56,5716.974475524476,6376.1814162113515,34833.72,14878.51568767968,26312.46463872863
19,58,3062.104895104895,1601.4860087127297,8575.0,3736.991335229294,9861.201125439084
19,59,715.4495804195803,823.5713442819375,6625.28,1921.76451169784,3352.663672537001
19,60,532.9888111888112,170.99492748629,1522.4,399.0085201543902,1464.9861425320125
19,67,13792.077062937064,5553.448742582135,36080.69,12958.708174010722,40542.86229988485
19,71,6318.644055944056,2041.060519803796,13768.36,4762.717523405832,17400.005635293943
19,72,72434.48636363637,38577.42985166273,339846.03,90018.59542123492,234887.56814850768
19,74,18657.597832167834,4186.652657896691,38991.68,9769.35460007573,47084.5502644114
19,77,548.75,261.5790192911758,700.0,610.3821845778266,1707.8821845778266
19,78,15.624615384615385,18.908160766974234,60.0,44.12129270370661,75.37052347293738
19,79,21683.665594405596,2149.8157128954454,27741.26,5016.492587336213,48383.82377614741
19,80,21870.02727272727,1519.2321850101384,27900.91,3545.0559547178304,47285.11050017237
19,81,21678.774825174823,1424.4851149004792,26349.77,3323.96817866991,46681.517829019554
19,82,22816.835034965035,12902.306432112744,117616.6,30106.917624609312,75740.58769453938
19,83,4239.971818181818,1077.5792554052668,11731.85,2514.479875917949,10994.423512281584
19,85,4915.79993006993,1823.6281899162007,16230.83,4255.349536193892,14086.949396333752
19,87,16986.922657342657,2577.9448733345807,26440.18,6015.5115948179255,39989.356909503236
19,90,67545.40643356643,6137.880295755111,96173.32,14322.451371491112,149413.26423862396
19,91,54692.79741258742,5456.990183029464,70536.47,12733.626718852227,122119.22154402707
19,92,113720.21293706293,10896.641594891757,154490.96,25426.79424089428,252867.22011502014
19,93,37087.93706293706,3792.1608512977486,47914.69,8848.826755899203,83024.70088177333
19,94,37643.786433566434,5058.745260468298,52404.05,11804.341157309056,87091.91402444192
19,95,97240.50356643356,9275.067456510726,132134.2,21642.928211722614,216123.93534458973
19,96,15860.814825174826,4007.273412447276,32456.76,9350.781673233085,41072.41132358274
19,97,20370.26972027972,2696.790604163949,29167.17,6292.832448026833,47033.371888586276
19,98,12884.229090909092,1687.2304302938992,22283.56,3937.0718596608713,29705.530041479054
19,99,440.3748780487805,933.8052003365636,5300.0,2178.9899652353142,3059.739721332875
20,1,40545.47321678322,21554.214512974468,156234.28,50295.73310940336,131386.6795429698
20,2,78251.24993006993,6764.753123366579,115564.67,15785.22926173177,172287.7291218716
20,3,15490.97125874126,7495.520990041074,44023.09,17490.441277927686,48472.383795410205
20,4,51456.37664335665,3978.501337618691,63525.66,9283.643406806757,112196.39669352006
20,5,41647.7865034965,24023.640914800795,180367.98,56058.022018832584,139353.59502582558
20,6,8210.745734265734,6194.978370527948,54700.4,14455.687009844192,30877.17847837566
20,7,49394.699230769234,36793.94511916835,261136.32,85856.91873121972,184646.3171927582
20,8,76445.06125874126,6184.7629731740535,94810.87,14431.849866597395,167321.9723840799
20,9,38243.62391608392,12589.059826164961,76015.7,29375.971587086464,105863.2194192543
20,10,41826.46755244755,5779.293214181907,63513.62,13485.705493304302,97138.6405981994
20,11,25925.433916083915,8758.139251388706,66878.09,20436.70086226899,72287.56869443682
20,12,7786.979860139861,1982.6040643301853,11450.85,4626.3121683764175,20200.271888656138
20,13,56580.50426573427,4241.557227088522,69111.88,9897.47179761484,123058.48032908338
20,14,24275.736573426573,11364.822858688896,96531.12,26519.27292419725,75070.7460710504
20,16,27048.00888111888,24354.050887877493,105742.58,56829.01795619543,110925.03571843318
20,17,18464.403846153848,4784.062674211721,47913.44,11163.382423236637,48092.190115544334
20,18,13170.096,19410.908836749673,92369.9,45294.43138261659,71634.62338261658
20,19,162.1589285714286,288.96540078467075,1485.0,674.2870015963263,998.6048587391834
20,20,6992.899720279721,1194.1508572326613,11447.34,2786.4941573995143,16772.293597958957
20,21,13457.564895104895,2672.6195763403816,29800.75,6236.4305056752655,33151.56029588506
20,22,13931.855174825176,4989.041403522502,37299.44,11641.690526569,39505.400876219355
20,23,37655.15832167832,13778.232905746761,125639.1,32150.850337389842,107461.16698074648
20,24,8309.914825174825,3586.562650588775,20674.74,8369.073145559678,24988.90279590933
20,25,17515.605384615385,3566.504065920751,34326.57,8322.267393468457,43353.478162699226
20,26,12804.132587412587,3533.702013870239,24701.56,8245.72536711068,33853.990541935855
20,27,2710.69006993007,1258.4503762612048,11075.8,2936.534022975499,8357.91416283564
20,28,954.6915384615386,330.1838544335601,1925.03,770.4683002773314,2679.8513772004085
20,29,8946.72076923077,3086.390025094288,29219.96,7201.944143231275,25095.385681692813
20,30,6298.868321678322,1443.351580648507,10079.62,3367.9921780325085,15965.728821389152
20,31,3840.956153846154,1623.5634802260845,11740.7,3788.508063630495,11470.420371322803
20,32,13728.18034965035,7577.558673603389,67909.58,17681.87230571486,45138.23300501556
20,33,9485.906363636364,3575.5929332394303,23986.2,8343.475832525788,27315.288559798515
20,34,22106.9865034965,4824.362841726644,37914.5,11257.42094495473,55471.39395194773
20,35,5834.6069230769235,1725.8107537835579,12409.01,4027.097207248569,15696.311053402416
20,36,3393.5525174825175,2530.3485731217443,13066.5,5904.447894906297,12691.552929871332
20,37,4006.388111888112,512.4848877826199,6013.42,1195.8590800421673,9208.635303818392
20,38,110205.2162937063,9981.01189131782,138239.64,23290.215931799514,243700.64851921212
20,40,86518.83748251748,5534.415998249589,101700.89,12914.296171489681,185951.97113652463
20,41,6177.195384615384,5497.285964790515,32908.74,12827.655006622519,25182.045775853287
20,42,8970.767272727273,1071.230730864338,11510.71,2499.6658962316633,20441.20044168621
20,44,8003.207552447552,1873.4731662392749,18037.48,4371.660414722117,20378.07551961722
20,45,16.24829268292683,9.255736573185038,40.43,21.597820516059077,54.094405881912735
20,46,33583.8986013986,7072.671356853489,80004.92,16503.741795865375,83671.53899866258
20,47,-12.619333333333334,330.53608855013545,798.0,771.2902218142373,746.0515551475706
20,48,1496.297769230769,1669.1148881759589,13388.0,3894.800104828533,6887.395643290071
20,49,21402.477272727272,2981.088199185458,29307.37,6956.227347165462,49761.18189262001
20,50,3301.2402097902095,641.774705770535,5032.87,1497.550713266344,8100.031132846763
20,51,14.652727272727274,9.334402060024082,29.96,21.781382683383534,51.08683722883808
20,52,3264.065104895105,992.0917598675015,6617.79,2314.9988761733007,8843.12908596351
20,54,221.91347517730495,227.40647044754087,1216.76,530.6421692192094,974.4691195738194
20,55,19815.983146853145,13833.659566738774,97400.71,32280.185811281575,71912.15210498786
20,56,5396.582097902098,6675.1673549945035,34792.9,15576.185137496557,26369.349333300754
20,58,4185.081619718309,1712.967779963299,9213.0,3997.1287394481783,12367.291978884798
20,59,1681.0553846153846,3453.2812503125533,31462.44,8058.0673451532075,11420.178114383976
20,60,586.6734265734266,168.03684620715276,1381.6,392.1059783595197,1565.4528315063728
20,67,17437.547622377624,6763.3335370771165,41710.7,15781.91672472897,50657.011969484214
20,71,8415.035384615385,3153.216998455318,20512.14,7357.881703129474,24187.952472360244
20,72,91989.86321678321,51440.261925426596,422306.25,120033.40151048834,304013.1279440548
20,74,22289.12307692308,4199.221665849322,39298.26,9798.683781570837,54376.92993541699
20,77,350.0822222222222,456.6327167641894,1272.0,1065.5306987674617,1765.695143211906
20,78,9.666666666666666,4.041451884327381,12.0,9.430535509715236,28.76386884304857
20,79,38597.25923076923,3842.8514901415615,54130.89,8967.11094764736,86161.62940918583
20,80,39870.76741258741,3023.022795032865,49286.2,7054.0797295625225,86795.61455473735
20,81,32958.593006993004,3071.1327565069873,42149.94,7166.342033565743,73083.52804755175
20,82,30421.473846153844,12661.44026153495,121421.89,29544.86788611513,90387.81557842281
20,83,5624.9494405594405,1260.3510121791844,10762.95,2940.96906637786,14190.867947496741
20,85,4993.7762937062935,1592.8175343333671,14033.34,3716.7638630758693,13704.316450488455
20,87,44301.724265734265,10997.212111442528,76224.82,25661.470751887882,114264.91928335642
20,90,95858.58734265734,9584.6224856271,132656.56,22365.26013050995,214082.4348158246
20,91,78493.19013986013,9800.109904449477,109009.28,22868.08976037192,179854.4700400922
20,92,164633.74153846153,19970.754968668505,220321.48,46600.80567040945,375868.2887473325
20,93,52818.583706293706,7610.093554551592,74135.31,17757.790901028646,123394.95831361605
20,94,63148.33496503497,8705.555971166246,82805.18,20314.000281995286,146610.67021206522
20,95,150613.9553846154,13227.4371741812,185215.02,30865.594727822416,332093.5054970532
20,96,15.266874999999999,28.278947344564767,80.96,65.9875769261249,96.5213269261249
20,97,25836.06223776224,3079.9028132552776,33731.0,7186.806543339494,58858.93101886397
20,98,19284.377342657343,2321.432715154905,28265.62,5416.952689349297,43985.70737466398
20,99,796.1538636363638,2121.6114251016693,12550.0,4950.67922491641,6542.986952189138
21,1,14950.049230769231,6240.704878084978,38871.46,14562.387637636919,44462.48609917538
21,2,47780.599160839156,4389.959361017826,69345.44,10243.761109919926,105804.95943159824
21,3,14607.126923076923,13025.939950525333,71831.88,30395.410552139245,59609.66439829309
21,4,19354.728041958042,1926.0989159271087,26259.71,4494.460095470785,43203.91617938687
21,5,16090.874545454546,10724.114095844196,84249.23,25024.209537985917,57205.95862889501
21,6,3988.6562937062936,2773.939345515606,21725.84,6472.855361987053,14450.16794939964
21,7,24456.82566433566,25948.67807616972,241329.61,60550.00456060481,109463.65588927612
21,8,18238.05979020979,1667.3986696958466,25574.36,3890.795390735093,40366.91497115468
21,9,16387.963636363635,3988.553138688996,26523.91,9307.098805916594,42083.02607864386
21,10,14695.978881118881,2121.3658589718593,20704.6,4950.106208046869,34342.06397028463
21,11,13006.376783216783,2984.8259778087995,22426.37,6964.949275582219,32977.70284201579
21,12,2793.614125874126,414.01463094567396,3786.55,966.0834250720353,6553.311676820287
21,13,28373.730909090908,1863.0739354289012,32338.09,4347.394304859157,61094.85612304097
21,14,15897.316083916085,5060.116858526877,50183.62,11807.54171606039,43602.17388389256
21,16,6308.213146853147,4193.606505291997,16987.89,9785.581071815966,22402.00736552226
21,17,7181.9376923076925,1452.9443662626925,12543.22,3390.376486434764,17754.25187105015
21,18,7233.38048076923,10767.445082148155,49336.75,25125.320331014318,39592.08129255278
21,19,2032.323986013986,440.60034262186747,3552.64,1028.1199172014278,5092.7678892294
21,20,5405.155244755244,1022.42944292313,8218.3,2385.7904148399066,13196.100904350395
21,21,3153.5005594405598,545.9429177272898,5794.33,1273.9317995769288,7580.932918458048
21,22,8436.536923076923,2366.9916988192413,19655.82,5523.26240811626,22396.336254270107
21,23,36872.78671328671,8427.265666346517,88105.96,19664.62310846283,93410.19653503626
21,24,8738.996643356644,4653.880589769243,30978.4,10859.608728732326,28337.602015445613
21,25,18281.0193006993,2927.6343072573977,28440.9,6831.4952359370845,43393.533837335686
21,26,10623.598811188811,3134.064591006043,29423.4,7313.190472424154,28560.388094801776
21,27,1647.096923076923,706.2109116115371,5113.62,1647.9095310098896,4942.103377163736
21,28,731.4383916083916,296.4403618658725,1682.56,691.7294673060832,2154.6062505228665
21,29,5102.697692307693,1334.6059796036932,14642.02,3114.239496686626,13319.634881302012
21,30,4638.772587412587,814.4825731694812,7229.2,1900.556297133148,11178.101471958322
21,31,3884.023076923077,2176.370761313182,13839.09,5078.457528212244,12846.5036820584
21,32,7116.295244755244,3511.4196699182085,34609.52,8193.730578630279,22426.321068140765
21,33,8190.0560139860145,3596.63418330957,25150.84,8392.574587536272,24772.6866155083
21,34,19044.877902097902,3519.948167717144,32271.92,8213.631422099254,46303.38722629506
21,35,2690.18951048951,626.8110290891402,4872.0,1462.6336863317827,6843.012707310803
21,36,2079.5408391608394,1458.1147341491865,7040.0,3402.4412936742024,7561.522971995881
21,38,40298.334055944055,5896.35521924961,55159.47,13758.864107393103,94355.53221928122
21,40,39586.80993006993,2323.661846263867,44366.41,5422.15426063619,84595.77412077606
21,41,2570.5965734265733,1990.0584445116126,11127.76,4643.706609536656,9784.899756389803
21,42,4886.625524475524,712.473053700168,6965.89,1662.5219413574507,11435.772990308498
21,44,4255.040699300699,879.9996193746379,7625.31,2053.4372043945777,10563.518602995977
21,45,11.968,15.636531493360577,52.88,36.48710159553451,60.42310159553451
21,46,19187.062937062936,3794.1743213796417,44705.63,8853.52509244966,47227.65096657553
21,47,22.472105263157896,212.21020581224928,399.0,495.18240937055344,540.1266198968692
21,48,0.0,21.170777028725233,14.97,49.401,49.401
21,49,10646.975664335665,2033.3497393739372,16622.35,4744.724784476193,26038.67611314752
21,50,10.0,1.0,10.0,2.3334523779156067,22.333452377915606
21,51,2.02,5.753570871882763,11.0,13.425683632500805,17.465683632500806
21,52,2755.241608391608,711.1245154451594,6142.92,1659.375191559591,7169.858408342808
21,54,127.31985507246377,132.29245550642887,795.5,308.69814488177104,563.3378550266985
21,55,8286.281398601399,4320.441026151819,35453.79,10081.543386118106,26654.106183320902
21,56,1511.944895104895,1483.5820646654486,5430.43,3461.8680966265365,6485.757886836327
21,58,1319.0004918032787,1201.6496614883758,7650.0,2803.9922600215345,5441.993243628092
21,59,703.785944055944,1586.1596522441796,14180.23,3701.228012282973,5108.799900394861
21,60,205.7699248120301,104.91860191607881,695.2,244.82256112865505,656.3624107527153
21,67,5126.37083916084,2510.7250278831266,17368.93,5858.657286606111,16111.39896492779
21,71,5845.902027972028,1671.0806735663555,10995.61,3899.387171422226,15591.191227366282
21,72,42966.006223776225,27060.887929856763,244640.55,63145.293288432,149077.30573598447
21,74,11570.641048951049,1936.1745889299102,21570.66,4517.971198598271,27659.25329650037
21,77,326.0,213.54624791833734,477.0,498.3,1150.3
21,78,12.0,0.0,12.0,0.0,24.0
21,79,22626.552727272727,2568.0840716425514,29328.41,5992.501883661505,51245.60733820696
21,80,33.69223529411765,41.03662952535357,176.8,95.75702074757808,163.14149133581338
21,81,5249.491608391609,842.7141510139875,7059.9,1966.4333395867209,12465.416556369939
21,82,15120.754615384616,4683.745895855962,49976.24,10929.297998237558,41170.807229006794
21,83,200.04223776223776,115.33033176287415,633.94,269.1178368978745,669.20231242235
21,85,1441.9146153846154,496.56560872100664,4287.24,1158.7122004611438,4042.5414312303747
21,87,7308.057692307692,982.2778878204355,11634.23,2292.098673108515,16908.2140577239
21,90,10983.598741258742,937.3271319419176,13899.56,2187.2082249146833,24154.405707432168
21,91,6735.454125874126,620.8957749730109,8252.33,1448.830722548526,14919.738974296777
21,92,21915.114965034965,3628.8726104523666,34012.63,8467.80142201289,52298.03135208282
21,93,663.3841258741259,136.4773267261711,1643.82,318.46334258074916,1645.231594329001
21,94,537.6633333333334,1246.453846634828,6037.02,2908.5406923920946,3983.8673590587614
21,95,40379.29517482517,5044.064193652627,51329.74,11770.08358703769,92528.67393668804
21,96,2.0,0.2,2.0,0.46669047558312143,4.466690475583121
21,97,3260.404685314685,291.2155740974499,4029.56,679.5376738637531,7200.347044493124
21,98,111.68067226890756,174.3001518992069,1449.91,406.7211039202558,630.082448458071
21,99,29.88,0.0,29.88,0.0,59.76
22,1,21493.27111888112,15137.2684647671,92020.12,35322.09509425772,78308.63733201995
22,2,53361.85188811189,5289.880336100424,83749.17,12343.683849162542,119067.38762538631
22,3,13150.979510489511,10901.5852696206,60310.5,25438.33007044594,51740.28909142496
22,4,32104.132377622376,2936.097984376147,45081.1,6851.24482343574,71059.50957868049
22,5,23187.335104895104,14498.874373489754,111203.56,33832.432883919326,80207.10309370953
22,6,5236.811328671329,4014.298083386512,34228.77,9367.173408340319,19840.796065682975
22,7,29068.621608391608,21939.026878009183,153517.68,51193.674437644935,109330.91765442815
22,8,37236.34769230769,2754.6486651110613,50263.7,6427.841477925458,80900.53686254083
22,9,23452.90888111888,6749.449259624462,38076.52,15749.518424491433,62655.3361867292
22,10,19438.354265734266,2067.674885867494,27861.0,4824.820879183885,43701.529410652416
22,11,14951.826783216784,10070.747570450712,72280.15,23499.609865656035,53403.2634320896
22,12,3710.6515384615386,714.6506446078827,5255.15,1667.6032460391853,9088.906322962262
22,13,37381.400839160844,2809.66117256018,45945.27,6556.210544247705,81319.01222256939
22,14,17203.4179020979,6183.066568519725,59850.75,14427.891387122843,48834.72719131864
22,16,19672.921538461538,17268.057646907855,69025.54,40294.19017816091,79640.03325508398
22,17,14551.985174825175,2979.469940329413,28603.48,6952.45121718974,36056.42156684009
22,18,10156.836910569105,16167.010236313003,73272.78,37724.94847971053,58038.62230084874
22,19,939.8711904761903,602.9849875199793,2031.74,1407.0367529759083,3286.779133928289
22,20,6672.666013986014,1133.6488994860056,10766.33,2645.3157202270304,15990.647748199059
22,21,5386.000839160839,1303.860262255673,12986.18,3042.4958294301673,13814.497507751845
22,22,11814.320909090908,2600.9230630611232,23550.9,6069.130106275522,29697.771924457338
22,23,29973.003496503497,8654.7919077663,78820.46,20195.544757542022,80141.55175054901
22,24,8391.796223776224,2633.9475354343813,18184.7,6146.19113986431,22929.783587416758
22,25,9725.432727272726,2014.6431666553158,17295.55,4701.073887883275,24151.939342428726
22,26,8375.324475524474,2132.779242741066,16091.29,4976.738795543188,21727.387746592136
22,27,2042.6676223776221,818.0439208317609,6999.86,1908.8665323042792,5994.201777059523
22,28,894.0106993006993,351.11904081586243,1802.49,819.3195607232212,2607.3409593246197
22,29,7864.64027972028,1760.4985287839986,18410.27,4108.039478307949,19837.32003774851
22,30,4983.480979020979,1146.5644047856922,7504.43,2675.453436780566,12642.415394822525
22,31,2947.23055944056,1658.9400177322534,9219.48,3871.0575291966857,9765.518648077805
22,32,6281.170979020979,2917.1697811247614,29753.4,6807.076762549124,19369.418720591082
22,33,7419.50034965035,2138.5254319478886,14943.42,4990.1472544118005,19829.147953712498
22,34,21841.058671328672,4868.250570298058,37915.12,11359.830869551011,55041.94821220836
22,35,4243.829300699301,1229.4084046766754,7566.47,2868.765965322221,11356.424566720823
22,36,2380.8366433566434,1445.001715198526,6861.0,3371.842688422131,8133.515975135418
22,38,70038.71790209791,8996.288972450458,100051.87,20992.411895180474,161069.8476993763
22,40,54340.60573426574,3296.362304551107,61442.1,7691.904458026152,116373.11592655763
22,41,1299.6132167832168,697.6179012480197,3475.16,1627.8581505436866,4227.08458411012
22,42,7634.136363636364,936.0194665534286,9602.32,2184.156850004396,17452.429577277122
22,44,5073.863356643356,1411.1168614112287,11637.06,3292.77399577684,13440.500709063552
22,45,28.77530864197531,19.587219818444105,83.79,45.70584466210409,103.25646194605471
22,46,22168.48993006993,4076.0313659191866,48606.96,9511.225083262725,53848.20494340258
22,47,19.26,138.40266786708727,398.0,322.9560344443188,361.47603444431877
22,48,3.6544444444444446,17.92766584856427,15.0,41.83335450480872,49.142243393697605
22,49,8.783249999999999,21.29386012235115,53.46,49.6882085375026,67.2547085375026
22,51,33.348846153846154,29.853397786966354,157.44,69.66148205485715,136.35917436254945
22,52,1626.951048951049,686.0404499394459,4362.25,1600.842719257493,4854.744817159591
22,54,82.5375,86.48783939242432,725.76,201.81525449103563,366.89025449103565
22,55,10854.880699300698,8556.853206237236,61201.47,19967.009461569065,41676.770860170465
22,56,4899.722127659575,5821.090413929925,27638.0,13583.237268446528,23382.681523765677
22,58,3042.5840845070425,1673.6354487897333,8031.0,3905.348617742257,9990.516786756341
22,59,852.3132167832168,1940.11273924256,18521.04,4527.160684809914,6231.787118376347
22,60,409.99720279720276,173.7660447325073,1707.2,405.4747902820589,1225.4691958764645
22,67,12021.64048951049,4740.223462762681,34825.94,11061.08571103493,35104.36669005591
22,71,5264.14958041958,1286.052894075662,12142.1,3000.9431838061014,13529.242344645261
22,72,66645.66902097902,43296.44677937425,393705.2,101030.19669262737,234321.53473458544
22,74,18629.50986013986,2587.408133149606,29922.53,6037.593660936129,43296.61338121585
22,77,246.0,130.23248442688944,477.0,303.8913004677824,795.8913004677825
22,78,8.166666666666666,9.887702800280087,13.0,23.072483611436375,39.40581694476971
22,79,16913.783146853148,1673.6636268258183,23193.75,3905.4143698475646,37732.98066355386
22,80,1447.0423076923075,368.3564279368335,2607.18,859.5421826897029,3753.626798074318
22,81,12368.9093006993,1369.3637641978466,17653.78,3195.3451317989316,27933.163733197533
22,82,18085.210139860137,7610.145656445168,69636.68,17757.912478316106,53928.332758036384
22,83,1535.1181818181817,374.8025780471042,2925.33,874.5839669929152,3944.8203306292785
22,85,2936.096083916084,1427.817125571796,11857.99,3331.7432668941337,9203.935434726302
22,87,14335.824825174825,2063.0887913445767,23313.48,4814.119446014038,33485.769096363685
22,90,21413.41160839161,2137.7571674800156,28722.51,4988.354545862374,47815.17776264559
22,91,21405.25062937063,2068.5163299893734,29644.91,4826.784348970968,47637.28560771223
22,92,51603.339090909096,6083.906085057172,71359.92,14196.505121191889,117403.18330301008
22,93,2531.6639860139862,759.2243036626448,6266.76,1771.6137567529195,6834.941728780892
22,94,857.190894308943,1224.2029396318617,5544.04,2856.619260535244,4571.00104915313
22,95,57868.57111888112,6190.58284686815,91783.41,14445.430264708051,130182.57250247028
22,96,6.243,5.49914548917476,18.91,12.831994118218727,25.317994118218728
22,97,4582.594755244756,463.3110262424063,6387.75,1081.1142158998632,10246.303726389375
22,98,177.56057553956833,161.30369662857433,701.16,376.3944944645245,731.5156455436611
22,99,27.15,2.715,27.15,6.335323206040872,60.635323206040866
23,1,33186.46055944056,19118.753525377433,120877.0,44612.70087657436,110985.62199545547
23,2,70522.58013986013,11454.132227786356,120100.97,26727.672083887857,167772.83236360812
23,3,19912.564755244755,13919.322374013645,84881.19,32480.075892616052,72305.20540310556
23,4,27324.303076923075,3694.885594911542,37415.42,8621.839577572458,63270.44573141861
23,5,36895.869020979015,23640.6112125596,160847.8,55164.24044932557,128955.9784912836
23,6,7393.49965034965,5002.339202032034,35796.78,11672.720306122108,26459.71960682141
23,7,43624.067412587414,30145.64626999481,218697.04,70343.42997252214,157591.56479769695
23,8,36710.24090909091,3578.7104209180143,52995.99,8350.750341562503,81771.23215974434
23,9,50178.36174825175,18521.26612197416,95101.74,43218.49247432838,143575.21597083186
23,10,31155.170559440558,4800.477939152645,53912.09,11201.686662247152,73512.02778112827
23,11,31371.205174825172,15159.759232843753,136882.72,35374.57623050733,98116.98658015768
23,12,5611.221608391608,1684.6208233453608,9308.03,3930.9824661213797,15153.425682904595
23,13,37969.25566433566,5597.427692131345,54807.0,13061.330958414555,88999.84228708588
23,14,33355.68125874126,12178.221494035108,104797.21,28417.299904039177,95128.66242152169
23,16,23404.8686013986,22993.068112077646,93123.75,53653.22946170309,100462.9666645003
23,17,27120.621608391608,5904.381317024473,54384.04,13777.592624331239,68018.83584111446
23,18,11716.354180327868,19484.721772663885,88058.78,45466.67035344654,68899.37871410228
23,19,1641.9193006993007,1363.4718318269074,7518.31,3181.5965881974453,6465.435189596046
23,20,11766.417202797202,2576.5537554614025,19984.51,6012.2654875087965,29545.0998931032
23,21,9004.245804195803,2271.1930163997145,21896.7,5299.720744823234,23308.21235321484
23,22,22195.44020979021,4542.794943986633,41501.25,10600.395664428605,54991.27608400902
23,23,47301.983986013984,13701.747940116788,121981.46,31972.37631246579,126576.34428449375
23,24,10698.334125874126,4322.817886254798,26302.47,10087.089675977377,31483.75792772563
23,25,16160.491748251747,4066.8171098000475,27104.18,9489.724055410796,41810.70755191429
23,26,12961.146713286713,3978.9160993338005,26040.08,9284.611233517147,35206.90466009057
23,27,3260.9701398601396,1240.4458726688188,9255.54,2894.521371254655,9416.461650974934
23,28,1043.9506993006994,408.7008459339337,2594.85,953.6839608006576,3041.5853594020564
23,29,11110.54965034965,2530.534912064371,24925.42,5904.882707955067,28125.98200865437
23,30,8216.539020979022,1690.8703388564088,12265.04,3945.565412951455,20378.6434549095
23,31,4749.54062937063,1801.7951984497697,11431.45,4204.403290339538,13703.484549080798
23,32,11303.89048951049,4485.260872097257,42200.46,10466.142647567172,33073.92362658815
23,33,11289.37888111888,3998.4017208742666,25098.43,9330.080003435913,31908.837765673674
23,34,26048.926433566434,5508.551773132596,45331.5,12853.943233887489,64951.79610102036
23,35,5237.248391608392,1488.44879116976,10710.0,3473.2243711606866,13947.72115437747
23,36,3722.6211188811185,2145.278269588296,11299.0,5005.904679461488,12451.146917223725
23,38,43869.15671328671,5046.766394690065,57555.23,11776.389044474105,99514.70247104752
23,40,62100.26657342657,5276.205573141235,75347.5,12311.774441017991,136512.30758787112
23,41,2056.5214685314686,876.7675358896917,5079.03,2045.8952915010082,6158.938228563946
23,42,11755.600489510489,1617.4998105058248,15125.94,3774.3587791028604,27285.55975812384
23,44,8527.952587412587,3244.332796665706,27356.3,7570.496079129183,24626.401253954355
23,45,40.03313043478261,26.10101289844788,119.7,60.905470613889136,140.97173148345436
23,46,36354.623006993,7325.145727759753,81471.05,17092.878717019343,89802.12473100534
23,47,-45.958333333333336,160.3145286805304,279.0,374.0863181640034,282.1696514973367
23,48,119.31533333333333,193.59709645353178,514.0,451.74960507705083,690.3802717437175
23,49,25204.69153846154,4103.577912227176,33987.77,9575.503637248466,59984.886714171545
23,50,6875.752447552447,1168.410033395098,9901.0,2726.429170806245,16477.93406591114
23,51,33.64857142857143,28.827970214128264,149.8,67.26869564663788,134.56583850378075
23,52,3080.0113286713286,988.26203865229,6026.13,2306.0624040969115,8466.085061439568
23,54,238.39797202797206,284.40193816706363,1326.0,663.6383788997421,1140.4343229556862
23,55,15810.811258741258,11833.252226753946,82635.76,27612.330546994148,59233.953064476664
23,56,8809.958391608392,10402.956357443769,46878.11,24274.80324962944,41894.72003284622
23,58,2402.0128776978418,1509.9130992223534,6835.0,3523.310311826324,8327.336067222008
23,59,1413.6786713286713,2628.3743113147357,22343.33,6133.186286789665,8960.543629447007
23,60,113.02197802197803,46.16661083558067,272.8,107.72758783459012,333.7715438785462
23,67,14421.243986013986,4889.329111781665,30032.01,11409.016642298928,40251.5046143269
23,71,12109.695454545454,3505.043931579924,26620.74,8178.853096843841,32398.24400593475
23,72,76844.02272727272,42662.50665663807,369830.98,99550.92760577251,253238.97306031795
23,74,37033.35671328671,7728.189516572901,69494.15,18033.3622044295,92100.07563100292
23,77,498.0,444.890997885999,1272.0,1038.1319569303316,2034.1319569303316
23,78,4.777777777777778,10.364267675260248,12.88,24.184525052189883,33.74008060774544
23,79,31002.880349650346,3686.8891395518876,42460.75,8603.180229798578,70608.94092909928
23,80,970.6767424242424,733.8956577399899,2115.02,1712.5105676953176,3653.8640525438022
23,81,8803.582377622377,1071.8254910901521,11380.13,2501.0537408948785,20108.218496139634
23,82,22905.974755244755,10526.615680737654,85602.98,24563.356391620993,70375.3059021105
23,83,976.5041134751772,548.751754443106,3312.42,1280.486086290627,3233.4943132409817
23,85,5104.391188811189,2440.360598369127,19950.93,5694.465241235992,15903.24761885837
23,87,31811.61237762238,6289.519021666345,52383.21,14676.293117052774,78299.51787229753
23,90,20814.992167832166,5278.285717360493,34062.82,12316.628358492828,53946.61269415716
23,91,19604.867692307693,8940.834638127892,37189.54,20863.011846889753,60072.74723150514
23,92,59604.57461538461,12767.151554857084,85856.21,29791.5401548902,149000.6893856594
23,93,2111.610780141844,861.8678527419977,5489.92,2011.1275904298327,6234.34915071352
23,94,374.8988043478261,740.0739149509745,4029.08,1726.9272366756643,2476.7248453713164
23,95,54199.08832167832,8196.673847011465,78304.57,19126.548079307566,127524.7247226642
23,96,13168.146713286713,4135.306817443423,25471.75,9649.541526573976,35985.8349531474
23,97,6149.684755244755,1787.792839458612,8978.1,4171.729452455193,16471.098962944703
23,98,100.58508333333333,119.62114332092284,578.89,279.13024133119103,480.3004079978577
23,99,29.88,2.988,29.88,6.972355705211834,66.73235570521183
24,1,18859.023356643356,10664.373715523005,70441.97,24884.808205467853,62602.854918754565
24,2,40797.1693006993,5195.030932606826,69267.5,12122.357283036532,93716.69588443513
24,3,11825.589020979021,7220.414693794131,40222.89,16848.493836770704,40499.67187872875
24,4,29245.357552447553,2997.3403524195514,37541.93,6994.150972775806,65484.866077670915
24,5,29178.058811188814,13889.525137801167,111686.77,32410.54546092073,90766.66308329836
24,6,4911.185804195804,3457.482904613956,33343.64,8067.871705373995,17890.243313765604
24,7,28788.32944055944,17872.2742115745,146200.56,41704.100757758286,99280.75963887716
24,8,49171.84174825175,3362.173478282142,64666.25,7845.471697862251,106189.15519436574
24,9,23246.74832167832,8906.695094757746,44785.91,20783.348848231733,67276.84549158838
24,10,27175.08923076923,3944.046125751453,45399.04,9203.243810743565,63553.42227228203
24,11,17088.58657342657,9418.371837833238,86805.94,21977.322161085354,56154.4953079385
24,12,4230.501818181819,1105.3807156791106,6364.75,2579.353259503476,11040.356895867113
24,13,29558.63825174825,2868.8131543211525,36903.67,6694.238876746266,65811.51538024277
24,14,17265.87181818182,6499.7916217059965,58703.65,15166.954215625796,49698.69785198943
24,16,20444.66818181818,16558.629686595774,69745.16,38638.773817210866,79528.11018084723
24,17,13903.568811188812,3161.6365208159255,32666.04,7377.5282576027475,35184.66587998037
24,18,6965.927480314961,11983.708183781102,53650.72,27963.41235769073,41895.26731832065
24,19,82.64090909090909,39.81343231661528,198.4,92.90274831218798,258.18456649400616
24,20,5825.841188811189,1158.8976401016114,10149.73,2704.2324540558902,14355.914831678267
24,21,6153.428251748252,1156.1538854062119,12585.79,2697.830033137493,15004.686536633995
24,22,12189.695244755245,2996.6420479847875,28631.08,6992.521512631997,31371.912002142486
24,23,28485.677482517483,9284.776561581375,85816.6,21665.58394603715,78636.93891107212
24,24,6015.021328671329,2249.543301664834,15492.98,5249.202166493932,17279.24482383659
24,25,11885.935804195804,2803.6150680795245,22766.56,6542.102247370192,30313.9738557618
24,26,8280.752797202797,2147.1631777554835,16689.15,5010.303022906363,21571.808617311955
24,27,1950.7345454545452,731.5714116343959,6878.13,1707.0870500933584,5608.556141002449
24,28,679.7056643356643,245.66485061184494,1550.1,573.247229830492,1932.6585585018206
24,29,5705.871748251749,1891.2452831321114,20462.47,4413.1308031463,15824.874299649797
24,30,4308.367342657343,1170.8960905666033,7448.44,2732.230266824728,11348.964952139415
24,31,2530.608951048951,1356.1876943963139,11726.2,3164.599400388963,8225.817302486865
24,32,6998.907342657342,4053.1882768077817,40083.54,9457.92182265678,23455.736507971465
24,33,6394.55,2274.785654653092,15493.94,5308.103995098568,18097.203995098567
24,34,16351.96132867133,4232.630670005613,30655.05,9876.642101763126,42580.564759105786
24,35,3081.7272727272725,958.1100435144988,6047.94,2235.704159343733,8399.158704798278
24,36,1940.5183916083915,1500.3740448182568,7952.93,3501.0513826440188,7382.088165860801
24,37,3036.4712587412587,438.24954141988843,4793.98,1022.6344345466629,7095.576952029181
24,38,58689.380139860135,7243.5969642947075,77791.29,16902.58856099576,134281.34884071603
24,40,45267.23832167832,2824.378088945262,53677.21,6590.551767782058,97125.0284111387
24,41,1579.1774825174825,693.2227246560325,4331.75,1617.6022152737548,4775.95718030872
24,42,5946.428041958042,735.9648452424598,7725.04,1717.3389181933094,13610.195002109393
24,44,4817.372237762238,1195.6879654233944,11536.22,2790.080926162294,12424.82540168677
24,45,21.12425925925926,20.277015392175823,90.27,47.315449783904036,89.56396830242255
24,46,15930.056083916084,3402.838249058834,38443.27,7940.361003928517,39800.473171760685
24,47,-26.92142857142857,67.67293068590311,57.86,157.91156102953866,104.06870388668152
24,49,5294.918741258742,1345.7382714624293,10130.46,3140.216169596044,13730.053652113527
24,50,1277.1853146853148,402.8465251320804,2700.0,940.0231820044921,3494.393811375122
24,51,8.75095238095238,15.51844093482393,74.24,36.211542900907794,53.713447662812555
24,52,1501.941958041958,454.90994062477677,3893.76,1061.510682688333,4065.394598772249
24,54,82.28242647058823,90.80363408045284,507.0,211.88595586841132,376.4508088095878
24,55,15937.714545454546,9985.018453568448,74532.01,23299.56505401051,55174.994144919605
24,56,4810.956363636364,5470.264210470099,24025.48,12764.601029748092,22386.513757020817
24,58,2454.434347826087,1461.5229039885585,7204.0,3410.3940956902247,8319.262791342398
24,59,610.2632867132867,1129.4075547437963,11001.26,2635.4187442527623,3855.945317679336
24,60,102.96576576576577,51.126759574957845,299.2,119.30185870530491,325.23339023683644
24,67,11250.376783216783,4235.696951970958,28207.76,9883.79712470652,32384.550691140088
24,71,5011.297482517482,1489.2832945463215,10297.27,3475.171645049103,13497.766610084069
24,72,58377.36454545455,26590.838673458613,233371.62,62048.45573335228,178803.18482426138
24,74,14541.123356643357,2315.340533132463,22613.69,5402.736872722335,34484.983586009046
24,77,225.83333333333334,126.52496459855922,477.0,295.239979508196,746.9066461748627
24,78,3.888888888888889,3.8873012632302006,12.0,9.070832376358853,16.84861015413663
24,79,22440.393916083918,2034.9921919378287,28443.28,4748.557369317019,49629.34520148486
24,80,28479.774055944057,2520.362971468243,34430.13,5881.1469689830155,62840.695080871126
24,81,24627.877552447553,2144.4226978735405,30310.78,5003.908243609214,54259.66334850432
24,82,19401.593286713287,8556.725189765328,82582.91,19966.710741228275,58769.89731465485
24,83,4287.338321678321,933.4306987160932,9245.69,2178.116083538494,10752.792726895137
24,85,1759.8832167832168,835.1163058728104,6606.56,1948.7041297750068,5468.4705633414405
24,87,25763.40006993007,3581.4818922968157,37424.35,8357.217438041691,59884.01757790183
24,90,72650.44286713286,6674.613992822969,103408.6,15574.893893221539,160875.77962748727
24,91,52435.49825174825,5334.405596486039,65490.22,12447.581423886668,117318.57792738317
24,92,121882.07391608391,12719.31880243438,152826.46,29679.92470500719,273444.07253717503
24,93,37876.83685314685,5501.8534201106895,58543.97,12838.312946100403,88591.9866523941
24,94,51850.04510489511,7690.820833089553,76350.19,17946.164161095705,121646.25437088592
24,95,93927.9920979021,11772.632151329306,134610.49,27470.876487845097,215326.86068364928
24,96,13623.074615384616,4370.05233937535,29331.02,10197.309022931071,37443.4582537003
24,97,18597.824125874125,2424.027288675048,26321.83,5656.352240891112,42852.00049263936
24,98,9878.97013986014,1261.2131188644355,15531.88,2942.980751272576,22700.921030992853
24,99,413.7742105263158,931.1026868228979,5050.0,2172.6837786505016,3000.232199703133
25,1,20145.89748251748,10184.125243490513,60900.48,23764.171266413294,64055.966231448256
25,2,36871.31055944056,4376.22067571249,62377.41,10211.702542024754,83954.32366090587
25,3,11788.13097902098,7696.282087021374,46516.48,17958.907737069316,41535.169695111275
25,4,20351.455454545452,1822.9442170850527,26065.41,4253.753518164621,44956.66442725553
25,5,12422.996433566434,9267.70094025439,65017.29,21625.738796847312,46471.73166398018
25,6,3760.0450349650355,3559.7642611827814,31193.42,8306.540380075954,15826.630450006025
25,7,17971.43958041958,13091.469593322592,79332.69,30548.320852948465,66491.20001378763
25,8,29858.353636363638,2479.9495473896145,45065.67,5786.844168467029,65503.5514411943
25,9,14636.113636363636,5573.565287690263,28125.65,13005.64917402873,42277.876446756
25,10,20202.701468531468,3959.274045174911,39084.22,9238.77743553294,49644.180372595874
25,11,11245.617272727273,3219.6037570446947,25547.75,7512.792042821965,30004.026588276512
25,12,3191.893706293706,771.8110001174925,4725.3,1800.9842135255856,8184.771626112998
25,13,25436.934335664333,1974.5279983094272,30307.04,4607.467052916077,55481.335724244746
25,14,11277.145314685315,5239.308441054675,42384.82,12225.676740412342,34779.96736978297
25,16,16102.8886013986,13936.18695133611,57566.78,32519.4285806717,64725.205783468904
25,17,10380.811888111888,2533.7030456545385,25266.7,5912.275396814598,26673.899173038375
25,18,6647.17296,12269.375051549048,63344.82,28630.00238957555,41924.34830957555
25,19,11.605263157894736,9.935317122054508,40.0,23.183589363803737,46.39411567959321
25,20,3904.7179720279723,859.5008541708996,6385.03,2005.604311985581,9815.040256041526
25,21,5208.073776223777,916.3084798906116,10188.08,2138.162201304983,12554.309753752535
25,22,6499.126083916084,2428.407640121702,19342.63,5666.573582390413,18664.825750222582
25,23,16186.003986013984,5153.0598089726755,43699.37,12024.419664788631,44396.4276368166
25,24,3011.05986013986,986.1895656251221,6775.92,2301.2263869835006,8323.34610726322
25,25,7118.890769230769,1526.9314770757119,12669.23,3563.0218860965097,17800.80342455805
25,26,3887.9504895104897,1088.4387930136832,7377.09,2539.820089773372,10315.721068794352
25,27,1207.298041958042,544.4530566945383,4236.83,1270.4552798072912,3685.0513637233753
25,28,597.4613286713287,217.8295160493791,1241.45,508.2948022056295,1703.217459548287
25,29,3583.101048951049,1010.7797471884546,9903.03,2358.6064046258357,9524.808502527934
25,30,2329.3204195804196,628.2466630658251,3902.49,1465.9836698484949,6124.624509009334
25,31,1655.9171328671328,629.0289907766546,4694.21,1467.809194305639,4779.643460039904
25,32,3963.2409090909086,1870.7808101378832,17737.06,4365.3779299751295,12291.859748156947
25,33,2926.2163636363634,827.6950082536997,5680.68,1931.3868851984737,7783.8196124712
25,34,11331.330979020979,3014.3071857646755,20229.05,7033.742270390684,29696.404228432642
25,35,2277.4833566433567,658.9655792940077,3979.5,1537.664797968138,6092.631511254851
25,36,1319.5865034965034,812.7954985460382,4597.0,1896.619588841354,4535.79259583436
25,37,2981.9911888111887,518.8295210205174,5276.97,1210.6639795581416,7174.646357180519
25,38,44627.650279720285,5053.068094369789,59463.39,11791.093760576669,101046.39432001724
25,40,42220.73426573427,2390.8743463667756,49795.19,5578.991428826975,90020.45996029551
25,41,3302.998111888112,3870.761513957939,23023.24,9032.237659089367,15638.233882865592
25,42,5350.679230769231,753.6651685821176,7619.21,1758.6417797801091,12460.000241318572
25,44,3972.5792307692304,957.6081095663039,8024.52,2234.532920378761,10179.691381917222
25,45,17.384482758620692,9.313433687117495,47.88,21.732453983763637,56.50141950100502
25,46,18687.70825174825,3157.392445177034,34121.57,7367.624909211123,44743.04141270762
25,47,26.811176470588236,43.31606859503078,148.0,101.0759832650301,154.6983362062066
25,48,-21.759999999999998,51.292516998096325,16.96,119.68864575848455,76.16864575848456
25,49,11311.776433566434,1982.258638517342,15792.18,4625.506133692044,27249.059000824913
25,50,2204.3846153846152,450.89509840055575,3808.0,1052.1422395532684,5460.911470322499
25,51,6.970769230769231,5.919079970088907,20.0,13.811891231276599,27.75342969281506
25,52,1499.6206293706293,496.39306991765835,3836.17,1158.309589380188,4157.5508481214465
25,54,47.662990654205615,56.16002172389371,258.97,131.0467362354119,226.37271754382314
25,55,7071.007272727273,6165.755241906381,37626.12,14387.496230872064,28529.51077632661
25,56,4359.542517482517,5269.064437364098,23646.08,12295.110940757813,21014.195975722847
25,58,709.6521739130435,430.1223213099876,2259.0,1003.6699534553712,2422.9743012814583
25,59,553.0703496503496,404.2072826671291,2976.87,943.1984449104183,2049.3391442111174
25,60,189.77,93.33454707003014,492.8,217.79172080223796,597.331720802238
25,67,8719.053636363637,3170.975239251459,21979.08,7399.319712342827,24837.426985070102
25,71,3184.024895104895,832.8590186413347,6751.7,1943.436857517081,8311.486647726872
25,72,38884.31489510489,22427.647515527904,198719.71,52333.847426161636,130102.47721637142
25,74,11868.813286713286,2198.251271205049,23344.36,5129.514656049427,28867.141229476
25,77,477.0,224.8599564173221,636.0,524.6999999999999,1478.6999999999998
25,78,5.5,11.111154755469839,20.0,25.9273504855394,36.9273504855394
25,79,8545.165524475524,800.858254323359,10973.47,1868.764597924184,18959.09564687523
25,80,328.2420143884892,260.1337994108278,1018.46,607.0098328114176,1263.4938615883962
25,81,8061.9413986014,891.2480998898029,9987.65,2079.684998000627,18203.567795203428
25,82,10742.568601398601,3840.35053527112,38550.42,8961.275088557868,30446.41229135507
25,83,290.7848951048951,143.24342275718334,837.64,334.25170545352,915.8214956633102
25,85,3403.212797202797,1605.9115308462033,12596.96,3747.3180803751657,10553.743674780759
25,87,6456.661048951049,1006.726262934114,11540.51,2349.1477921537007,15262.4698900558
25,90,11932.596503496503,1154.4865096487397,16803.12,2693.939291211341,26559.132298204346
25,91,7767.272097902097,690.342509064102,10688.51,1610.8813693518553,17145.42556515605
25,92,38854.4606993007,4842.766065051418,56714.01,11300.363990183238,89009.28538878463
25,93,777.7474825174825,223.0707583139136,1578.82,520.5249914310393,2076.0199564660043
25,94,2607.1097540983606,2193.7449575827577,8854.03,5118.9993878118585,10333.21889600858
25,95,43991.14769230769,5256.252576458737,59815.09,12265.215073462674,100247.51045807806
25,96,-1.27,-0.127,-1.27,-0.2963484519952821,-2.836348451995282
25,97,2706.628251748252,273.7415044519158,3456.87,638.7627644975186,6052.019267994022
25,98,665.9197794117647,657.2320469480368,2430.66,1533.619682793238,2865.4592416167675
26,1,19402.762937062937,6404.74681872297,47231.18,14945.171694096533,53750.69756822241
26,2,27398.03097902098,3562.258898654235,47535.24,8312.361497815755,63108.423455857715
26,3,7357.40076923077,3617.2945434330904,24253.07,8440.784553995094,23155.586092456633
26,4,24498.113846153843,2261.133677081543,30925.25,5276.247755570987,54272.47544787867
26,5,17589.53258741259,9240.258163505145,69393.56,21561.702384185177,56740.76755901035
26,6,4656.6704895104895,3161.388408325721,25763.56,7376.949298922489,16690.290277943466
26,7,16287.65853146853,11190.758336342646,80558.29,26113.10165061765,58688.41871355471
26,8,28694.95090909091,2148.877778927288,38284.8,5014.303963087888,62404.2057812697
26,9,16556.330769230768,6620.35442741838,33427.69,15448.281781303533,48560.943319765065
26,10,10172.815734265734,1814.712673001652,17434.23,4234.545602049292,24580.17707058076
26,11,12809.284615384615,4981.745961825902,43517.35,11624.666960794122,37243.23619156335
26,12,4525.693636363636,1375.5491554681787,7167.74,3209.778447767026,12261.165720494299
26,13,21155.702797202797,1789.066962578738,25586.72,4174.702558079608,46486.108152485205
26,14,10843.478881118881,4599.84868265635,43606.14,10733.527846596433,32420.485608834195
26,16,12557.32034965035,11974.22575245837,50716.46,27941.28555577228,53055.926255072976
26,17,7816.898601398601,1784.559733596127,18968.66,4164.185153892325,19797.98235668953
26,18,3583.714491525424,5498.90671290501,23341.31,12831.43694516429,19998.86592821514
26,19,1283.2493706293706,356.15320843193547,2480.56,831.0665511177725,3397.5652923765138
26,20,3474.472237762238,747.7779997304497,5674.01,1744.904351623994,8693.84882714847
26,21,5651.43958041958,1063.8824503568462,11496.92,2482.5190336078654,13785.398194447025
26,22,6069.362727272727,1603.2758193409372,14425.22,3741.167773095703,15879.893227641158
26,23,13208.49923076923,4158.4670297046905,37432.64,9703.58477894806,36120.58324048652
26,24,2697.7972727272727,1231.5699290880966,6809.86,2873.8097795999743,8269.40432505452
26,25,6370.333426573427,1500.1094846922097,10313.45,3500.434044188792,16241.100897335646
26,26,3502.9066433566436,992.6434852154958,7143.12,2316.286300998534,9322.099587711822
26,27,961.8448951048952,341.97383835540865,3128.1,797.9796662953556,2721.6694565051457
26,28,374.1884615384615,133.43776035199826,781.03,311.37065919710324,1059.7475822740262
26,29,3216.4793706293704,933.7167961539643,8679.55,2178.78367828521,8611.74241954395
26,30,2387.515944055944,539.1394530948678,3720.01,1258.056238852339,6033.088126964227
26,31,1269.01993006993,509.53687754071217,3970.9,1188.9800385330682,3727.0198986729283
26,32,4162.972657342657,2009.5505292035991,20586.83,4689.190460911705,13015.135775597018
26,33,3076.4872727272727,1184.6586397867459,7239.18,2764.3445200286505,8917.319065483196
26,34,7963.855174825175,1742.4846322675348,13591.08,4066.004908646081,19993.71525829643
26,35,1954.9786013986013,512.2206717614199,3679.0,1195.2425445392148,5105.199747336417
26,36,1027.9153846153845,686.1243221492336,4513.38,1601.0384310648633,3656.8692002956323
26,38,103498.2034965035,9027.704537322346,125427.86,21065.718619734344,228062.12561274134
26,40,37448.6720979021,2195.017582877331,42396.2,5121.968998331675,80019.31319413587
26,41,1388.5592307692307,676.3914087179346,4410.5,1578.3271410745517,4355.445602613013
26,42,2778.0912587412586,490.3006098028559,4024.99,1144.0931238379462,6700.275641320463
26,44,3806.1772027972024,942.482432235425,8349.27,2199.237872643437,9811.592278237842
26,45,28.551304347826086,23.80856401239858,121.85,55.55615030948741,112.65875900513959
26,46,9771.878461538463,2004.9162282124732,23790.85,4678.376540243985,24222.13346332091
26,47,69.01888888888888,55.980393825074664,247.0,130.62758308777262,268.6653608655504
26,48,611.3725490196078,473.3365804914855,2093.0,1104.508369302299,2327.253467341515
26,49,3383.052727272727,1027.086029217777,7712.28,2396.65633720212,9162.761791747575
26,50,566.1,409.54349924980835,1366.0,955.6502521843438,2087.850252184344
26,51,24.172121212121215,31.167691982000346,146.08,72.7283249695399,121.07256739378232
26,52,1697.1446853146854,479.9641500708624,3222.45,1119.973487297097,4514.262857926467
26,54,53.90078125,58.01770934645768,263.5,135.3815618357082,243.18312433570821
26,55,8998.72979020979,5827.236827416873,39838.44,13597.579631613298,31595.03921203288
26,56,3909.6988111888118,4952.81536622247,23430.51,11557.15879368878,19376.556416066403
26,59,259.71804195804197,286.5353301723612,2190.62,668.6165475475299,1188.0526314636138
26,60,102.24222222222221,41.3990554573296,207.0,96.60272440036584,301.08716884481026
26,67,6660.914125874126,2736.242143471906,16015.23,6384.890736237415,19706.718987985667
26,71,2831.279510489511,941.726732078755,6610.74,2197.474482315865,7860.033503294886
26,72,42909.5986013986,20754.385142239513,196615.87,48429.36936233513,134248.56656513232
26,74,8579.792797202796,1598.0823115342343,14495.72,3729.048969954429,20888.63456436002
26,77,348.75,206.6936138345837,636.0,482.3097047022795,1179.8097047022795
26,78,10.434999999999999,2.213244225113895,12.0,5.164500000000004,26.0345
26,79,12253.60223776224,1246.7492816828278,16288.26,2909.230076007369,27416.43455153185
26,80,19365.780349650347,2201.0054831722027,25244.86,5135.941478513466,43867.50217781416
26,81,19192.05643356643,2184.0681575978706,25279.18,5096.41903587651,43480.531903009374
26,82,13917.993146853147,4841.255186351494,48043.55,11296.838426688157,39132.82472039445
26,83,2883.004125874126,849.7526402714793,7745.67,1982.8573190815484,7748.865570829801
26,85,1871.3519580419581,700.555302725217,5086.77,1634.7124370055453,5377.416353089462
26,87,19821.437622377623,5295.284793095386,35151.3,12356.294892188782,51999.17013694403
26,90,57016.58923076923,5906.6284639928745,81356.6,13782.836234768181,127816.01469630664
26,91,39434.281258741255,5066.99785352413,56176.21,11823.598190199156,90692.16070768167
26,92,84988.31181818181,11309.837666488569,117673.52,26390.96759670725,196367.59123307088
26,93,25615.33146853147,4230.054998981002,37059.11,9870.63189608602,61101.29483314896
26,94,42544.202027972024,6485.147481484304,59931.13,15132.78281180296,100221.186867747
26,95,70236.82762237762,8707.773014563827,95173.84,20319.173647183317,160792.82889193855
26,96,18596.331888111887,5127.863598342998,35955.55,11965.62550718035,49158.28928340413
26,97,14830.084825174825,2589.2759269948965,21742.05,6041.952068925878,35702.12171927553
26,98,8025.948601398601,1196.7893513142396,12789.42,2792.650957688289,18844.54816048549
26,99,221.95027777777779,356.0306679445796,1280.0,830.7806087261611,1274.6811642817165
27,1,30437.976223776222,15401.21018378864,97095.89,35937.99052613966,96813.94297369212
27,2,79001.04916083916,8427.786525425126,109404.21,19665.83850831837,177667.9368299967
27,3,20226.734615384616,16614.005609364638,79953.07,38767.99089587515,79221.46012664438
27,4,43596.933916083915,4185.534760775572,56085.26,9766.74604038019,96960.61387254803
27,5,28059.038251748254,17314.849158579982,138618.5,40403.375942338505,96521.45244583502
27,6,7730.729090909091,5178.928257352218,41005.33,12084.782457172862,27546.240638991043
27,7,43272.914965034965,30454.863076779704,230033.85,71064.97266560582,157610.80259567575
27,8,42181.46958041958,3547.9637827196016,58165.72,8279.004525545506,92641.94368638466
27,9,29315.69713286713,10272.696745138259,56253.79,23970.848647548788,82602.24291328306
27,10,36757.327412587416,4051.864379074437,48841.94,9454.832570342789,82969.48739551762
27,11,20785.57909090909,9855.814172999893,84837.06,22998.073018280942,64569.23120009912
27,12,3911.993986013986,795.9996904372847,6225.39,1857.4273704709688,9681.415342498942
27,13,52941.78727272727,4754.671588851903,66187.45,11094.79972521425,116978.37427066879
27,14,28918.602867132868,9569.920758472736,79030.86,22330.954350322132,80168.16008458787
27,16,24741.91251748252,22479.246726692178,98262.82,52454.25172815149,101938.07676311652
27,17,18713.578041958044,3666.8217146136712,36842.02,8556.353849357854,45983.50993327394
27,18,11320.96109489051,18596.611057390885,91988.56,43394.30629304043,66036.22848282145
27,19,790.6855244755245,699.1155982691338,2256.3,1631.3529552190023,3212.7240041700516
27,20,11159.393076923077,2296.3146075753007,21116.24,5358.340781488929,27677.126935335084
27,21,6867.747972027972,1395.96860637375,14892.48,3257.4262640383627,16992.922208094307
27,22,17859.665454545455,3743.606889299527,36797.72,8735.52839781723,44454.85930690814
27,23,37222.15720279721,9529.067687604294,87453.21,22235.625654959014,96679.94006055343
27,24,9648.69916083916,2933.1255003336883,20932.73,6844.308673478549,26141.70699515687
27,25,12774.555874125874,2584.7293601800015,21234.06,6031.342871780309,31580.454620032055
27,26,12383.764265734266,2901.4255345808197,22679.45,6770.338313012675,31537.866844481206
27,27,2114.502377622378,632.8959613943168,6151.84,1476.8325860887526,5705.837341333508
27,28,963.9101398601398,352.0226218542829,2057.6,821.428024045963,2749.2483037662423
27,29,7801.956713286713,2029.831869271677,21263.21,4736.516002120876,20340.429428694304
27,30,5028.221048951049,1219.9651826570182,7635.6,2846.730656445267,12903.172754347364
27,31,3562.270839160839,1695.9728870218935,11055.48,3957.4719661016343,11082.013644423312
27,32,8397.365314685314,3518.757330454988,36328.82,8210.852660058164,25005.583289428792
27,33,9801.541748251748,2918.3362985620197,21505.16,6809.798775436975,26412.88227194047
27,34,18926.597972027972,5273.9595514927005,35571.98,12306.533456461368,50159.72940051731
27,35,3579.2062937062938,1160.078449963609,7317.77,2706.987817636235,9865.400405048822
27,36,2536.471328671329,1765.0589177818335,9378.0,4118.680928859168,9191.623586201826
27,37,2566.7814685314684,386.52488345086067,3791.13,901.9374084119636,6035.5003454749
27,38,39725.397762237764,4901.73753564186,56689.2,11437.971108461685,90888.76663293722
27,39,1.98,0.198,1.98,0.4620235708272902,4.422023570827291
27,40,70061.09125874126,4540.7119738220645,79711.98,10595.535152744964,150717.7176702275
27,41,2278.351818181818,1022.6566427200712,6863.0,2386.320574746341,6943.024211109978
27,42,10201.29825174825,1105.8326688386744,12770.54,2580.4078706783666,22983.004374174867
27,44,4936.005804195804,1394.783845156313,11557.75,3254.6616801582722,13126.673288549879
27,45,43.34461538461539,58.21163251667496,222.4,135.83407231838464,222.52330308761543
27,46,38260.78461538462,6507.215963916445,64351.28,15184.278564611226,91705.84779538047
27,47,5.826086956521739,159.33609480189781,425.0,371.803189303275,383.4553632163185
27,49,10716.222657342658,1715.5289430586017,15499.67,4003.105091563142,25435.550406248458
27,50,2752.7814685314684,563.6020158564071,4101.5,1315.1384640981628,6820.701401161099
27,51,5.892307692307692,5.256497810402781,15.0,12.26578731519255,24.050402699807933
27,52,2255.9050349650347,864.2108659902381,6289.32,2016.5949002654268,6528.404970195496
27,54,95.30355072463767,89.69462549141312,425.76,209.29813713918773,399.9052385884631
27,55,14255.32020979021,10832.564204955266,83743.26,25277.272702976352,53787.91312255677
27,56,5568.830909090909,6542.369987241983,32554.06,15266.308803933505,26403.970622115325
27,58,1538.5384615384614,1127.4716528439226,4500.0,2630.901409361091,5707.978332438013
27,59,1200.596993006993,2722.378867620421,24765.28,6352.541442236067,8753.735428250053
27,60,101.84351145038168,69.66121986965713,413.6,162.55113915335335,366.23816205411674
27,67,12280.209230769231,5651.410613715696,37420.67,13187.297535152391,37747.71599669085
27,71,10846.354265734266,2353.7947789559153,21497.33,5492.468024080021,27185.176555548554
27,72,68527.76594405594,44791.304377825916,420586.57,104518.37571037962,241573.9075984915
27,74,27537.11125874126,4066.8527436015265,42260.59,9489.807205189592,64564.029722672116
27,77,189.07777777777778,150.6370884591323,477.0,351.5044722672459,729.6600278228015
27,78,6.75,12.422409369581029,30.0,28.987100682889963,42.48710068288996
27,79,36864.10958041958,3325.2659603776583,46495.49,7759.349762445071,81487.56892328423
27,80,26832.98811188811,2266.5490947271305,35230.15,5288.884374753488,58954.8605985297
27,81,29560.686643356647,2635.541205843675,38652.88,6149.909893870489,65271.283180583785
27,82,26075.51636363636,12281.214267989024,112088.27,28657.628637330068,80808.6613646028
27,83,9225.643426573426,1847.4343245290313,17388.78,4310.90001761518,22762.18687076203
27,85,4228.461818181819,2001.9405480854075,17209.07,4671.432932375567,13128.356568739204
27,87,16603.7513986014,2299.030808882819,26306.7,5364.678907888856,38572.18170509165
27,90,96374.53657342658,8049.165326696938,136071.89,18782.343971816823,211531.41711866998
27,91,66687.09657342658,6248.107366653385,88143.67,14579.660992189361,147953.85413904252
27,92,146518.14139860138,13043.315493317774,188077.31,30435.955553785836,323472.2383509886
27,93,54910.69377622378,6260.0421958765355,77763.41,14607.510347820138,124428.8979002677
27,94,69638.93041958043,9925.915042079,95291.7,23161.65005792753,162439.5108970884
27,95,119519.41090909092,13556.171059760625,161572.75,31632.679594829162,270671.501413011
27,96,20806.99090909091,6538.240927115838,45738.44,15256.673838763592,56870.65565694541
27,97,21268.805734265734,2652.6488469355627,27980.79,6189.829759656881,48727.44122818835
27,98,11524.137832167831,1801.6963761986206,20589.9,4204.172693322603,27252.448357658264
27,99,562.98,1261.6786799119832,5350.0,2944.067115806041,4070.027115806041
28,1,20180.453986013985,9688.349105941714,56283.33,22607.301259336236,62968.209231364206
28,2,57751.27433566433,4428.5146007935455,69898.9,10333.727925855683,125836.27659718435
28,3,12562.223286713286,8768.467066086325,52778.77,20460.80032603382,45585.24689946039
28,4,27980.817202797203,2661.434397098626,35479.24,6210.3304225761785,62171.96482817059
28,5,28221.618391608394,13435.010626026224,100974.99,31349.957492622336,87793.19427583912
28,6,5016.258671328671,3164.420040697051,24761.54,7384.023468688335,17416.540811345676
28,7,29228.446923076925,24312.012227003244,234363.43,56730.92274301403,115187.81658916788
28,8,33375.57552447552,2023.8725436834238,40408.92,4722.610199656193,71473.76124860723
28,9,17930.71006993007,3938.33579644837,27476.33,9189.919029252604,45051.33916911275
28,10,21083.404825174825,3093.2469553039195,31648.58,7217.944463334143,49384.75411368379
28,11,13539.14776223776,2687.472321367177,24827.16,6271.088678876615,33349.384203352136
28,12,3441.027832167832,597.0239707211847,5562.58,1393.127004151966,8275.18266848763
28,13,38297.38657342658,3208.670759916167,48989.99,7487.280414674657,84082.0535615278
28,14,16522.44356643357,5123.302649416435,46433.16,11954.982750062109,44999.86988292925
28,16,7550.626363636364,3842.40446209866,17292.43,8966.067828997657,24067.320556270384
28,17,9821.526153846155,2167.985629226097,17059.99,5058.8912218045,24701.94352949681
28,18,8402.612456140352,12032.450560870177,57551.68,28077.15037341449,44882.37528569519
28,19,1805.8952447552447,554.6938986552827,3290.95,1294.3517968324481,4906.142286342938
28,20,5695.885314685314,1289.0743604824534,10789.16,3007.993631777821,14399.76426114845
28,21,5153.508391608391,862.6345908750454,8230.77,2012.9167373496316,12319.933520566414
28,22,10210.134825174826,2862.739892683047,19443.36,6680.067209935125,27100.336860284777
28,23,31939.141398601398,6657.745450998059,74807.63,15535.531954188235,79413.81475139104
28,24,8328.875804195804,3545.3235088432943,22665.84,8272.843572190488,24930.595180582095
28,25,15434.385944055944,2219.1041198107164,25249.66,5178.173785214636,36046.945673326525
28,26,10936.965314685314,3248.4600726252684,26530.34,7580.126881031337,29454.057510401966
28,27,1525.0202797202796,573.7566768017335,4294.71,1338.8338818279615,4388.874441268521
28,28,561.6884615384615,166.244913179862,1093.19,387.9245879759226,1511.3015110528456
28,29,5349.592517482517,1730.905361135525,14464.7,4038.985230888563,14738.170265853598
28,30,3909.7404195804197,864.703806522971,6366.13,2017.7451535237035,9837.225992684544
28,31,2583.945034965035,1401.6623053907613,8539.23,3270.7122395487436,8438.602309478814
28,32,8619.192307692309,4336.220814463707,36890.56,10118.364770677488,27356.749386062103
28,33,8378.118391608392,3109.0427885565628,20823.12,7254.803287998681,24011.040071215466
28,34,17685.60230769231,3374.069562297241,30344.99,7873.230643395168,43244.435258779784
28,35,2675.1846153846154,698.3209983891536,4328.0,1629.4987942395712,6979.868025008802
28,36,1802.2460139860138,1175.2522266821377,6489.0,2742.3951030020457,6346.887130974073
28,37,1981.0533566433567,361.66248333888706,2909.22,843.9221817499895,4806.028895036703
28,38,49179.48552447552,6059.940697441286,64867.44,14140.583030471931,112499.55407942297
28,40,46197.60370629371,4778.311200137861,62244.21,11149.961632382468,103545.1690449699
28,41,1384.8581118881118,1290.3081372253964,11003.1,3010.8725910524586,5780.588814828682
28,42,6342.158671328671,587.5681808027765,8202.14,1371.0623686817862,14055.379711339127
28,43,0.75,0.3535533905932738,1.0,0.825,2.325
28,44,4490.995384615384,929.6175175131332,10179.6,2169.218206793024,11151.208976023792
28,45,26.1178125,37.89112240411533,288.03,88.41712967577423,140.65275467577425
28,46,20424.31853146853,3165.9171239817797,40651.98,7387.516841239023,48236.153904176084
28,47,84.146,341.8824728870557,1098.0,797.766469325968,966.0584693259681
28,49,13234.785524475525,2702.7310745785467,23681.11,6306.694252841713,32776.265301792766
28,51,2.364444444444444,5.365042197203838,9.42,12.519070472682868,17.247959361571755
28,52,2645.526923076923,625.0094215743172,4657.17,1458.4297209922488,6749.483567146095
28,54,96.11713178294575,102.62465609103302,553.0,239.46974778839237,431.70401135428386
28,55,10960.007552447552,5657.723587040323,48673.32,13202.028557768457,35122.043662663564
28,56,727.5941549295775,759.9896547207824,4036.38,1773.3996669994706,3228.5879768586256
28,58,4806.917132867133,3137.977790800055,21145.0,7322.321737788751,16936.156003523018
28,59,835.3004195804197,2026.5649035039346,18219.49,4728.892693081569,6399.493532242408
28,60,665.557972027972,180.89382100628188,1320.0,422.1071167773486,1753.2230608332927
28,67,6407.026363636363,3301.161013528241,18332.13,7703.102016899769,20517.154744172498
28,71,6836.11006993007,2170.0496075946794,13825.5,5063.707417036634,18735.92755689677
28,72,55202.67909090909,39211.851911080055,355356.39,91498.98908438439,201904.34726620256
28,74,13054.228461538461,2815.1599888084083,23190.8,6569.041770097853,32677.498693174777
28,77,463.0,138.53158484620033,594.0,323.2568560757838,1249.2568560757838
28,78,10.08,2.784446598005223,12.88,6.49737353529431,26.65737353529431
28,79,43467.7248951049,3945.040687320637,56704.07,9205.564572802161,96141.01436301196
28,80,18546.61097902098,2490.0115028614086,26362.59,5810.323262389168,42903.54522043113
28,81,22125.112657342655,3012.726690890054,31107.07,7030.054260867215,51280.27957555253
28,82,19119.629650349652,3896.641611338495,47868.63,9092.627633862712,47331.88693456202
28,83,6364.809090909091,2402.5421682729,13408.27,5606.217735598917,18335.8359174171
28,85,1432.9710489510492,423.67419889515963,2920.03,988.6235668734,3854.5656647754986
28,87,12536.787202797203,1934.254458094102,17527.58,4513.490664733546,29587.06507032795
28,90,65285.9520979021,10025.99900788177,94256.46,23395.19122592123,153967.09542172545
28,91,57575.60111888112,13193.790456514114,91715.98,30787.0817144731,145938.28395223533
28,92,98486.96034965036,22566.56561061476,158418.77,52658.00618547758,249631.92688477828
28,93,47923.50867132867,14483.544427512164,92790.07,33796.6611850246,129643.67852768194
28,94,36164.36461538461,5404.087267748283,49480.21,12610.180285390685,84938.90951615991
28,95,96322.11384615384,15334.156555512014,138091.76,35781.5240777897,228425.75177009735
28,96,26288.955734265735,6469.908549813841,63978.78,15097.223490459623,67675.1349589911
28,97,23828.86132867133,5820.937114156545,38554.97,13582.879550725802,61240.60220806846
28,98,10673.133076923077,2265.606344959034,19267.3,5286.684513065344,26632.9506669115
28,99,316.6056097560976,701.2393756808327,3100.0,1636.3086886704948,2269.51990818269
29,1,15504.699580419581,8403.590213306625,53381.6,19609.377566268664,50618.77672710783
29,2,25181.662727272727,2842.5303275524043,43024.15,6632.909152124386,56996.23460666984
29,3,7995.9558041958035,4930.7676565898355,30900.55,11505.711513218916,27497.623121610523
29,4,14326.216223776224,1566.7386086024826,19427.35,3655.9099318156523,32308.3423793681
29,5,12931.821258741258,8868.631879852916,69467.35,20694.530148900947,46558.17266638346
29,6,3289.884965034965,3058.5157101158024,26440.84,7136.90075666196,13716.67068673189
29,7,16854.082237762235,12955.930323306971,99680.98,30232.04642102957,63940.21089655404
29,8,20680.465944055944,1618.3967818658864,28478.15,3776.4518190559183,45137.383707167806
29,9,11370.866363636364,4247.357342826733,21063.65,9911.006091476353,32652.73881874908
29,10,9400.183076923076,1258.4348819999104,14939.44,2936.497867854637,21736.86402170079
29,11,8232.700279720279,3818.3810890192995,23722.25,8910.010431960069,25375.410991400626
29,12,2237.276993006993,472.6753954227758,3399.95,1102.965525431476,5577.519511445462
29,13,17953.007552447554,1380.6216896318826,23819.52,3221.6149646733797,39127.63006956849
29,14,9601.125244755243,3746.874272847883,33655.1,8743.152681727703,27945.40317123819
29,16,7115.321048951049,6369.021271978538,26666.8,14861.807832093404,29092.449929995502
29,17,8000.553216783217,1839.9462610989033,20414.63,4293.426978198166,20294.533411764598
29,18,3539.8016071428574,5528.560787298376,28406.23,12900.633315572375,19980.23652985809
29,19,36.90816091954023,61.52011016503458,477.97,143.55424735423003,217.37056919331047
29,20,3925.716013986014,707.7222896731436,6158.51,1651.4362597416746,9502.868287713702
29,21,3755.09020979021,853.6243366982203,8648.06,1991.891738315095,9502.072157895514
29,22,6408.913776223777,1595.7331969749498,14975.46,3723.56742300007,16541.394975447623
29,23,19722.253636363635,7019.078615597549,64076.13,16378.685686342687,55823.19295906996
29,24,4440.371538461539,1730.0716842924667,11014.71,4037.039885676715,12917.782962599793
29,25,6452.345664335664,1314.3797489656208,11230.93,3067.0425507079467,15971.733879379275
29,26,4071.8576923076926,1305.0369482188878,9113.18,3045.2415700890906,11188.956954704476
29,27,1406.5686713286714,662.1773066789715,5827.46,1545.1592108717982,4358.2965535291405
29,28,651.7749650349651,278.581714693902,1521.24,650.0571645962928,1953.607094666223
29,29,4577.955804195804,1256.4162060951812,13504.3,2931.7873837645056,12087.698992156114
29,30,3032.9025174825174,702.8291490749318,4720.88,1640.0183491773023,7705.823384142337
29,31,1974.257202797203,1031.2934745311009,7692.0,2406.4742104734455,6354.988616067852
29,32,4196.283846153846,2508.886677361243,23716.09,5854.3675832093795,14246.935275517071
29,33,4058.077972027972,1556.696122211342,11624.83,3632.4762680660606,11748.632212122004
29,34,11029.653986013986,2949.437655896445,22002.81,6882.372311665393,28941.680283693364
29,35,2413.3462937062936,777.652074957344,5305.0,1814.61408350022,6641.306670912807
29,36,1125.3719580419581,838.6277393886967,4338.0,1956.8978926625439,4207.64180874646
29,38,42484.14937062937,4614.122788573129,53466.81,10766.835792990558,95735.1345342493
29,40,28640.312377622377,2034.2173995057776,34076.22,4746.749428074058,62027.37418331881
29,41,909.9382517482518,503.7909039379177,2798.5,1175.5720827661871,2995.4485862626907
29,42,3763.450699300699,502.3665315322398,5054.71,1172.2483775891205,8699.14977619052
29,43,0.9166666666666666,0.8010409893798611,2.5,1.8691910014763073,3.702524334809641
29,44,1984.0671328671326,530.1273429406098,4977.84,1237.0269089828482,5205.161174717114
29,45,31.897142857142857,7.872580505115448,45.88,18.370291699993693,82.1645774142794
29,46,12095.77951048951,2372.860095694327,27714.54,5536.956032758982,29728.515053738003
29,47,15.978333333333333,139.2437437689316,298.0,324.91864500748494,356.8753116741516
29,48,8.982,17.55992796112786,21.96,40.97525565692055,58.93925565692055
29,49,43.50333333333334,41.18540264057966,98.01,96.10417572707233,183.110842393739
29,51,20.110877192982453,14.2347989449274,53.1,33.21622544719141,73.43797983315632
29,52,959.3714685314685,244.64649999931078,1701.59,570.8709571721223,2489.6138942350594
29,54,42.186454545454545,50.73406129404408,317.0,118.38551596790332,202.7584250588124
29,55,5803.394405594406,4549.170073974123,31868.08,10615.271726657435,22222.060537846246
29,56,3089.913846153846,3881.828550421138,19019.63,9058.062061640898,15237.88975394859
29,58,1150.6548,1033.7277242220084,5151.0,2412.154416203134,4713.464016203134
29,59,329.17006993006993,469.59838780330136,3824.95,1095.785474684949,1754.1256145450889
29,60,274.65818181818184,223.3587107055376,1434.4,521.1969146240009,1070.5132782603646
29,67,6207.3044755244755,2858.8685287088315,21159.67,6671.033566463716,19085.642517512668
29,71,2852.8939860139863,856.2328921799846,6409.22,1997.9786783069426,7703.7666503349155
29,72,34201.58104895105,29914.441097347048,266480.63,69803.92371262083,138207.08581052293
29,74,8432.304335664336,1330.2947758004298,15565.07,3104.179507920222,19968.78817924889
29,77,220.0,85.71464285639881,318.0,200.01103719545077,640.0110371954507
29,78,0.3333333333333333,12.013880860626733,12.0,28.033818862224248,28.700485528890916
29,79,8221.684125874126,876.7159599421952,10592.52,2045.7749414836796,18489.143193231932
29,80,30.234384615384613,37.15809488536568,193.96,86.70664486907029,147.17541409983951
29,81,5291.476643356644,449.73534519719425,7828.32,1049.436010683089,11632.389297396378
29,82,9307.916573426573,3843.662462017166,39470.82,8969.003311898912,27584.83645875206
29,83,758.9465734265734,165.16477520694852,1404.88,385.4041374545507,1903.2972843076975
29,85,1802.4125174825174,838.7988158825762,6212.25,1957.2970915139927,5562.122126479027
29,87,9095.476643356642,1457.618318164676,15948.18,3401.2829306147114,21592.236217327994
29,90,10950.327972027972,951.3204894040407,15120.66,2219.8610581596977,24120.51700221564
29,91,4691.213216783217,471.18633334278263,6039.05,1099.490869980052,10481.917303546486
29,92,25166.714265734267,3141.449449561679,36619.76,7330.422688181374,57663.85121964991
29,93,1190.882097902098,334.14905274728216,2820.66,779.720901711393,3161.4850975155887
29,94,263.08301204819276,599.9241959832781,3002.66,1399.894541686289,1926.0605657826745
29,95,30980.395594405596,3974.72599323944,49714.33,9274.833820487544,71235.62500929873
29,96,11.799999999999999,10.905044704172468,24.0,25.446402496227243,49.046402496227245
29,97,2131.6767832167834,252.7236943210304,3018.63,589.7187054690254,4853.072271902593
29,98,139.67797101449275,111.4784618205139,410.58,260.1296818214523,539.4856238504378
29,99,29.88,2.988,29.88,6.972355705211834,66.73235570521183
30,1,9788.376643356643,2373.5326538578515,22380.12,5538.525415204945,25115.278701918232
30,2,12974.464475524475,889.7357365617283,14844.11,2076.155970196459,28025.08492124541
30,3,739.9818881118881,329.37014762911775,3048.66,768.5695541995792,2248.5333304233554
30,4,13216.100909090908,1071.0585005799937,17593.37,2499.2640050651107,28931.465823246926
30,5,405.56594405594404,182.48753159506222,1318.2,425.8259645404474,1236.9578526523355
30,6,27.303937007874016,24.167786777243084,105.9,56.394379524315234,111.00225354006326
30,7,379.77195804195804,199.07275145936933,1035.13,464.5267852710679,1224.070701354984
30,8,11733.993776223777,790.7700481593362,14164.04,1845.224249261842,25313.211801709396
30,9,76.84535211267607,64.35151810011968,355.85,150.16120293320347,303.8519071585556
30,10,196.1169230769231,53.08925875062888,369.87,123.8812570734319,516.115103227278
30,11,835.3027272727272,343.2923735653669,2691.12,801.0564054163983,2471.6618599618528
30,12,72.02370629370628,28.577368339948187,257.62,66.68392810742228,210.73134069483484
30,13,11386.088111888113,1118.0056480878222,14195.05,2608.812938053608,25380.989161829835
30,14,975.0402797202798,445.07409807196035,3869.19,1038.5592124946597,2988.6397719352194
30,16,1681.6684615384615,673.5930201740468,3943.97,1571.7972346724848,4935.134157749408
30,17,153.27783333333335,109.57909591163964,648.29,255.69760192485788,562.2532685915246
30,18,424.1154651162791,491.81416814425756,2476.36,1147.624940148804,1995.8558703813621
30,19,2.38,0.238,2.38,0.5553616659439143,5.3153616659439145
30,20,46.31785714285714,40.56285083228245,187.96,94.65148072962555,187.28719501533982
30,21,1572.905944055944,414.17484077199043,2317.24,966.457267072219,4112.269155184107
30,22,56.5225,49.746076259598674,141.68,116.08009993993163,229.12509993993163
30,23,17.175869565217393,13.555015238499072,48.77,31.629982540957947,65.98172167139273
30,24,9.06875,7.192129502846448,23.66,16.782491690694034,34.91999169069403
30,25,43.547642857142854,28.195348221122934,133.72,65.79250235273788,152.8877880670236
30,26,7.1197297297297295,4.74311927748823,18.5,11.067842956792264,25.307302416251723
30,27,10.064,6.613178549405406,22.5,15.431537211690529,35.559537211690525
30,28,89.65293706293707,54.643424456958556,318.67,127.50782873654177,306.8137028624159
30,29,8.615,3.200640560887774,10.96,7.468542327656718,24.698542327656718
30,31,67.09210937499999,78.49078857287071,621.38,183.1545172398363,317.3387359898363
30,32,38.03918032786885,33.216633655274286,174.88,77.50943278925136,153.58779344498907
30,33,7.25,6.7175144212722016,12.0,15.675,30.175
30,34,3.677777777777778,2.446312417587836,8.0,5.708353527944813,13.06390908350037
30,38,61266.48958041958,5807.706992007717,80457.01,13552.007690737504,136084.98685157666
30,40,23431.05846153846,1879.1776680701787,32108.75,4384.971598084264,51247.08852116119
30,41,49.76829268292683,104.54923167824904,595.0,243.96065326885991,343.49723863471354
30,42,64.55517482517482,22.714083887214517,136.03,53.00223305879529,182.11258270914493
30,44,5.858823529411764,4.949924093297974,18.75,11.550412146007911,23.268059204831438
30,46,6429.953986013987,985.686053816797,8644.75,2300.051466157056,15159.95943818503
30,49,7.317222222222223,10.087611975065116,28.79,23.538962150705647,38.17340659515009
30,52,19.153380281690144,11.320183311006309,61.52,26.415108665508242,64.72186922888852
30,55,18.61777777777778,16.53119609842084,59.4,38.574758845649306,75.81031440120486
30,56,92.23709677419355,120.00438070428426,556.29,280.0245075147019,464.498701063089
30,59,91.67818181818181,77.29346053671917,404.56,180.36060928673345,363.71697292309705
30,60,696.2503496503497,235.91633688755056,1900.8,550.4995372993942,1943.0002366000936
30,67,1452.3444055944055,758.9979455980127,4327.89,1771.085560988743,4675.774372177554
30,72,66.88640845070424,41.56183678665095,231.32,96.982566880351,230.75538378175946
30,74,274.10545454545456,195.98892068688522,845.47,457.3308130219256,1005.5417221128348
30,79,5857.313916083916,882.5689081616067,8686.35,2059.432517424082,13774.060349591915
30,80,6619.199370629371,912.6367188769902,8137.09,2129.59432183661,15367.993063095351
30,81,11365.228741258741,1148.5246219112732,14940.36,2680.0275100934837,25410.484992610967
30,82,4564.526643356644,1523.8409068654576,15180.62,3555.8101876902765,12684.863474403564
30,83,1803.6416083916083,375.7729908152899,2794.7,876.8483789743977,4484.131595757614
30,85,77.29737588652482,54.640116288903,320.64,127.500109283926,282.0948610569756
30,87,321.3325874125874,127.16564240409778,634.18,296.7349706570077,939.4001454821824
30,90,34622.98622377623,2425.782952613124,44235.52,5660.448999082236,74906.42144663469
30,91,31576.583986013986,2350.3641634316714,39513.06,5484.46284612726,68637.63081815523
30,92,53256.041398601395,5595.33647659365,75698.86,13056.451206545387,119568.53400374818
30,93,22409.698391608392,1914.5384993236537,29700.75,4467.484413857757,49286.881197074545
30,94,24522.622587412585,2194.255390779703,29591.27,5120.190459369037,54165.435634194204
30,95,45456.508321678324,3352.1107852904493,52885.46,7821.990882972551,98735.0075263292
30,96,19163.112027972027,2085.0513410254575,25114.6,4865.368009791979,43191.59206573603
30,97,13172.53111888112,1015.7077159114826,17575.03,2370.105584960879,28715.167822723117
30,98,3207.0346853146852,704.8338561423628,5847.53,1644.6962376508234,8058.765608280194
30,99,-0.6418181818181817,2.0218843596102034,0.02,4.717970866802803,3.43433450316644
31,1,17356.652447552446,6458.861484391444,43413.16,15071.445689380742,49784.750584485635
31,2,58512.13153846154,3273.745676569605,75488.69,7639.129633682283,124663.39271060536
31,3,10616.675944055944,8140.752695419202,56742.52,18996.05873514882,40229.41062326071
31,4,34848.89923076923,2508.721736001984,44676.88,5853.982700402399,75551.78116194086
31,5,18715.63076923077,9930.799002003187,74938.6,23173.046545826273,60604.30808428781
31,6,3489.8094405594406,2825.8763804231576,23165.15,6594.047959593965,13573.666840712845
31,7,21012.43853146853,18733.270664238975,167602.16,43713.19497760511,85738.07204054217
31,8,25277.976713286713,1533.9559030368691,34064.48,3579.4130495590643,54135.36647613249
31,9,10815.516713286712,2696.590234754686,17815.94,6292.364895552328,27923.39832212575
31,10,19911.584405594404,2911.8993555215466,29153.99,6794.778475392675,46617.94728658148
31,11,11583.676153846154,2259.66152820207,19974.86,5272.812566267534,28440.164873959842
31,12,2800.221958041958,413.67292351695994,3888.44,965.286067059951,6565.729983143867
31,13,42661.320629370624,2233.230412867249,48558.92,5211.1368173385345,90533.77807607979
31,14,17550.170000000002,5394.342001634283,48234.94,12587.440171003553,47687.78017100356
31,16,8361.894755244755,4889.195151032535,23571.08,11408.704051270324,28132.493561759835
31,17,8043.448671328671,1566.5015640669747,16449.04,3655.356799680599,19742.25414233794
31,18,5800.1208,9798.943466931869,45888.58,22865.36793397277,34465.60953397277
31,19,41.5465034965035,31.092805092712982,172.81,72.5535799796576,155.64658697266458
31,20,6430.436713286713,1184.4978992126248,10474.57,2763.9694395537404,15624.842866127166
31,21,4636.288601398602,773.6721012302137,8397.51,1805.3270043426062,11077.904207139809
31,22,8635.45188811189,2074.6473096116365,17210.81,4841.090697949489,22111.99447417327
31,23,20767.686923076923,4339.160167038595,48489.71,10125.223609932891,51660.59745608673
31,24,4491.3569230769235,1990.8442007891574,13219.5,4645.540134390955,13628.253980544803
31,25,9346.158391608391,1672.0175152435443,15721.14,3901.573246861593,22593.890030078375
31,26,7158.594545454545,1829.489708065593,15140.29,4269.027109657787,18586.21620056688
31,27,1211.6436363636365,620.6907371647951,4321.24,1448.3522765873822,3871.639549314655
31,28,605.2558741258741,293.05969710154886,1410.51,683.8408470728367,1894.3525953245849
31,29,4374.8726573426575,1164.675908443971,10869.77,2717.7157680596038,11467.461082744918
31,30,3127.9227972027975,688.7764945487212,4416.01,1607.2271490570893,7863.072743462684
31,31,2309.8772027972027,1268.794156220116,7421.02,2960.6707409172554,7580.425146511661
31,32,6118.760069930069,2771.1746051828923,25344.43,6466.4039720833625,18703.924111943503
31,33,4924.68944055944,1914.4233990317416,11991.92,4467.215832807897,14316.594713926777
31,34,14279.747272727274,2666.341199476465,21945.16,6221.78021225271,34781.27475770726
31,35,1900.8715384615384,473.1065679049484,3083.0,1103.9716458852934,4905.71472280837
31,36,1459.9595104895104,1380.823692540342,7405.0,3222.0863288404703,6142.005349819491
31,37,3032.6483216783217,444.5436461959836,4422.6,1037.3214283032921,7102.618071659936
31,38,80572.5283916084,7881.726104470996,99251.09,18391.63252055736,179536.68930377415
31,40,56982.26629370629,3341.44481551519,64815.92,7797.102350437696,121761.63493785028
31,41,1334.491888111888,1037.9146907044974,7536.0,2421.924503097951,5090.908279321728
31,42,5371.462377622378,591.3072413037498,6859.45,1379.7872882989527,12122.712043543708
31,44,2291.0570629370627,668.9129089481758,6828.43,1560.8764180035666,6142.990543877692
31,45,10.521212121212123,16.81174807938926,52.35,39.22941353276901,60.271837775193255
31,46,25648.204755244755,3052.030523437723,44628.82,7121.767882386769,58418.17739287628
31,47,-20.261333333333333,100.7025471281399,224.0,234.98459805831652,194.46193139164984
31,49,8670.792657342658,1998.0719755881964,17845.37,4662.405802682812,22003.991117368125
31,51,17.722641509433963,21.330433219927396,86.32,49.77355011900964,85.21883313787757
31,52,725.6053846153845,248.69607566340727,2330.99,580.3204491350574,2031.5312183658266
31,54,84.19015267175573,87.93971010767925,453.0,205.20312566397325,373.5834310074847
31,55,7946.053216783217,4646.002367744725,39366.62,10841.225272815469,26733.331706381905
31,56,1747.5075524475524,1585.7702949192214,6937.43,3700.31946550719,7195.334570402295
31,58,3305.775734265734,1846.9694161973273,10060.0,4309.815176163053,10921.36664469452
31,59,524.495034965035,748.0285264678628,6663.91,1745.4889438351418,2794.4790137652117
31,60,252.9212121212121,104.5597583110325,720.0,243.98521666515992,749.8276409075842
31,67,6633.951258741259,3364.0968504212087,19782.56,7849.959795153773,21117.86231263629
31,71,5743.170909090909,1543.9720998979396,11320.78,3602.7853679422,15089.127186124018
31,72,45999.66146853147,29581.01987564366,274558.07,69025.90116998952,161025.22410705246
31,74,15344.295734265734,2352.09427269165,24997.18,5488.499973694011,36177.09144222548
31,77,192.33333333333334,308.5275206309263,795.0,719.9342766686415,1104.600943335308
31,78,0.8742857142857142,10.404676604205209,12.0,24.278817363525526,26.027388792096954
31,79,36201.9386013986,5444.016493859171,49057.04,12703.353233007467,85107.23043580467
31,80,19019.9479020979,1456.0926640986982,22991.24,3397.722889506578,41437.61869370238
31,81,25303.36188811189,1948.593969941272,33907.26,4546.951232751473,55153.67500897525
31,82,18063.452097902096,6330.815837974634,66464.26,14772.657271267695,50899.561467071886
31,83,8511.813076923077,1237.0610068138108,10789.52,2886.6229479763615,19910.249101822516
31,85,1305.1941958041957,367.52565445841765,2919.19,857.6036123409843,3467.992003949376
31,87,8460.688251748252,1319.4559303013823,13224.92,3078.88757811661,20000.264081613113
31,90,86167.2658041958,7666.132662754413,108156.8,17888.55549132079,190223.0870997124
31,91,70232.13356643356,5165.7854772138535,85453.37,12054.114405606573,152518.3815384737
31,92,127010.1186013986,13594.963448448847,180678.96,31723.199786458717,285743.43698925595
31,93,57876.20566433566,7113.186721041174,80245.57,16598.282468771245,132350.69379744257
31,94,68732.14181818182,6982.805942151175,86080.19,16294.045130235889,153758.32876659953
31,95,106696.01923076923,7752.386295134662,125787.52,18089.82423490234,231481.8626964408
31,96,30335.294265734265,4141.348407796479,47779.6,9663.639289949704,70334.22782141823
31,97,31144.97811188811,2799.485624737877,39308.45,6532.466387985157,68822.42261176137
31,98,10101.886713286714,1973.1503632322665,20442.68,4604.252407069375,24808.025833642805
31,99,218.74220338983054,643.5546730574075,4380.01,1501.7041821645084,1939.1885889441696
32,1,22852.639510489513,9360.933722823607,55168.13,21843.29305503314,67548.57207601216
32,2,50323.49734265734,3742.762716871608,66859.7,8733.558561657932,109380.55324697262
32,3,15472.54013986014,10889.63566823441,63684.54,25410.446244676194,56355.526524396475
32,4,28137.154965034966,1887.6110972098256,34197.17,4404.650603364155,60678.96053343409
32,5,20748.371888111888,13318.271076806157,99683.24,31077.551313897977,72574.29509012176
32,6,4589.748391608392,3078.835132454044,27450.02,7184.315161035001,16363.811944251785
32,7,25375.036993006994,20489.3278004977,149907.12,47810.87067796371,98560.94466397769
32,8,24681.34958041958,1909.7223034706017,38316.97,4456.246050191946,53818.94521103111
32,9,20739.684685314685,8462.835835769654,41895.53,19747.62440488611,61226.99377551548
32,10,22887.25748251748,4551.479947173113,44511.83,10620.6617057663,56395.176670801266
32,11,14865.003916083917,2813.8276704848095,24002.34,6565.932868737512,36295.94070090535
32,12,3193.5365734265733,598.1666907734432,4633.13,1395.7934869752005,7782.866633828347
32,13,30027.923986013986,1672.9315121115064,33787.17,3903.706015026546,63959.55398705452
32,14,15590.275734265735,5683.000485382562,47481.43,13261.010996311486,44441.56246484296
32,16,14786.892027972028,11718.15718185308,48701.05,27343.761740783913,56917.545796727965
32,17,11409.636993006994,2173.6609735803436,24709.08,5072.134367583406,27891.408353597395
32,18,7540.921694915254,12045.354715638561,51826.33,28107.261604043768,43189.10499387428
32,19,1642.6246853146852,395.7131563816485,3177.13,923.377805731248,4208.627176360618
32,20,5057.866713286713,857.2441183330371,7355.87,2000.3383263783933,12116.071752951819
32,21,5054.996643356643,1074.101335898431,11497.95,2506.3643163745237,12616.35760308781
32,22,8995.943916083916,2417.1453314051787,20910.62,5640.293521335022,23632.181353502852
32,23,18601.974545454545,4450.256509105225,44748.01,10384.461633505995,47588.41072441508
32,24,4089.416923076923,1532.1089645406028,11285.29,3575.103306533088,11753.937152686934
32,25,7758.946153846154,1685.042854592718,15015.66,3931.96725593908,19449.859563631388
32,26,5855.90048951049,1610.3765796057503,12132.42,3757.7370590206397,15469.538038041619
32,27,1261.8755244755246,562.8903178661312,4918.05,1313.4777507303959,3837.228799681445
32,28,659.9951748251748,250.26931249326094,1404.9,583.9915223567039,1903.9818720070534
32,29,3253.888881118881,1004.7855637651509,9751.2,2344.619263063065,8852.397025300826
32,30,2364.7805594405595,534.3872184229048,3599.4,1246.9671255566338,5976.528244437753
32,31,2156.6845454545455,1036.7274739027066,6908.17,2419.154189228711,6732.523280137802
32,32,5196.571118881119,2051.6413355567142,20464.87,4787.407353084766,15180.549590847004
32,33,3830.254825174825,1505.0251227910403,10994.11,3511.904451599481,11172.41410194913
32,34,11422.796993006992,2190.308445503765,18090.35,5110.980450529397,27956.574436543382
32,35,2141.6961538461537,504.86734878610855,3816.0,1178.083915556893,5461.4762232492
32,36,1461.0634265734266,797.222233531383,4133.0,1860.2801165609972,4782.40696970785
32,37,2951.560699300699,452.3743644787308,4638.06,1055.5940365009558,6958.715435102354
32,38,61116.86783216783,7329.811461390575,79959.31,17103.765984254907,139337.50164859058
32,40,58275.67286713287,3048.8095922085986,65893.29,7114.251992751066,123665.59772701681
32,41,2817.8293706293703,2261.1053867108853,13296.44,5276.181741338303,10911.840482597043
32,42,6578.8076223776225,854.2885077859542,9518.26,1993.44154991911,15151.056794674354
32,44,4266.812097902098,1146.4422125740243,9812.28,2675.1683070736867,11208.792502877883
32,45,16.967848101265822,18.115243380806724,116.49,42.27105774346341,76.20675394599505
32,46,26530.454825174824,3655.8900297705686,40997.98,8530.845283366092,61591.75493371574
32,47,-5.25,255.9467096617315,625.0,597.2394582798428,586.7394582798428
32,48,4.351111111111111,19.97472180309681,28.0,46.610062089638966,55.31228431186119
32,49,4663.605594405594,1061.5262803740754,7765.74,2477.0210231587953,11804.232211969984
32,51,26.955774647887324,29.776522998687206,147.68,69.48209839734542,123.39364769312007
32,52,2512.9834265734266,470.1214245728451,4034.3,1097.005956078578,6122.972809225432
32,54,80.42759398496241,94.9330228742666,452.57,221.5216879686741,382.3768759385989
32,55,9195.223496503497,7101.388555787182,48110.42,16570.752012004275,34961.199005011265
32,56,5524.586223776223,6849.755588378996,32118.56,15983.578465843688,27032.750913396136
32,58,2006.4406293706295,1246.1735947670657,5385.0,2907.8867380048496,6920.767996746108
32,59,656.2739160839161,548.910109222896,3934.33,1280.8555996280822,2593.4034317959145
32,60,800.0993006993007,286.21084503632795,2323.2,667.8593769352548,2268.057978333856
32,67,9503.097762237761,4356.761640484407,25389.65,10166.295809999838,29172.49133447536
32,71,5067.614965034965,1108.859767475209,8831.94,2587.4714611899735,12722.701391259903
32,72,44351.62895104895,24155.13865846674,220379.93,56364.86574148042,145068.12364357832
32,74,14739.222167832168,2121.4185010669644,23736.64,4950.22904586887,34428.673381533205
32,77,447.5,491.4392129246505,795.0,1146.75,2041.75
32,78,2.1119999999999997,11.847592160434964,12.0,27.645792099341268,31.869792099341268
32,79,15463.952797202797,1341.5715232656032,19075.79,3130.493261107985,34058.39885551358
32,80,16749.993776223775,1286.5434040420969,20858.2,3002.0877654536703,36502.07531790122
32,81,17124.83811188811,992.9127895486218,20040.59,2316.9147098350504,36566.590933611275
32,82,18208.699930069928,8086.843135063299,80590.36,18870.263343343955,55287.66320348381
32,83,3742.8377622377625,485.97193364217526,6409.54,1133.9923641575792,8619.667888633105
32,85,2272.82,1206.7870520069189,9620.17,2815.98011614331,7361.620116143311
32,87,6909.307202797203,1470.5887034657692,12527.16,3431.548707038028,17250.163112632436
32,90,61639.63713286713,5090.097839395132,88403.24,11877.500907159661,135156.77517289392
32,91,48368.75615384615,2628.3027578297338,60681.17,6133.019320139941,102870.53162783224
32,92,100122.92902097902,10634.702980916569,143790.49,24815.572959245957,225061.431001204
32,93,30732.226923076923,2737.6802038186643,42860.07,6388.246381573145,67852.700227727
32,94,48650.04097902098,4290.5708041925145,59189.6,10011.8426456583,107311.92460370026
32,95,84695.2341958042,5712.4253623503155,99396.37,13329.672545441766,182720.14093705016
32,96,2308.4118181818185,469.1287386608459,3786.74,1094.6895707767,5711.513207140337
32,97,17160.31,1212.9002816645618,21162.08,2830.2450464246813,37150.86504642468
32,98,7939.262377622378,1168.16080871645,13018.67,2725.8476168872185,18604.372372131977
32,99,379.14725,851.4405649883191,3800.0,1986.796011025801,2745.090511025801
33,1,2379.0865734265735,1099.0223090163552,6971.28,2564.516220356515,7322.689367209662
33,2,7471.4251048951055,716.4074349826391,9166.0,1671.7026327166595,16614.55284250687
33,3,283.95013986013987,264.7316212056609,2097.4,617.738631011803,1185.6389107320829
33,4,6107.616013986014,662.6997275646648,8943.54,1546.378255129792,13761.61028310182
33,5,112.72830985915493,83.37892224739625,384.76,194.56074438622727,420.01736410453714
33,6,11.996538461538462,8.006888505434652,41.88,18.68369302271163,42.67676994578855
33,7,392.9128671328671,443.94903099726645,3481.57,1035.933922053901,1821.7596563196353
33,8,3679.792167832168,669.2682343090298,5002.91,1561.7055528117853,8921.289888476122
33,9,42.788347826086955,41.27701970852918,173.56,96.31795979213679,181.8946554443107
33,10,80.30118881118881,39.30989433003792,222.17,91.72776640003822,252.33014402241582
33,11,170.11244755244755,72.33166287198476,435.39,168.78249072722286,509.00738583211796
33,12,21.053969465648855,11.903231085549146,56.57,27.77562288145363,69.88356181275134
33,13,6931.686503496504,651.6763921342828,8828.63,1520.6558268572055,15384.028833850214
33,14,1018.8675524475524,370.7798222726402,3078.06,865.1970579652184,2902.932162860323
33,16,323.6283916083916,127.70041349404389,865.1,297.98283352848296,945.2396167452662
33,17,297.0311888111888,120.39637383693827,768.55,280.93920482221995,875.0015824445976
33,18,308.9543209876543,402.3363707146617,2494.1,938.8327609660624,1556.741402941371
33,20,52.82601449275362,38.500056811785846,195.0,89.83804911734765,195.4900781028549
33,21,200.8453146853147,69.3387763271109,375.86,161.79873250225532,563.4893618728847
33,22,35.14811594202898,25.196196332649464,128.04,58.79412424684938,129.09035613090734
33,23,5.342857142857143,4.436693749693732,15.92,10.35281358030615,21.038527866020438
33,24,23.9675,31.464842250138283,146.0,73.42171096932462,121.35671096932462
33,25,34.63395833333333,39.06231101792883,211.5,91.15004253166504,160.4179591983317
33,26,134.93986013986014,203.68925965789234,2424.79,475.2991873045784,745.1789075842987
33,27,1.0,0.1,1.0,0.23334523779156072,2.2333452377915606
33,31,40.06969696969697,40.218356232326336,165.16,93.84761898617886,173.9870129255728
33,32,28.796969696969697,24.825345980072523,101.0,57.928762609777884,115.52270200371728
33,33,20.191499999999998,26.982391582777016,119.73,62.96212580068108,103.34512580068107
33,34,4.351999999999999,2.0862214647539217,8.0,4.8680984377886185,13.572098437788618
33,35,19.0,6.519202405202649,30.0,15.212248354533266,53.212248354533266
33,36,45.0,22.079402165819616,75.0,51.521233486786784,141.5212334867868
33,38,13539.82,5199.159891430727,27815.26,12131.992011822478,39211.632011822476
33,40,6243.193916083916,1047.776735797719,8877.02,2444.9371156718403,14931.324947839672
33,41,43.04032258064516,43.259728213895855,208.0,100.94451566869816,187.02516082998847
33,42,55.75223076923077,27.984360894524904,146.4,65.30017347377765,176.8046350122392
33,44,3.2504545454545455,2.7622549057793644,10.0,6.445590278299909,12.946499369209
33,46,1953.485804195804,304.5416002143952,2892.96,710.6333211945046,4617.604929586112
33,49,8.0,4.47213595499958,15.0,10.435516278555653,26.435516278555653
33,52,17.41197674418605,16.989416693221795,89.03,39.6439947821975,74.4679482705696
33,55,32.76229508196721,25.409430044472355,128.88,59.29169495875428,124.8162851226887
33,56,123.40307692307692,131.66084905193694,350.47,307.22432129863,554.0304751447838
33,59,24.498620689655173,45.16477149418441,381.53,105.38984344111962,154.38708482042998
33,60,107.26573426573427,40.29284895295676,272.8,94.02144420227133,308.55291273373984
33,67,645.4054545454545,208.07399236379214,1541.08,485.53075226368463,1776.3416613545937
33,71,5.0,0.5,5.0,1.1667261889578033,11.166726188957803
33,72,10.453333333333333,8.95573708114897,22.0,20.897785987994038,41.80445265466071
33,74,363.3018181818182,102.34908286285773,721.96,238.82671078381685,965.4303471474532
33,79,10952.508111888112,1189.2930536619901,14091.55,2775.1587041060843,24680.174927882308
33,80,8293.086923076922,1291.2381329835105,11668.32,3013.0426918656813,19599.216538019526
33,81,8913.666083916083,765.154751998368,10814.79,1785.4521755240185,19612.784343356187
33,82,3134.103006993007,504.20145949310677,4688.79,1176.5300946027096,7444.736108588724
33,83,2565.923076923077,1746.8247865811877,12996.05,4076.132452049795,9207.978605895949
33,87,332.94415492957745,188.97263895253468,1034.9,440.9586537247795,1106.8469635839344
33,90,24899.923146853147,2182.47718620844,30293.31,5092.706579904647,54892.55287361094
33,91,9862.862867132866,1789.4045710666985,14675.67,4175.4903514086445,23901.216085674376
33,92,34227.662867132865,4924.695794710887,47713.57,11491.543112679108,79946.86884694484
33,93,25648.054265734263,6953.924566610201,49129.77,16226.65181580233,67522.76034727086
33,94,29002.624475524473,6678.914658696337,49090.64,15584.92929223037,73590.17824327931
33,95,27022.94916083916,3430.8067983434867,37234.29,8005.624281763639,62051.52260344196
33,96,9371.822167832168,1522.9557344469017,15135.06,3553.744680005332,22297.38901566967
33,97,5375.769510489511,706.4924111972726,6975.38,1648.5663968876067,12400.105417866629
33,98,7340.692167832168,1250.8849924658361,12605.86,2918.880560168351,17600.264895832686
33,99,0.022,0.010954451150103323,0.04,0.025561690084968954,0.06956169008496896
34,1,19947.57307692308,7031.488449119757,50097.48,16407.643441884622,56302.78959573078
34,2,34916.22587412587,2351.3139326196847,49678.31,5486.6790872975,75319.13083554924
34,3,8377.376433566435,6257.550885672963,39778.11,14601.696994101487,31356.449861234356
34,4,19791.50902097902,1729.905731642465,27660.5,4036.6526430709478,43619.67068502899
34,5,21633.900559440557,11081.596579101966,87986.29,25858.377888606938,69126.17900748806
34,6,3419.062027972028,2496.546713975961,21840.49,5825.572866304601,12663.696922248657
34,7,18055.491608391607,13213.594840276373,110418.82,30833.294300856298,66944.27751763951
34,8,27165.013146853147,1685.7033426108292,35619.96,3933.5084732755263,58263.53476698182
34,9,17224.253496503497,4859.506713244459,36646.13,11339.427495517139,45787.93448852413
34,10,16957.163566433566,2222.9236352356565,23938.55,5187.086442565448,39101.41357543258
34,11,15681.386993006992,3928.957509684969,32035.15,9168.035243703773,40530.80922971776
34,12,5312.239300699301,807.052252461842,8060.51,1883.217997609232,12507.696599007833
34,13,23518.43986013986,1467.7447992667612,27234.94,3424.912592022289,50461.79231230201
34,14,10049.68846153846,3944.252353882301,34418.54,9203.725034265886,29303.101957342806
34,16,16687.234965034964,10835.174911410671,43868.0,25283.36466216276,58657.834592232684
34,17,6743.74986013986,1364.7695946336873,14226.1,3184.624855904897,16672.12457618462
34,18,5104.287723577236,7711.50484844813,34698.1,17994.429325919024,28203.004773073495
34,19,29.99074074074074,38.56937557109843,209.0,89.99980114109975,149.98128262258123
34,20,2977.826013986014,530.2212810679899,4817.81,1237.2461091295604,7192.898137101589
34,21,4441.242587412587,662.4119559978453,8396.64,1545.7067538829006,10428.191928708075
34,22,6152.8216783216785,1832.624024757092,15718.31,4276.340888394706,16581.984245038064
34,23,13611.645524475525,3898.1482727497437,37944.75,9096.143356515506,36319.434405466556
34,24,3032.286713286713,1300.513722973866,7661.74,3034.6868393852465,9099.260265958674
34,25,5790.009160839161,1043.3936778119187,11964.3,2434.7094585923323,14014.727780270656
34,26,4476.318181818182,1188.4180446093071,10353.51,2773.1169121514035,11725.753275787767
34,27,731.1102097902098,342.32638787753365,2552.57,798.8023238160913,2261.022743396511
34,28,273.55545454545455,112.10325276862407,709.2,261.58760174502015,808.6985108359293
34,29,2146.3405594405594,905.2884771155967,8507.47,2112.4475496249875,6405.128668506106
34,30,1903.1337762237763,408.7003485884787,3246.5,953.6828002687231,4759.950352716276
34,31,959.7367832167831,588.8399184330863,3690.72,1374.029907879317,3293.5034743128836
34,32,5010.56972027972,3170.1585656363277,28438.1,7397.414043353619,17418.55348391306
34,33,3464.044825174825,1270.6624573109539,9039.55,2965.0303325403333,9893.119982889983
34,34,8064.623916083916,1728.7900529756794,15681.5,4034.049260032947,20163.29709220078
34,35,1693.4543356643358,498.3694340342927,3864.0,1162.9213409277754,4549.830012256447
34,36,883.7164335664336,655.7564769440652,3342.5,1530.1765104586898,3297.609377591557
34,37,2221.7174125874126,333.10085644498844,3156.51,777.2749855572836,5220.709810732109
34,38,48819.291818181824,5102.260237449818,60952.36,11905.881283821527,109544.46492018517
34,40,38458.90993006993,3236.735507351501,49521.71,7552.768166313239,84470.5880264531
34,41,407.49267605633804,488.7248458694247,2526.5,1140.4161537404475,1955.4015058531236
34,42,4210.795594405595,556.4947802757147,5553.26,1298.5540683319896,9720.14525714318
34,44,3303.2736363636363,835.2747579086537,6510.8,1949.0738700548306,8555.621142782104
34,45,15.973400000000002,18.139207463055136,77.62,42.32697678817053,74.27377678817054
34,46,17203.738181818182,3138.4214912370576,40886.38,7323.357091628557,41730.83345526492
34,47,-78.91916666666667,278.526803425658,498.0,649.9290317668344,492.0906984335011
34,48,1219.9942063492063,1358.2209049979183,8501.0,3169.3438005020803,5609.332213200492
34,49,3965.9407692307695,1213.8427581962424,7267.57,2832.444270528661,10764.325808990201
34,51,27.203382352941176,30.732287295591732,143.06,71.71232886868412,126.11909357456648
34,52,1243.2427972027972,316.28410360994417,2272.73,738.0338936655304,3224.5194880711247
34,54,58.33669642857143,66.2694570495092,311.0,154.63662213535343,271.3100149924963
34,55,10208.866923076923,5455.802036726038,38354.66,12730.854236035184,33148.58808218903
34,56,3916.4426573426576,4745.794361234215,16744.05,11074.085137320459,18906.970452005775
34,58,1879.2317391304348,1047.3533577728708,4172.44,2443.9491832130007,6202.412661473871
34,59,501.387062937063,689.0664887232972,6667.96,1607.9038366533355,2610.677962527461
34,60,68.41037735849056,33.15533406556329,176.0,77.36639311587498,214.1871478328561
34,65,45441.70622377622,7086.889697222595,61588.84,16536.91961600968,107420.33206356212
34,67,6732.085734265735,2605.5716840451482,18489.56,6079.977441964724,19544.148910496195
34,71,2360.7175524475524,742.2016488203009,5319.73,1731.8922023326154,6453.327307227721
34,72,36636.553076923075,18463.80272110627,161262.15,43084.40436493007,116357.51051877622
34,74,7516.448181818182,1080.7560191441864,12471.93,2521.892702818607,17554.78906645497
34,77,477.0,449.7199128346442,795.0,1049.3999999999999,2003.3999999999999
34,78,3.0,0.30000000000000004,3.0,0.7000357133746822,6.700035713374682
34,79,14997.882307692307,1148.4672703404428,18435.27,2679.8936829341524,32675.658298318765
34,80,11687.922447552446,1194.5851390331704,16709.81,2787.5075332995975,26163.35242840449
34,81,15840.57958041958,1178.0013510548888,20095.47,2748.810053806828,34429.969214645986
34,82,15730.6986013986,5388.036336899962,56136.52,12572.726202634914,44034.12340543212
34,83,2838.023986013986,557.0474078936567,4672.08,1299.8435985611782,6975.89157058915
34,85,1882.8304895104895,613.3570748817568,4316.2,1431.2395248941964,5196.900503915175
34,87,6067.450629370629,1671.719301208398,10011.51,3900.8773786121533,16035.77863735341
34,90,44338.936783216785,4291.883005359512,68026.42,10014.904604591735,98692.7781710253
34,91,34018.102237762236,2550.6375524906007,39153.44,5951.7912620600355,73987.99573758451
34,92,67782.5209090909,8344.421990435481,110194.79,19471.311335912957,155036.35315409477
34,93,29590.11132867133,3693.316188419259,44754.1,8618.177442261127,67798.40009960378
34,94,37428.096923076926,4672.56693279202,54938.67,10903.212420293374,85759.40626644723
34,95,69245.18797202798,5249.23965461177,81871.02,12248.850754302734,150739.2266983587
34,96,19154.212307692305,2990.630938373119,31954.53,6978.494874614738,45286.919489999345
34,97,17570.57748251748,1327.9762157251305,21132.15,3098.7692583991743,38239.92422343414
34,98,7775.998181818181,1574.1274206561104,15853.81,3673.1513728721616,19225.147736508523
34,99,347.1443243243243,787.5458031002265,3550.0,1837.70062696168,2531.9892756103286
35,1,17082.647902097902,7377.740537593124,57393.62,17215.606201091043,51380.90200528684
35,2,45578.45622377622,7607.922732167667,63873.14,17752.725390374842,108909.6378379273
35,3,14308.382797202798,13572.95004799046,58234.2,31671.83256481309,60288.59815921869
35,4,19495.63111888112,3682.577349444595,29699.35,8593.118872919642,47584.38111068188
35,5,24858.433706293705,17561.889864754983,123206.75,40979.833665604514,90696.70107819192
35,6,7256.417132867133,5578.837269930127,41155.98,13017.951093522668,27530.785359256934
35,7,30267.58979020979,24872.62848359191,186819.15,58039.094080049,118574.27366046858
35,8,18416.40167832168,3438.553496094984,27580.08,8023.700832052864,44856.50418869622
35,9,15657.032937062937,6651.084864194568,36990.05,15519.989792073316,46834.05566619919
35,10,14818.443706293707,2486.229248723457,22870.76,5801.497552477083,35438.3849650645
35,11,17897.42188811189,12989.206408616978,76321.27,30309.69458142393,66104.53835764772
35,12,2124.073146853147,587.6025948410806,3935.75,1371.1426722013005,5619.2889659075945
35,13,33504.49811188811,6566.324562043184,49123.93,15322.205663465324,82331.20188724155
35,14,28741.281678321677,8280.233898277713,75655.88,19321.531479633544,76804.0948362769
35,16,7441.906363636364,8451.212464875078,34483.0,19720.501822432765,34604.314549705494
35,17,17153.866503496505,3759.368011235258,31873.75,8772.30622527678,43080.03923226979
35,18,6476.6137499999995,11615.814391085049,59542.63,27104.949712303736,40058.17721230374
35,19,-9.788,8.61445271364093,-1.0,20.10141516908698,0.5254151690869797
35,20,11896.808601398601,2670.3792016460775,19974.98,6231.20269801742,30024.819900814622
35,21,3823.951888111888,865.7766981928619,7593.06,2020.2486951420562,9668.152471365833
35,22,21541.95293706294,4616.984209164049,36932.82,10773.512781672658,53857.41865579854
35,23,40062.517342657346,10402.15560874419,90046.41,24272.934740672295,104397.96942598699
35,24,11090.52055944056,3841.4601384040902,24751.91,8963.864294627041,31144.90541350816
35,25,14760.109650349652,2839.60011640362,26272.25,6626.071643951461,36146.29094465076
35,26,13033.82020979021,3382.7567822839374,24751.94,7893.5018575306,33961.14227711102
35,27,1618.0561538461538,526.1495169651954,4664.56,1227.744841501583,4463.857149193891
35,28,740.8525874125874,276.5700747886696,1521.31,645.3630986759184,2127.0682735010932
35,29,8768.50062937063,2437.09672460908,20761.27,5686.849147249394,23223.850405990655
35,30,6063.604825174825,1761.639079514594,10822.18,4110.70089912239,16237.91054947204
35,31,4629.956783216783,2279.416291288714,15266.94,5318.909365167224,14578.82293160079
35,32,7872.417272727273,4000.0029957700376,34671.48,9333.816502149146,25078.651047603693
35,33,10770.603986013984,3493.531214702423,22051.86,8151.988720269767,29693.196692297737
35,34,25881.45321678322,7458.300819874571,45980.96,17403.58978334624,69166.49621691268
35,35,3282.671048951049,1082.97946307288,6913.0,2527.081003341179,9092.423101243277
35,36,3780.4962937062937,2524.445406450185,15895.07,5890.6731365993155,13451.665724011902
35,38,35790.490559440565,4020.091672542575,45447.03,9380.6924727332,80961.67359161432
35,40,36092.428181818184,6256.032031582435,53157.51,14598.152820412237,86783.0091840486
35,41,2074.757762237762,1151.1440823637824,7182.89,2686.1398963152474,6835.655420790772
35,42,8072.815594405593,1642.8808036373257,13030.68,3833.584117879421,19979.215306690607
35,44,1809.1567832167832,488.96281306167356,3114.18,1140.9714388510665,4759.285005284633
35,45,4.365,0.26999999999999974,4.5,0.6300321420372132,9.360032142037214
35,46,16286.060069930068,4544.707547853458,41673.0,10604.858634469658,43176.97877432979
35,47,-99.08833333333332,667.6358721531627,429.0,1557.8965134575576,1359.7198467908909
35,49,0.5175438596491221,47.87625586867155,62.37,111.71696310244765,112.7520508217459
35,51,22.831294117647058,25.09999538931067,108.44,58.56964392685776,104.23223216215187
35,52,1616.18006993007,542.3752956125862,4103.81,1265.6069232698696,4497.96706313001
35,54,198.64948529411765,245.4505071973509,1132.0,572.7470696802503,970.0460402684856
35,55,11675.244965034964,8515.514233559188,64971.88,19870.546937472885,43221.03686754282
35,56,834.1141911764706,890.695361718859,4309.74,2078.3952098012733,3746.6235921542147
35,58,2744.160714285714,1968.6559334776487,8845.0,4593.764869271088,10082.086297842518
35,59,830.7785294117647,2864.7694966498775,26132.28,6684.803194137753,8346.360252961282
35,60,93.41678321678322,52.4432745000125,290.4,122.37388358773507,309.2074500213015
35,67,5412.058741258741,2199.9394505527657,16237.37,5133.453942162705,15957.571424680187
35,71,12648.171538461538,3696.140466837453,26104.93,8624.767761451956,33921.11083837503
35,72,88331.80888111888,71265.92707492769,649770.18,166295.64699735024,342959.264759588
35,74,21901.52048951049,4302.350568736365,32854.03,10039.330165244435,53842.37114426542
35,77,99.096,153.2531653180449,318.0,357.60896303448544,555.8009630344854
35,78,12.6,11.058933040759403,31.0,25.805493601169502,51.005493601169505
35,79,25282.46146853147,4979.645398545595,38191.0,11619.765396412728,62184.68833347567
35,80,51.006940298507466,105.73564109293872,432.64,246.72908313874902,348.74296373576396
35,81,7423.777482517482,1820.053896624763,12550.7,4247.009093013619,19094.564058048585
35,82,11032.78783216783,3771.0029436714935,39239.89,8799.455786037,30865.031450372662
35,83,2497.1968531468533,1562.80564785027,6753.69,3646.7325551961526,8641.126261489859
35,85,2012.5662937062937,891.7903655431601,6435.28,2080.950349078915,6106.082936491503
35,87,11760.22839160839,2442.4981173941887,18675.02,5699.453040087863,29219.909823304646
35,90,12960.45020979021,2326.8129412544927,20465.91,5429.507190735103,31350.407610315524
35,91,7919.08013986014,2124.0337628264624,15234.76,4956.331634640443,20794.491914360722
35,92,33776.032027972025,6296.916518112751,58637.68,14693.55482272626,82245.61887867031
35,93,1528.4514685314684,593.7928574563169,3876.56,1385.5873552207458,4442.490292283683
35,94,200.2704347826087,483.1657205767689,2848.5,1127.4441996071691,1527.9850691723866
35,95,43286.536993006994,9568.171075452989,72780.45,22326.871548319104,108899.94553433309
35,96,10.788333333333334,11.818742306056498,39.36,27.57847233803932,49.15513900470599
35,97,3738.2925174825173,1006.2660563537223,6918.2,2348.0739220143532,9824.658956979387
35,98,68.28483050847457,100.67638755691173,498.13,234.9235559446289,371.493216961578
36,1,2239.227412587413,890.9382516515578,6963.81,2078.961981892301,6557.416807067127
36,2,13416.025664335664,1467.5116462966407,16691.29,3424.368540669743,30256.419869341073
36,3,381.32426573426574,296.17335153562414,1887.75,691.1064114160371,1453.7549428845687
36,4,9873.505104895105,1621.784939038269,13935.95,3784.357922466566,23531.368132256775
36,5,314.75398230088496,334.0213938655614,1491.84,779.4230157902798,1408.9309803920496
36,6,26.29157894736842,17.12550705272301,65.9,39.961555155187,92.54471304992384
36,7,414.42832167832165,128.90413916684943,907.61,300.7916700620491,1129.6483134186924
36,8,3417.64041958042,311.9571967024814,4071.15,727.9372624532919,7563.218101614131
36,9,102.21173913043478,79.59763617629781,326.56,185.73729341204347,390.16077167291303
36,10,175.0523076923077,74.38783446550943,351.86,173.5804692215355,523.6850846061509
36,11,281.67478873239435,117.49435171405827,670.76,274.1674743988219,837.5170518636106
36,12,35.497984496124026,15.752622518758827,85.19,36.75799447480472,107.75396346705277
36,13,12176.395314685315,1309.4470244928725,15053.72,3055.5322730574094,27408.322902428037
36,14,1799.510979020979,585.238762544784,3981.46,1365.6267821085135,4964.648740150471
36,16,624.4677622377623,219.93501436938448,1323.24,513.2078822671433,1762.1434067426678
36,17,476.2758041958042,214.04886142336161,1437.05,499.4728246784714,1452.0244330700798
36,18,272.56224719101124,401.4583183638484,2441.72,936.7838676201227,1481.9083620021452
36,20,64.1663120567376,49.079273548171145,291.75,114.5241475673505,242.8567716808257
36,21,240.62895104895105,59.0804687074736,427.82,137.86146019382286,619.119362291725
36,22,39.17052631578948,132.0906403225403,169.62,308.22721876102685,386.5682713926058
36,23,10.945555555555556,12.181542074805696,36.27,28.425048321134366,50.31615943224548
36,24,14.606,18.98542019550792,38.0,44.30157390093494,73.51357390093494
36,25,19.733125,27.092162193308937,128.75,63.21827029285205,102.68452029285206
36,26,180.60251748251747,151.23016775794613,1803.4,352.88839456735553,714.0934295323905
36,29,4.0,0.4,4.0,0.9333809511662429,8.933380951166242
36,31,74.10279069767442,87.09614584238504,464.5,203.23470862319786,351.4402900185467
36,32,15.09375,21.806702906828136,92.0,50.88490275243729,81.07240275243728
36,33,-3.1566666666666667,9.556078344872091,7.0,22.298653737389618,15.985320404056285
36,34,8.424,17.086219008311932,38.0,39.86987837453232,56.71787837453232
36,36,-30.0,-3.0,-30.0,-7.00035713374682,-67.00035713374682
36,38,18169.855524475523,2723.3454370654968,27842.48,6354.7968860061,42694.507934957146
36,40,10541.56986013986,1043.9301312490022,13605.53,2435.961247140736,23519.100967420454
36,41,60.63636363636363,50.36322612238562,150.0,117.52018975478212,238.7929170275094
36,42,92.58469230769231,30.00445618553788,202.24,70.013969634208,255.1833542495926
36,44,4.3237499999999995,15.54332305739885,36.0,36.26960414899782,44.91710414899782
36,46,2464.3211188811188,442.08506183303916,3622.99,1031.5844387752734,5960.226676537511
36,49,5.0,0.0,5.0,0.0,10.0
36,52,5.280571428571428,5.76028591143813,28.11,13.441352857519073,24.00249571466193
36,55,128.96190476190478,110.72140350060081,426.37,258.3631222846304,516.2869318084399
36,56,202.8576923076923,191.41606620778086,569.08,446.6602748637975,852.3756594791821
36,59,28.774666666666665,30.263976906517062,193.0,70.61954887769525,128.16888221102857
36,60,162.31748251748252,98.25193637821272,686.4,229.26621457655338,553.9011796115184
36,67,675.9437062937063,247.71305873927906,1634.24,578.0266259559191,1929.9140385433318
36,71,-29.0,-2.9000000000000004,-29.0,-6.76701189595526,-64.76701189595526
36,72,-27.64636363636364,59.28615053665185,9.88,138.3414089472129,83.04868167448562
36,74,602.5002797202797,158.53806415887985,1227.5,369.9410228016753,1574.9415822422345
36,79,17498.48909090909,4047.202745027087,30021.95,9443.954869290028,44440.93305110821
36,80,20561.60195804196,3306.8140912763342,26372.02,7716.293204613599,48839.49712069752
36,81,12266.726013986014,1836.866246207913,17577.08,4286.239910126769,28819.691938098797
36,82,4846.001818181819,1078.8290724243293,10280.71,2517.3962644130397,12209.399900776676
36,83,3425.058321678322,1905.3248321421327,13176.7,4445.984760263714,11296.101403620358
36,85,59.42,74.86846599203164,112.36,174.70199999999997,293.542
36,87,280.25235294117647,147.63256442082007,675.0,344.4935585055416,904.9982643878946
36,90,35474.191958041956,6001.216031732354,47158.21,14003.551819631124,84951.93573571503
36,91,11097.875874125873,2034.5710886272636,16054.39,4747.574744795634,26943.32649304738
36,92,44539.56447552447,9621.60765852016,64863.57,22451.563270144885,111530.69222119384
36,93,26103.315664335667,9301.813066226572,44921.08,21705.33781831286,73911.9691469842
36,94,47372.15111888112,13582.415214108154,78974.83,31693.91907919779,126438.22131696003
36,95,39735.688741258746,6220.9070824963555,55802.29,14516.19042444316,93987.56790696066
36,96,15683.341818181818,2665.7408665474586,23999.42,6220.379363951977,37587.06300031561
36,97,6469.273636363637,1165.1962769987535,9028.0,2718.9300233011536,15657.477296028428
36,98,9009.943776223776,2286.399644227815,14904.75,5335.204686688792,23355.092239136342
36,99,0.02,0.002,0.02,0.004666904755831214,0.04466690475583122
37,1,11024.235874125874,3112.0094911857263,29354.03,7261.725947303271,29310.19769555502
37,2,16511.446223776224,1037.5888386623212,19343.92,2421.1641428752864,35444.05659042773
37,3,1297.8620279720278,515.0936966790939,4194.08,1201.946611365172,3797.6706673092276
37,4,17614.013636363637,1002.6614303629058,21848.26,2339.662698924586,37567.68997165186
37,5,1137.6311888111888,436.5398138167564,2785.24,1018.6448666055466,3293.9072442279244
37,6,46.31362962962963,31.920965122305027,164.52,74.48605197000381,167.11331122926308
37,7,824.9783916083917,301.6375249908508,1844.05,703.8567999584791,2353.8135831752625
37,8,16151.397902097902,874.9837322196836,18851.62,2041.7328705854932,34344.5286747813
37,9,151.2338028169014,95.35428782552265,445.05,222.50468967091504,524.9722953047178
37,10,387.6446853146853,74.30548494345467,649.24,173.3883105334766,948.6776811628472
37,11,1747.1831468531468,441.51353286234723,3958.62,1030.2508031395646,4524.617096845858
37,12,182.04825174825177,61.83694161527184,366.15,144.2935584551846,508.39006195168815
37,13,16734.08811188811,767.9727196803088,18519.5,1792.0277689123322,35260.203992688555
37,14,1416.2204895104894,512.0964193547496,4463.33,1194.9526074654082,4027.393586486387
37,16,2215.6324475524475,616.5336946953279,4098.12,1438.6520159519077,5869.916911056803
37,17,324.2439160839161,107.03281262735499,842.04,249.7559711402971,898.2438033081293
37,18,580.277380952381,539.689890311002,2871.38,1259.3406578832207,2419.895419787983
37,20,64.42042253521127,63.17489531760493,344.21,147.41560970343477,276.2564547738573
37,21,1915.6254545454547,202.28784828307408,2497.57,472.02906059957076,4303.27996969048
37,22,85.16483870967743,77.84620144322899,425.04,181.65040386940004,351.9800812887549
37,23,42.991264367816086,22.47263984061599,120.75,52.438834874126385,138.42136360975854
37,24,6.342222222222222,5.137310529559624,20.51,11.987669471291792,24.672113915736237
37,25,67.3448951048951,35.1090542245908,175.0,81.92530606673938,216.61509627652958
37,26,10.471666666666668,13.206676675966948,57.0,30.817151093897657,51.76048442723099
37,27,23.26879518072289,13.781309311367561,76.9,32.15802898340113,78.6956193448469
37,28,139.91545454545454,60.33161637837282,324.0,140.78095370160622,420.6118627925153
37,31,123.62323943661971,140.44720754490683,730.18,327.7268704172696,574.9733492905091
37,32,103.30333333333334,76.08926581927746,303.0,177.55067825984568,384.15734492651234
37,33,4.885555555555555,2.3794175290977786,9.0,5.552257491327289,15.3233686024384
37,38,69388.85447552447,10037.495520254082,99514.86,23422.01779005414,162199.72674110308
37,40,27125.87979020979,1731.0553579159948,32334.82,4039.33524123263,58291.09482165221
37,41,5.666666666666667,1.1547005383792517,7.0,2.6944387170614963,14.02777205039483
37,42,114.22034965034965,31.666608360987304,214.65,73.89252258046807,302.33322188116733
37,44,4.442352941176471,5.581103754424124,18.0,13.023239827154692,21.907945709507633
37,46,8520.157202797203,737.9165246183317,10927.07,1721.8930690738666,18762.207474668274
37,49,18.46977777777778,11.118088964485858,53.46,25.943531132056794,62.88308668761235
37,52,32.24650349650349,30.83688397099292,315.5,71.95640022962108,136.44940722262805
37,55,6.268888888888889,6.954021171776539,11.88,16.22687723935744,28.76465501713522
37,56,352.6708620689655,361.62186984068944,1695.49,843.8274120860448,1549.1691362239758
37,59,142.40146853146854,78.47231292446756,408.23,183.1114051941364,467.9143422570735
37,60,755.8867132867133,219.91662640350523,2094.4,513.1649748244374,2024.938401397864
37,67,2402.8269930069932,967.6130777810968,5987.69,2257.879037250539,7063.533023264526
37,71,26.5,17.67766952966369,39.0,41.25000000000001,94.25
37,72,213.4532167832168,102.58781013439648,651.63,239.38376950326224,666.2902030696958
37,74,681.2673426573426,190.15093826343923,1246.77,443.708159053706,1806.2428443683912
37,79,7642.5006993007,883.8114930357284,10205.27,2062.3320300533633,17347.33342865476
37,80,10629.770489510489,695.3746379321983,12391.78,1622.6236024250925,22882.16458144607
37,81,10698.796713286712,560.2989918731348,13550.93,1307.4310149300836,22705.02444150351
37,82,5569.438321678322,1680.2201327454327,16767.67,3920.7136641765064,15059.59030753315
37,83,2329.6138461538458,346.9430744716419,3210.66,809.5751421272043,5468.802834434896
37,85,127.90496503496503,64.92852380924785,375.63,151.5076182772395,407.3175483471696
37,87,1020.0672027972029,302.4211858249724,1673.2,705.6854351953394,2745.8198407897453
37,90,44144.42811188811,3130.4506871463086,57508.07,7304.757599869099,95593.61382364533
37,91,30870.677062937066,1569.6400974632847,36607.32,3662.6804178973866,65404.034543771515
37,92,59440.577132867125,5440.311685672586,85109.94,12694.708239534757,131575.862505269
37,93,21599.85104895105,1732.8374651204156,28579.47,4043.4937035264866,47243.19580142859
37,94,33656.64811188811,3003.1413226442046,42151.27,7007.68726054074,74320.98348431697
37,95,51410.551118881114,2825.6808914744456,57816.44,6593.591795441736,109414.69403320397
37,96,20375.38076923077,1921.2236621153556,29553.51,4483.083922870807,45233.84546133235
37,97,13960.701398601399,864.401203068948,16605.04,2017.039042774348,29938.441839977146
37,98,5286.761118881119,872.1573339609305,9439.81,2035.1376048476693,12608.659842609906
37,99,15.0,8.660254037844387,25.0,20.20829037796122,50.20829037796122
38,1,6923.538531468532,1639.3492996703053,15921.29,3825.343521549959,17672.420584487023
38,2,10986.172657342657,1006.9991872795225,13013.24,2349.784648116485,24322.1299628018
38,3,498.70020979020984,280.90430610438113,2154.35,655.4768210460018,1652.8772406264216
38,4,10669.501328671327,946.0735585061884,13142.47,2207.6175947793454,23546.620252122
38,5,397.41832167832166,230.00632988835915,1435.7,536.7088174136333,1331.5454607702766
38,6,37.01485507246377,29.13847050065478,153.31,67.99323327857665,142.0229434235042
38,7,413.539020979021,220.46656567863835,1257.06,514.448231933706,1341.5262738917481
38,8,9485.399440559442,827.2823790544866,11446.43,1930.424034612372,20901.222915731258
38,9,77.52034965034964,45.590081473387635,231.29,106.38228402344264,261.4229833241419
38,10,365.3648951048951,61.06041335174617,618.78,142.48156673214197,873.2113569419321
38,11,752.8816783216784,194.96615819373724,1562.94,454.9442454502465,1960.7076020936033
38,12,63.58370629370629,21.25313009849494,133.62,49.59316696648277,176.76057955389535
38,13,10033.864755244755,679.5574756017635,11749.28,1585.715007373262,21653.444517862772
38,14,997.0984615384615,377.1250555865223,3513.21,880.0033577299258,2874.2002808068487
38,16,849.8799300699301,261.748941075643,1799.81,610.7786889698513,2310.5385491097113
38,17,424.5595804195804,106.67477446362366,859.49,248.92050613575373,1098.0396669749146
38,18,359.1984615384616,356.1997977288187,1742.66,831.1752650233702,1549.5721881002933
38,20,54.377558139534884,53.7981986345278,247.64,125.53553453131505,234.29065081038482
38,21,1054.0391608391608,109.73777789750619,1377.88,256.06787878211054,2364.1462004604323
38,22,54.12916666666667,46.18900891987183,196.04,107.7798526976401,216.03818603097343
38,23,37.848679245283016,34.06560063774631,289.78,79.49045681327253,155.18781530383856
38,24,8.803870967741936,8.728143627530182,40.42,20.366707502449255,37.97444943793313
38,25,52.630699300699305,35.88160044105837,186.94,83.72800587260534,188.98940447400395
38,26,7.574528301886792,9.430405115296304,52.5,22.005401240995667,37.154457844769254
38,27,12.048,8.793222745387494,37.82,20.51856652476605,44.61456652476605
38,28,91.476993006993,45.1278000112133,318.74,105.30357224626563,288.25755826025164
38,29,14.739166666666668,9.18017375388479,31.58,21.421498275680904,50.89983160901424
38,31,31.459915966386554,50.95603579450803,329.0,118.90348289384755,181.82331482662067
38,32,42.52646153846153,28.928293568366225,166.64,67.50279541614493,152.555718493068
38,33,6.54875,7.178203005425298,29.0,16.749994872170618,29.847494872170618
38,34,12.672857142857143,12.178893740699635,45.64,28.418868559617064,53.76458284533135
38,35,7.0,0.7000000000000001,7.0,1.633416664540925,15.633416664540924
38,38,54955.784335664335,16268.85373501723,100618.04,37962.59543393716,147874.16410526584
38,40,16473.388041958042,1541.4578545486295,20377.87,3596.918496153189,36543.69458006927
38,42,99.81503496503495,27.529005903226782,169.64,64.23762428653731,263.8676942166072
38,44,6.146851851851852,5.649483470820317,34.0,13.182800638980584,25.476504342684287
38,46,4948.93937062937,587.13130832052,6608.46,1370.0429475492188,11267.921688807959
38,49,10.118,6.08798500156746,24.85,14.206023078622138,34.44202307862214
38,52,21.39958041958042,10.749421528761175,72.44,25.083263227504982,67.88242406666582
38,55,9.412500000000001,30.38640849834958,44.84,70.90523716678884,89.73023716678884
38,56,111.74217391304347,142.21592273380688,603.5,331.8540830806639,555.3384309067508
38,59,67.256,55.82864984572994,476.91,130.27349573833632,264.7854957383363
38,60,395.9118881118881,125.9282572913566,1091.2,293.8475914232844,1085.6713676470606
38,67,791.9227972027973,361.51149324336853,2391.9,843.5698535525602,2427.415447958155
38,72,170.98223776223776,79.7969319578562,451.81,186.20234062742944,528.166816151905
38,74,393.06629370629366,130.69279629101155,762.91,304.9654162817009,1091.0980036942883
38,79,8630.96216783217,799.7487629294848,10393.1,1866.1756525928713,19128.09998825721
38,80,11158.941398601399,886.9728146965426,13353.65,2069.7088236001464,24387.591620802945
38,81,10260.830699300699,807.749458227681,12925.6,1884.8448940614253,22406.506292662823
38,82,5551.165244755245,1207.9465750410013,12080.15,2818.6858079244375,13921.016297434928
38,83,2392.0420979020982,422.18739288503264,3796.59,985.15417585357,5769.238371657766
38,85,80.16135714285714,41.92392766779555,216.66,97.82748870797943,258.1502029936937
38,87,582.2507692307693,259.1063896697917,1249.29,604.6124211081033,1769.1139595696418
38,90,34765.57678321678,3595.4140082290683,43412.33,8389.727367093203,77920.88093352676
38,91,25404.86041958042,3257.128620311227,34671.64,7600.354524242213,58410.07536340305
38,92,45314.43482517482,5960.525931393926,60667.46,13908.603408238794,104537.47305858844
38,93,18868.91909090909,2823.504787036026,27187.35,6588.513959365314,44326.352141183495
38,94,21331.41125874126,2630.123186027624,28257.74,6137.267202647132,48800.089720129654
38,95,41793.64902097902,4208.633511972635,53876.37,9820.645876287856,93407.9439182459
38,96,11981.676643356643,1424.0553514715816,16766.87,3322.9653461748076,27286.31863288809
38,97,9902.368181818181,1201.1462438306614,13274.66,2802.8175588910563,22607.55392252742
38,98,4783.086713286713,805.7414161851325,8330.31,1880.159223582286,11446.332650155713
38,99,25.0,2.5,25.0,5.833630944789017,55.833630944789014
39,1,21925.021188811188,11405.563854287779,65523.35,26614.340097256114,70464.38247487848
39,2,67338.42937062937,8161.0579129238795,103087.01,19043.439993219206,153720.29873447795
39,3,20569.70160839161,19510.19712874637,107674.5,45526.11588367546,86665.51910045868
39,4,44807.51510489511,5519.472297723174,61866.66,12879.425757961459,102494.45596775168
39,5,24043.436783216785,15376.926649425135,124576.65,35881.326055134945,83968.19962156852
39,6,4911.540419580419,4215.376582934764,38829.51,9836.38051125889,19659.46135041973
39,7,40020.49286713287,29906.67136011317,226252.44,69785.79340079665,149826.7791350624
39,8,36130.64160839161,3249.1270141615655,52220.96,7581.683157345141,79842.96637412836
39,9,19396.117692307693,4908.175614185672,34243.77,11452.994058148952,50245.229442764336
39,10,14919.373916083918,2738.2685883552936,21934.79,6389.619348869272,36228.36718103711
39,11,20428.26230769231,4273.221688040085,35548.17,9971.35930931768,50827.8839247023
39,12,4621.15986013986,700.1807784341929,6459.02,1633.838502408068,10876.158222687787
39,13,54991.42342657343,4915.108916566053,67169.36,11469.172589075259,121452.01944222211
39,14,21125.77832167832,8392.183491140453,70892.53,19582.76052330579,61834.31716666243
39,16,26691.769160839158,16277.906505269284,65507.93,37983.71964220854,91367.25796388686
39,17,11699.538951048951,2122.780852209014,23515.83,4953.408027380842,28352.485929478746
39,18,11333.330583941606,19813.167659538678,103351.46,46233.08318919112,68899.74435707433
39,19,-3.2381818181818183,16.534702797175072,25.91,38.582941560196005,32.10657792383237
39,20,7874.601678321678,1650.4127910062023,13159.28,3851.159651715756,19600.363008359112
39,21,7177.074685314686,1701.1335197047601,18092.47,3969.5140567070184,18323.66342733639
39,22,13013.560139860141,3310.9760565590036,29296.41,7726.004952399247,33753.12523211953
39,23,18550.752517482517,5456.291125412018,49009.88,12731.995501192496,49833.50053615753
39,24,6470.795384615384,2574.318785472986,16831.85,6007.050291474755,18948.641060705522
39,25,7243.153006993007,1681.3287617875726,12596.76,3923.300597251114,18409.606611237126
39,26,9406.726783216784,2103.296998524185,16126.56,4907.943382669018,23721.396949102585
39,27,1424.3611188811187,589.9041842967821,4454.58,1376.5133215896926,4225.23555935193
39,28,622.2608391608392,285.47237112926365,1621.01,666.136183240787,1910.6578615624653
39,29,5678.498111888111,1471.3766007506551,14443.2,3433.3872278309987,14790.383451607222
39,30,3799.6882517482522,858.9269954157712,6120.02,2004.265239908839,9603.641743405344
39,31,2337.0743356643356,1747.625849345962,15268.63,4078.001693863117,8752.150365191788
39,32,5976.223006993007,2509.8040957680055,24684.2,5856.508335372182,17808.954349358195
39,33,6923.695454545455,2277.013212140322,14449.38,5313.3018944140895,19160.692803505
39,34,16354.447272727273,3152.865299029025,23969.51,7357.06102926688,40065.955574721425
39,35,2057.284055944056,522.4418881684459,3942.0,1219.0932662693797,5333.6613781574915
39,36,2032.1955944055942,1928.6782964476477,8966.0,4500.478957079986,8564.870145891175
39,38,43195.578321678324,6296.187945067347,56744.45,14691.85473222098,101083.01137557763
39,40,59145.962447552454,5935.5746254004325,73437.56,13850.380723936176,132142.3056190411
39,41,1321.4991608391608,1275.8168798700158,7810.85,2977.0579321175587,5620.05625379588
39,42,3576.484475524476,655.7816972817154,4812.46,1530.2353609155516,8683.204311964502
39,44,4434.812167832168,1302.3432501852244,11527.35,3038.955954007052,11908.580289671387
39,45,18.438676470588234,13.53468478583729,52.35,31.58254239785021,68.45989533902667
39,46,34122.18223776224,5527.969259520484,55649.37,12899.25301367245,81143.61748919693
39,47,2.3600000000000003,35.386224563930085,40.0,82.57206985415831,87.29206985415831
39,49,7623.4180419580425,2048.1827649397255,15478.0,4779.336943254365,20026.17302717045
39,51,16.19605633802817,15.633882387656188,70.12,36.48092003352925,68.8730327095856
39,52,1901.061958041958,568.2935614246412,3907.59,1326.085962260458,5128.209878344374
39,54,94.65925373134328,113.15073000955205,531.0,264.03184000367605,453.3503474663626
39,55,11598.1986013986,9117.65658353642,72137.44,21275.617435870947,44472.014638668144
39,56,3781.564195804196,3645.832018339942,15863.7,8507.375392676193,16070.503784284585
39,58,2479.951258741259,1579.6482060857584,7260.0,3686.0338627609353,8645.936380243453
39,59,722.352097902098,1113.7733776708096,9943.27,2598.937136585048,4043.641332389244
39,60,405.140243902439,227.19643855872152,1399.2,530.1520698088058,1340.432557613684
39,67,11633.406573426573,4844.133208730631,28523.61,11303.55415485245,34570.3673017056
39,71,6469.893286713286,1768.8086703069962,13874.57,4127.430797805603,17067.217371232175
39,72,54929.07853146853,38776.040821787356,351553.98,90482.04466175236,200340.2017246894
39,74,22014.285244755247,4280.665541437015,40669.38,9988.729186727602,54017.29967623809
39,77,135.964,303.87126168823534,636.0,709.0691181666284,980.9971181666284
39,78,12.0,0.0,12.0,0.0,24.0
39,79,39430.359160839165,4361.264495373603,49753.87,10176.803007448443,89037.52132912677
39,80,11972.877062937063,967.1272793064213,15200.98,2256.74544964462,26202.499575518745
39,81,19245.24965034965,1334.760577570291,22696.61,3114.6002436794047,41605.09954437871
39,82,22436.572727272727,11089.778795038015,107335.38,25877.470699839527,70750.61615438497
39,83,5738.832517482518,760.022297663516,8502.75,1773.4758377518147,13251.14087271685
39,85,1710.142027972028,863.4825544993552,7928.22,2014.8954200851629,5435.179476029219
39,87,6762.436993006993,1697.2115039854666,13002.66,3960.3622198006105,17485.236205814595
39,90,78649.53468531468,8531.653122296744,116138.97,19908.20626577445,177207.2756364038
39,91,60386.28601398601,3734.7583429248407,68239.71,8714.880736238121,129487.45276421015
39,92,110126.20958041959,15105.408172145753,178292.77,35247.750618679354,255500.16977951853
39,93,39684.509999999995,4521.648512712851,56179.73,10551.051474088368,89920.07147408836
39,94,59830.190279720286,6036.422911637272,71537.5,14085.705397264242,133746.0859567048
39,95,103036.75713286713,9950.880091912732,132120.7,23219.904812826833,229293.4190785611
39,96,27089.1586013986,4783.982352040175,47587.24,11163.194995274445,65341.51219807165
39,97,23993.406853146855,2021.1009493323565,29896.67,4716.142816227078,52702.956522520784
39,98,9767.295734265734,1775.4989294198722,17014.15,4143.042198841415,23677.63366737288
39,99,334.869756097561,638.8804964329707,3280.0,1490.7972136054188,2160.536725800541
40,1,18794.57881118881,7108.339317829695,49964.04,16586.971284220705,54176.12890659833
40,2,26702.705174825172,3900.057428786967,52961.05,9100.598281210376,62506.00863086072
40,3,6489.030349650349,2773.6701931143516,16754.76,6472.227307676324,19450.28800697702
40,4,24386.75055944056,2452.586268779987,31653.89,5722.993260927828,54496.494379808944
40,5,17689.671678321676,8922.327205927168,74400.52,20819.825635211862,56199.168991855215
40,6,4003.068601398601,2541.4033369049926,19151.0,5930.243659743613,13936.380862540815
40,7,18898.214335664336,12602.552949920788,92144.18,29407.457148800007,67203.88582012868
40,8,33971.53223776224,2459.6889738821083,45130.91,5739.567085038005,73682.6315605625
40,9,19065.436293706294,7317.056456306235,39280.57,17074.00278731053,55204.87537472312
40,10,19612.6293006993,4491.621138938286,35556.51,10480.98402735155,49706.24262875015
40,11,12807.144685314684,5061.104675101286,43889.88,11809.846738994891,37424.13610962426
40,12,4403.534615384615,1212.5841769402532,6886.68,2829.507431104073,11636.576661873303
40,13,21550.356923076924,1951.7471857739106,25467.05,4554.309111734226,47655.022957888075
40,14,12348.471398601398,5489.864118782853,51571.69,12810.336482407416,37507.279279610215
40,16,13322.372027972027,11595.128667912115,48983.7,27056.680562376947,53701.424618321005
40,17,7652.32076923077,2249.0958708456687,21761.07,5248.158107984998,20552.79964644654
40,18,4509.372118644068,6635.458598845389,28379.06,15483.526646036333,24502.27088332447
40,19,-5.0,18.193405398660254,16.0,42.45344508988641,32.45344508988641
40,20,3526.3219580419577,780.1371757900403,7409.1,1820.4129479476353,8873.05686403155
40,21,6585.782937062937,1565.0281509868937,16333.23,3651.9186604252327,16823.484534551106
40,22,6454.6516083916085,1899.9314272109227,18604.63,4433.3995067019205,17342.702723485138
40,23,14064.668461538462,4799.566773865031,44505.21,11199.560501440094,39328.89742451702
40,24,2954.521818181818,1403.3249651034455,8762.75,3274.5919768089707,9183.635613172606
40,25,6704.41034965035,1524.4224700366674,11396.78,3557.1672376550446,16965.987936955746
40,26,4318.451328671329,1198.4728120569825,9461.39,2796.57923316157,11433.481890504228
40,27,1006.653076923077,411.8339363692548,4174.8,960.9948781271822,2974.301031973336
40,28,324.23454545454547,120.60302510469882,856.26,281.4214157143751,929.8905066234661
40,29,3270.596853146853,1035.9520849253374,10693.54,2417.3448559756594,8958.538562269365
40,30,2635.7896503496504,591.8704425461168,3758.5,1381.1014915771989,6652.6807922765
40,31,1319.277062937063,611.7883486208399,4407.7,1427.5789768703612,4066.133102744487
40,32,4532.5034965034965,2466.620401883168,24647.98,5755.741242189429,14820.74823519642
40,33,3106.724125874126,1139.5968159387103,7150.51,2659.1949000172376,8872.64315176549
40,34,7590.31951048951,2073.3249681869715,16510.0,4838.005077207688,20018.64409818671
40,35,2060.226013986014,545.0496415887011,4040.0,1271.8473822472038,5392.2994102192315
40,36,828.5864335664336,611.4245524533872,3391.0,1426.730075838342,3083.902942971209
40,37,1957.9645454545455,649.8784675600564,4391.78,1516.4604554841642,5432.389546393255
40,38,36229.27580419581,4886.758539490103,47833.53,11403.01833427258,83861.5699426642
40,40,33370.94531468531,2244.7178283550347,39250.82,5237.942154324613,71979.83278369524
40,41,280.90783216783217,199.83168348422797,954.38,466.29771700915063,1028.113381344815
40,42,4607.1327972027975,590.5685621982512,5978.94,1378.0636157837102,10592.329210189306
40,44,3247.999230769231,974.4401048569529,8496.66,2273.8095798147897,8769.808041353252
40,45,18.241607142857145,14.810255633026205,83.79,34.55902622442301,71.0422405101373
40,46,9412.404195804196,2029.1643168401124,25035.75,4734.958300312059,23559.76669192045
40,47,-17.254285714285714,115.73343095993587,98.0,270.0584496777941,235.54987824922267
40,48,752.3924409448819,579.6914985942154,2909.0,1352.6825058521338,2857.4673877418973
40,49,43.962112676056336,26.469500611377132,106.92,61.76531914385658,149.68954449596924
40,51,22.127254901960786,27.51711475270846,131.52,64.20987685308418,108.46438665700575
40,52,942.737972027972,248.19136863065924,1983.92,579.1427393093408,2464.6186833652846
40,54,96.27293233082706,111.93303903201395,645.97,261.1904160965734,453.7362807582275
40,55,9000.258741258742,5305.639098935124,42327.78,12380.456171772183,30380.973654289664
40,56,3787.050769230769,4283.347437706044,20643.67,9994.98726395389,17569.088802415426
40,58,3107.429906542056,1437.8495874319724,7845.0,3355.1535388781103,9570.013351962221
40,59,274.0524475524476,268.99559683871263,2150.95,627.6884150921219,1175.793310197017
40,60,122.58538461538461,52.60694804656096,413.6,122.75580801413047,367.9265772448997
40,67,7014.41,2579.4906445391084,17227.37,6019.118578310844,20047.938578310845
40,71,2330.9555244755247,882.7574731556922,5755.52,2059.872524857922,6721.783573808972
40,72,39443.06258741259,17541.41969338995,145504.24,40932.06749555643,119818.19267038161
40,74,9822.268181818183,1930.7793496893448,15137.18,4505.381664762951,24149.918028399316
40,77,363.0,115.90513362228612,477.0,270.45910966354967,996.4591096635497
40,78,7.5,6.363961030678928,12.0,14.85,29.85
40,79,13128.156153846154,1574.8934716179886,17517.88,3674.938916310761,29931.25122400307
40,80,16461.2127972028,1539.6510245655156,20145.73,3592.702344432603,36515.1279388382
40,81,19893.8586013986,2111.528479357089,26665.11,4927.1511511923245,44714.86835398952
40,82,13581.162027972028,4915.526182786533,49969.77,11470.146259929661,38632.47031587372
40,83,3370.2325174825173,823.6659949031614,7280.88,1921.9853744150062,8662.45040938004
40,85,1981.23979020979,842.5278342829423,7806.64,1965.998578367618,5928.4781587871985
40,87,20070.12895104895,4609.595932282005,32611.47,10756.272589413555,50896.530491511454
40,90,61258.202867132866,5651.320411232668,81444.61,13187.087051953877,135703.4927862196
40,91,43256.15685314685,5224.212422325577,58422.35,12190.450899611871,98702.76460590557
40,92,96475.7532867133,12095.361194721487,130621.73,28223.94934157101,221175.4559149976
40,93,27532.751188811188,4053.6622926047016,43363.85,9459.027915945271,64524.530293567645
40,94,38210.9006993007,5759.802905897637,52418.69,13440.225787092064,89862.02718569346
40,95,66572.88125874125,8085.601594997271,93857.46,18867.366268724603,152013.12878620712
40,96,15309.077972027972,3890.971442179591,29949.35,9079.396564155684,39697.55250821163
40,97,17131.033496503496,2628.5948373683996,24060.68,6133.70087383398,40395.76786684097
40,98,8178.3710489510495,1122.7535863097607,12151.06,2619.8920257877867,18976.634123689884
40,99,167.37416666666667,298.9539765379567,1470.0,697.5948674398215,1032.3432007731549
41,1,23205.25993006993,10265.079581858627,64474.28,23953.074359780956,70363.59421992081
41,2,48349.82895104895,5251.682943984765,75393.7,12254.552053700085,108954.20995579798
41,3,17021.833356643358,15470.046439432193,83074.21,36098.61665055792,70142.28336384463
41,4,30538.574895104895,3741.8890663295606,41777.74,8731.519939723123,69808.66972993291
41,5,25513.943776223776,15804.924388825775,120752.36,36880.03839788187,87907.92595032943
41,6,5267.832097902098,3765.0375213254547,30356.37,8785.535757078364,19321.19995288256
41,7,33711.10573426574,24857.408981403823,180250.69,58003.58009647751,125425.79156500899
41,8,33729.08167832168,3391.6207914532965,55168.2,7914.185600804708,75372.34895744806
41,9,32743.470139860143,12601.861377085263,61699.51,29405.84339652245,94892.78367624273
41,10,15194.223706293707,2553.2646527753873,23638.76,5957.921475466594,36346.36888805401
41,11,13605.678461538462,2985.6999582055473,23801.46,6966.988667217262,34178.345590294186
41,12,4273.264965034965,905.4967409347668,6096.16,2112.933523329064,10659.463453398994
41,13,32562.995804195805,3103.545816966304,43607.48,7241.976366570057,72367.96797496166
41,14,17161.987552447554,6783.448629412043,56527.75,15828.854334769896,50152.829439665
41,16,18588.113776223778,16261.43946649704,70083.46,37945.29459142822,75121.52214387577
41,17,12054.236363636364,2517.36579068854,25494.9,5874.153190365576,29982.625917638303
41,18,9113.079449541285,13007.313555401839,57648.4,30351.94674614633,48578.1056452289
41,19,1163.5053086419753,636.2006291337789,2847.77,1484.5438708836216,3811.5544881675723
41,20,5546.318881118881,1196.047086929382,9672.13,2790.918919094401,13883.556681332164
41,21,5066.603636363636,1366.0801607228202,14478.11,3187.682999461999,13320.89027218927
41,22,10331.84132867133,2866.101353017607,25976.73,6687.911017546073,27351.593674888732
41,23,18920.311398601396,5203.795023889643,50888.55,12142.807872680689,49983.430669883484
41,24,5172.027342657343,2112.9909271446727,13194.36,4930.563703459839,15274.618388774525
41,25,7374.3093006993,1950.9828624234322,16465.16,4552.5255995945545,19301.144200993156
41,26,6488.948461538462,1879.4523294541352,15692.28,4385.612507343779,17363.5094304207
41,27,1373.244965034965,631.8869403941403,5622.59,1474.478083636524,4220.968013706453
41,28,463.2713286713287,189.69907430423638,1253.03,442.65375602360973,1369.1964133662673
41,29,4197.46104895105,1349.7667312026804,12859.19,3149.6163885562705,11544.53848645837
41,30,2790.0158041958043,643.7958742570816,4169.9,1502.2670136774439,7082.298622069053
41,31,2066.554965034965,1253.3094790896141,6771.54,2924.5379842458306,7057.64791431576
41,32,5361.930909090909,2201.234790697881,21430.07,5136.476556704534,15860.338374886353
41,33,5735.627762237762,2131.441238730534,13905.97,4973.616626903152,16444.872151378677
41,34,12943.632587412587,2621.6185556275855,20494.5,6117.422052616867,32004.687227442042
41,35,2225.103216783217,520.0493550624277,3630.14,1213.5104042038997,5663.716837770333
41,36,1617.6190909090908,1028.779252678691,5925.0,2400.607393513332,5635.845575331514
41,37,3.0,2.1213203435596424,4.5,4.949999999999999,10.95
41,38,46406.42657342657,7818.353902523323,67369.67,18243.756505228812,111056.60965208196
41,40,54458.21951048951,4686.580914366377,66069.68,10935.913378922121,119852.35239990114
41,41,1938.8081818181818,1489.0541241445464,8359.29,3474.636886830133,7352.253250466496
41,42,5091.624965034965,765.1196207248463,6784.05,1785.37019837028,11968.620128440209
41,44,4615.455524475525,1429.4962116959482,12941.59,3335.6613344032617,12566.57238335431
41,45,24.919411764705885,21.865124565593206,117.68,51.02122691100441,100.86005044041619
41,46,28213.117832167834,4556.620891164565,52205.51,10632.657853747887,67058.89351808355
41,47,20.863478260869567,98.09602821209502,279.0,228.90241029558956,270.6293668173287
41,48,1307.9081395348837,1031.9925243932519,5228.0,2408.1054100365636,5023.9216891063315
41,49,5887.886853146852,1729.3765373200206,10391.53,4035.4177933208603,15811.191499614564
41,51,16.185526315789474,30.657668117225825,89.88,71.53820856948809,103.90926120106704
41,52,1964.381888111888,623.5736980252977,4828.82,1455.0795284627598,5383.843304686536
41,54,68.28355555555557,77.96386315090433,639.76,181.92496186096466,318.4920729720758
41,55,10052.520769230769,8762.491361574821,65932.02,20446.85630413173,40551.897842593266
41,56,7643.873566433566,11263.359658969706,53864.6,26282.51337954158,41570.26051240871
41,58,5249.282867132867,2361.279835310916,14770.0,5509.934046630429,16008.499780896163
41,59,795.3574125874126,1078.147105750895,9880.8,2515.804927657255,4106.5197528320805
41,60,455.32727272727277,170.43005346534324,1478.4,397.6904135269892,1308.3449589815348
41,67,9756.677342657344,4238.263433000572,25724.36,9889.785885967949,29403.140571282638
41,71,5300.854055944056,1433.284511588993,10990.39,3344.5011517969447,13946.209263685058
41,72,54877.30244755245,31410.017642913404,290809.17,73293.78035922746,183048.38525433236
41,74,18638.237902097902,3167.972914447507,29992.74,7392.313930389771,44668.789734585574
41,77,231.5,292.65200057406065,795.0,682.8895066413014,1145.8895066413015
41,78,9.0,10.424330514074594,24.0,24.32467882624558,42.32467882624558
41,79,21840.97951048951,1966.9463304915744,30309.63,4589.775592117941,48271.73461309696
41,80,17436.274825174823,1828.7013879529923,21831.27,4267.187602216481,39139.73725256613
41,81,19958.047482517482,1587.842148355316,23454.89,3705.1540368343385,43621.249001869306
41,82,18788.876293706293,7363.725464029421,74924.97,17182.90269435716,54760.655281769745
41,83,3879.168741258741,582.6639344725431,7111.36,1359.618543420619,9117.956025938101
41,85,2272.1134265734263,1246.457121906266,11510.3,2908.5483350820195,7452.775188228872
41,87,10042.527762237762,3226.126691878558,21220.72,7528.013000621032,27613.068525096554
41,90,70852.0218181818,7533.310311247833,105079.2,17578.620859357416,159282.66449572102
41,91,52714.92846153846,3596.672983615084,59481.21,8392.665126201438,113822.52204927836
41,92,115827.66405594406,14875.133156404585,177637.8,34710.41483562357,266365.74294751167
41,93,35415.340000000004,4208.913742850893,49661.52,9821.299781697093,80651.9797816971
41,94,47218.52916083916,5396.954085323185,63488.06,12593.535343898735,107030.59366557706
41,95,88666.46839160839,10275.897458214067,113496.18,23978.317359086555,201311.25414230334
41,96,2883.492237762238,806.4988839399381,5300.87,1881.9267385159317,7648.911214040408
41,97,19789.21923076923,2388.5500590982892,27044.64,5573.567815173366,45152.00627671183
41,98,9371.531608391608,1374.0727353985687,16134.8,3206.3332918447927,21949.396508628008
41,99,443.736511627907,844.7436326959787,3280.0,1971.1690384434996,2858.6420616993137
42,1,10375.14839160839,2327.0686964119973,20988.96,5430.103983215547,26180.40076643233
42,2,15976.902447552446,1110.0540914394371,20349.88,2590.258359284303,34544.06325438919
42,3,814.4511888111888,336.7134569222329,2822.02,785.7048167313686,2414.6071943537463
42,4,14885.264755244754,1098.8200313004343,19686.51,2564.0442149393,32334.57372542881
42,5,1052.2967832167833,488.1208789602257,2888.85,1139.0068257199948,3243.600392153561
42,6,3.3333333333333335,7.344721460568353,10.0,17.138557757291014,23.805224423957682
42,7,721.9138461538462,574.6228356868959,4705.49,1340.8550223381962,2784.6827146458886
42,8,18238.584195804196,1334.0602500670786,21458.1,3112.966062801714,39590.13445441011
42,9,135.52405594405593,73.4410198849616,366.98,171.37112248711102,442.4192343752229
42,10,404.596013986014,67.55449537423404,629.56,157.63519786989528,966.8272258419232
42,11,939.8380419580419,238.3992633988134,2001.04,556.2933280712903,2435.969411987374
42,12,87.76727272727273,28.574834569575682,155.43,66.67801567492145,242.2125611294669
42,13,15069.359930069932,1121.9908927120878,17602.6,2618.112316598676,32756.83217673854
42,14,1501.0133566433567,554.2797950328077,5259.18,1293.3855057498804,4295.412219036594
42,16,1102.6718181818183,314.24054517724255,2202.56,733.2653473813333,2938.60898374497
42,17,518.8323076923077,122.96886976203588,995.04,286.94200155581717,1324.6066169404326
42,18,385.76790476190473,458.7400675212641,1917.5,1070.4481014026596,1841.983910926469
42,20,63.398135593220346,75.26003270213297,372.0,175.61570227079852,302.41197345723924
42,21,1262.8542657342657,168.70729304342944,1760.76,393.6704341238956,2919.378965592427
42,22,111.99249999999999,114.61394867232852,343.68,267.4461910717423,491.4311910717423
42,23,44.53658823529412,30.858987482731568,179.38,72.00797772164792,161.08115419223617
42,24,10.955,8.840111236102556,23.91,20.627978584921987,42.53797858492199
42,25,75.9806993006993,48.73873399111667,209.95,113.72951472816742,265.690913329566
42,26,1.2457142857142856,3.9963602487882945,7.24,9.325316325542452,11.816744896971024
42,27,31.292804878048784,24.55795650777973,106.35,57.30482200982666,119.89043176592423
42,28,57.60846153846154,23.717144310312463,136.0,55.34282678826622,170.5597498651893
42,31,56.04921875,116.69090836670968,1063.94,272.2926776094309,384.39111510943087
42,32,40.77163120567376,32.36917357663689,189.0,75.53192505356638,157.0751874649139
42,33,9.5,7.082843120291926,18.0,16.527477121448392,35.52747712144839
42,34,11.97,1.197,11.97,2.7931424963649816,26.733142496364984
42,38,38834.04342657343,6501.211355103734,59852.68,15170.267095898753,92838.35394904562
42,40,19788.36853146853,1844.608159228647,24991.66,4304.305295474617,43881.04235841168
42,41,-8.0,24.041630560342615,9.0,56.1,40.1
42,42,172.77727272727273,34.69701093555058,251.44,80.96382267412432,426.51836812866975
42,44,2.3731999999999998,4.470843246338808,14.58,10.432499804457224,15.178899804457224
42,46,6050.036363636364,709.4999952292784,7951.64,1655.5844509988713,13755.657178271598
42,49,33.41184210526316,14.638788691444857,65.49,34.158916281856094,100.98260049238242
42,52,33.125734265734266,16.16609743640234,112.42,37.72281850458843,103.97428703605696
42,55,-7.326666666666667,26.567353399739815,10.0,61.99365396554716,47.340320632213825
42,56,179.75417910447763,259.1427630766442,1123.0,604.6972967208161,964.2056549297713
42,59,88.98622377622378,103.44226703617514,703.69,241.37760399254407,419.35005154499163
42,60,335.43356643356645,91.33898782199148,721.6,213.1351783296307,884.0023111967636
42,67,1236.3556643356642,553.1411158073162,4144.5,1290.7284520034739,3763.439780674802
42,71,-58.445,84.30364286316458,12.0,196.7185359059995,79.82853590599949
42,72,-43.21178571428572,119.37611756478456,278.0,278.55848539787956,192.13491396930812
42,74,267.0380434782609,137.20570141405796,631.37,320.16297022821226,854.2390571847341
42,79,13686.231608391608,1124.324687726771,16129.32,2623.5581161252558,29996.021332908473
42,80,15307.678321678322,1426.0271307510282,18274.31,3327.566399223156,33942.9230425798
42,81,15918.666503496504,1461.4534919880364,19055.0,3410.232126092551,35247.56513308556
42,82,7409.55944055944,1091.6026775083265,14439.82,2547.202863570848,17366.32174468973
42,83,3708.9916783216786,826.0323355613496,5630.7,1927.5071176508136,9345.49047429417
42,85,62.73578571428572,34.386575514831435,216.7,80.239436403458,205.71100783202945
42,87,960.774366197183,443.063068304835,2159.44,1033.8665703025022,2955.415302696868
42,90,53384.8979020979,5686.022014088195,66968.24,13268.061589654588,120037.8573938504
42,91,42913.22125874126,6073.932715059746,54379.7,14173.232737255565,99999.67525473807
42,92,83497.77867132866,12889.994057512002,112152.35,30078.187284819425,197073.74462747676
42,93,32852.63230769231,5490.028593763976,46882.67,12810.720276943222,78515.98489232783
42,94,35724.6120979021,3678.387780282195,46822.25,8583.342712795198,80032.5669085994
42,95,61205.27230769231,6379.910299789827,74846.56,14887.216859932845,137297.76147531747
42,96,15183.474195804196,1504.8317526350265,23282.31,3511.453231549113,33878.40162315751
42,97,17495.198811188813,2659.7174207974886,22994.76,6206.323940143465,41196.72156252109
42,98,6540.721258741259,1232.9043701768685,12987.45,2876.9236343317575,15958.366151814274
43,1,7549.109020979022,6045.771391167749,70912.01,14107.519629054532,29205.737671012575
43,2,20722.85146853147,1910.5885702681755,25602.05,4458.267442510653,45903.97037957359
43,3,999.6488811188811,544.6652030959275,5023.27,1270.950313332079,3270.2480755698416
43,4,18227.382167832166,1808.1227934596586,24355.17,4219.16843196185,40673.93276762618
43,5,575.4173255813953,452.43859382741425,2050.0,1055.7439126273732,2206.5785637901636
43,6,37.84324561403509,31.98720251555296,202.42,74.64061377278513,150.3271050008553
43,7,516.7728671328672,318.97860014895866,2099.78,744.3213730217792,1777.8671072875136
43,8,13185.211678321679,1060.3223871712787,16202.31,2474.211795701973,28844.63515234533
43,9,147.6941958041958,107.86817112955346,481.32,251.70524042366415,547.0936320320558
43,10,507.4267132867133,102.66250885122814,850.13,239.55807540168036,1254.411501975107
43,11,584.8316083916084,314.0058199372062,3375.32,732.7176272118136,1902.3808439950303
43,12,89.1360839160839,28.665770504920935,191.97,66.89021034949081,245.16237818165862
43,13,17852.915174825175,1574.362352404109,22210.74,3673.6995749181774,39379.52992456853
43,14,1664.022937062937,632.4356045210934,6030.84,1475.7583652482397,4803.804239374113
43,16,2654.8026573426573,1094.2721702291249,6738.18,2553.431997708023,7863.037312393338
43,17,623.7377622377622,261.9751995799549,2809.45,611.3066524147615,1858.7821768902859
43,18,704.6505208333333,993.805564876614,5717.17,2318.997958547098,3728.2990002137644
43,20,44.114347826086956,39.43341011928755,152.0,92.01598461217289,180.2446802643468
43,21,1563.513006993007,183.02441548446353,2061.79,427.0787575288354,3554.1047715148493
43,22,70.41117647058823,85.14166639284042,290.76,198.6740239040708,339.49637684524726
43,23,25.812608695652177,17.091303534889878,77.37,39.8817428751662,91.50696026647056
43,24,2.2350000000000003,9.524728342582796,8.97,22.2255,26.695500000000003
43,25,71.82223776223776,87.55401201720721,725.52,204.30311753760378,347.9475930620793
43,26,4.463333333333334,6.598282965684185,21.5,15.396779076435806,24.323445743102475
43,27,12.443076923076923,7.185474218420781,32.44,16.766961901425258,41.65311574757911
43,28,87.09525423728813,75.22927667865036,244.0,175.5439345546678,349.73444302924406
43,31,27.587254901960787,29.121447547148346,203.28,67.95351102723792,123.12802083115949
43,32,20.476724137931036,15.242650157282426,55.0,35.56799825524638,76.52144653110845
43,33,2.5,2.3145502494313788,5.0,5.400892783340812,10.400892783340812
43,38,57623.88489510489,8215.810609336473,81199.86,19171.20280286046,134418.97259307024
43,40,18156.535664335664,2124.925537477332,22724.42,4958.412548320079,41271.483876991406
43,42,184.14328671328673,35.70179779621757,283.67,83.30844496344606,451.5950183900195
43,44,5.314736842105264,4.728826925736155,18.5,11.03449243461038,21.66396611882091
43,46,7426.636363636364,1423.0978093381414,10579.52,3320.7309672065767,18174.003694479303
43,49,17.3375,28.435661426973585,130.85,66.35326177437462,101.02826177437461
43,52,40.221408450704224,29.18520453859532,215.96,68.1022849305386,148.54510183194705
43,55,-11.88,-1.1880000000000002,-11.88,-2.7721414249637415,-26.532141424963744
43,56,160.3861,196.2266052704106,989.47,457.8854386785468,778.6576386785468
43,59,126.47605769230769,99.02855348178966,565.0,231.0784136036249,484.0305289882403
43,60,481.20640000000003,191.25848736975755,968.0,446.2925721495028,1408.7053721495029
43,67,1238.2937062937062,674.6163280414357,4322.95,1574.1850748489833,4050.7724874363957
43,71,6.920000000000002,48.42814057962581,34.88,113.00475979355916,126.84475979355916
43,72,84.3846762589928,125.1979953206998,732.62,292.14355989135396,460.9129124093396
43,74,650.886083916084,195.7743034578733,1354.04,456.830013938546,1758.602181770714
43,79,13525.426223776223,6423.298028638262,83190.3,14988.460058986582,42039.31250653903
43,80,17045.276783216785,2242.6745925793257,20425.02,5233.174360945142,39323.72792737871
43,81,19464.72300699301,1391.094900954145,23061.17,3246.0537045377255,42175.499718523744
43,82,8264.136573426573,1087.665014591508,15829.99,2538.014514674168,19066.287661527313
43,83,4952.252167832168,1248.9977657740815,9348.56,2914.476806556811,12818.981142221148
43,85,83.49583333333334,79.15662952399418,296.02,184.70822539054896,351.6998920572156
43,87,79.42424000000001,56.73458819097923,243.02,132.3874597243032,291.2359397243032
43,90,63668.8955944056,3998.108690724748,78137.86,9329.396231536717,136667.1874203479
43,91,34808.442167832174,4858.266661762956,47319.06,11336.533894438886,80953.41823010324
43,92,83646.1609090909,8218.74644911339,108517.42,19178.05344516909,186470.3752633509
43,93,36196.69321678321,3555.6373116252985,46745.48,8296.910339817508,80690.29677338393
43,94,50769.70832167832,5798.556806885925,69672.87,13530.65616950669,115070.07281286333
43,95,72883.22328671328,7327.721222673586,94764.38,17098.888511750338,162865.33508517692
43,96,25058.36937062937,4030.861295542744,41237.26,9405.822875132199,59522.56161639094
43,97,19349.98993006993,1917.8377799018876,24459.24,4475.1831279684475,43175.162988108306
43,98,9594.867482517482,2067.9477587271417,22329.99,4825.457615007098,24015.19258004206
43,99,26.25,18.427786989579985,50.0,43.0003633705577,95.5003633705577
44,1,8049.992307692307,2152.9422983167137,18156.41,5023.788325522228,21123.77294090684
44,2,9377.273006993008,941.3111750481178,11851.58,2196.5047997745646,20951.05081376058
44,3,571.0167132867133,273.8177963428436,2059.37,638.9407879918198,1780.9742145652463
44,4,7403.959580419581,715.7543091868476,9053.8,1670.1785947753922,16478.09775561455
44,5,960.6704895104896,518.7015078781927,3793.41,1210.3652669867797,3131.7062460077586
44,6,34.648721804511275,26.141147971985344,119.68,60.99912389667295,130.2965675056955
44,7,531.0348951048951,354.9492269064732,2559.78,828.2571175642162,1890.3269077740065
44,8,4963.966223776224,401.66055905769576,6090.59,937.2557866480922,10865.188234200541
44,9,99.81727272727274,78.68888134123497,348.48,183.61675728122376,383.25130273576923
44,10,153.79265734265732,59.458581168565935,381.61,138.7437676152783,446.329082300593
44,11,608.4946853146854,228.82336768107263,1885.89,533.9484314380562,1750.9378020674271
44,12,77.13902097902097,31.26859553354455,182.89,72.96377860183085,227.2418205598728
44,13,7300.262447552448,623.4732753889688,8913.49,1454.8451970232213,16055.370092128118
44,14,730.3114685314684,236.8998575792473,1954.95,552.7945359961632,2013.4174730591
44,16,846.4336363636363,368.3418343071667,2640.63,859.5081291498547,2552.3754018771274
44,17,330.3880419580419,129.91700608768255,872.0,303.15514678697923,963.9312307030631
44,18,430.2572527472528,390.9058433265142,1717.66,912.1601696513602,1772.6746751458659
44,20,31.559714285714282,29.213696309969013,151.76,68.16876912220158,131.28819769363014
44,21,770.1832867132867,127.50881830745554,1109.61,297.5357552847412,1837.9023287113146
44,22,63.158181818181816,58.05139133874085,180.32,135.4601571606943,261.77652079705797
44,23,19.318247422680415,14.30123916617523,104.72,33.371260539451406,72.00775538481224
44,24,14.097391304347827,8.533802422980417,41.82,19.91322155656562,48.10800416526128
44,25,34.19188811188811,21.449547647846842,152.96,50.05149796408232,118.43527418785854
44,26,120.533125,43.30525375543458,210.49,101.05074735185758,342.11699735185755
44,27,12.55546875,6.7540092572210035,26.91,15.760158961726374,40.871096461726374
44,28,72.64286713286714,56.29771878427409,633.53,131.3680457683885,276.65378003412275
44,31,12.395555555555555,13.697862241970464,84.0,31.963309220886384,56.754420331997494
44,32,33.57446969696969,20.288742048611716,106.5,47.34281337824937,114.49175277218876
44,33,9.03,9.744449189153793,38.82,22.738208131908728,40.79820813190872
44,34,-9.88,-0.9880000000000001,-9.88,-2.30545094938062,-22.065450949380622
44,38,45778.574685314685,6396.385315244196,66629.98,14925.660523921038,106482.8098945504
44,40,15146.96811188811,1166.0867802829403,18299.88,2721.0079703071806,33014.9441940834
44,42,52.422518518518515,25.732498608850737,137.14,60.045560068532794,164.89059710556984
44,44,4.743,16.31653220918383,37.05,38.0738508828566,47.559850882856594
44,46,5871.248181818181,583.1393797546302,7891.28,1360.727972344674,13103.224335981036
44,49,5.416666666666667,3.5746387823446475,10.0,8.341249366851466,19.1745827001848
44,52,25.69846153846154,16.035081755708102,82.36,37.417099652928236,88.81402272985132
44,55,4.174666666666666,9.608280555754774,20.0,22.420465110506267,30.769798443839598
44,56,589.0967272727273,873.0999696432397,4203.75,2037.3372003220618,3215.530654867516
44,59,92.99575999999999,51.60405859357412,203.23,120.41561323527183,306.40713323527183
44,60,370.76083916083917,100.37457244569984,756.8,234.21928475568063,975.740963077359
44,67,1117.7375524475524,553.7696502108721,3476.87,1292.1951071020535,3527.6702119971583
44,71,-41.28333333333333,17.638232148753836,-24.97,41.15797474973714,-41.40869191692952
44,72,102.7202097902098,68.99995795537126,390.38,161.00811596703795,366.44853554745754
44,74,430.9837062937063,237.5844560396568,1120.07,554.3920139015231,1416.3594264889357
44,79,4496.693286713286,467.66189818475567,5849.66,1091.2667683797447,10084.653341806317
44,80,5023.550909090909,528.1649435491131,6383.99,1232.4477434563403,11279.549561638158
44,81,7472.975944055945,643.4448099408138,8971.56,1501.4478218138474,16447.399709925736
44,82,3882.9426573426576,1159.32798753425,12700.95,2705.236649295911,10471.121963981226
44,83,952.0126573426573,228.86595104518798,2092.25,534.0477976903109,2438.0731123756254
44,85,132.4263043478261,90.2556770244818,564.92,210.60732417316004,475.4599328688122
44,87,218.2209090909091,124.62755795845821,544.7,290.8124714719794,727.2542896537975
44,90,31182.601818181814,3202.4484840068585,43040.13,7472.761030158034,69837.96466652166
44,91,18169.51006993007,1354.452938304236,21158.88,3160.5514296608003,39499.571569520944
44,92,39619.56328671329,4662.846544699099,56083.0,10880.530357583682,90119.65693101026
44,93,11029.915734265734,1540.6651149420122,14632.98,3595.0686760330605,25654.90014456453
44,94,23812.046993006996,2904.225454427343,31697.66,6776.871792636516,54400.965778650505
44,95,31100.18517482518,3430.70309110859,39523.58,8005.382285869761,70205.75263552013
44,96,2834.1395804195804,502.37836204591406,4524.97,1172.2759835293857,6840.555144368546
44,97,6636.467412587413,728.7965076935787,8184.49,1700.611943894171,14973.546769068997
44,98,3466.077062937063,481.7138118304419,5300.69,1124.056239690536,8056.210365564662
44,99,3.505,4.942676400493967,7.0,11.533500000000002,18.5435
45,1,17745.916013986014,11322.257379220177,68621.57,26419.948404913845,61911.78043288588
45,2,35800.91244755245,3910.7883984067694,63651.3,9125.638487787044,80727.46338289195
45,3,9508.014965034965,6036.188189032606,35888.56,14085.157683244235,33101.18761331416
45,4,24229.873146853144,1696.0167473256379,29814.15,3957.5743120317024,52417.320605737994
45,5,16107.063076923077,11223.827881849738,90989.26,26190.267860217762,58404.39401406392
45,6,3554.2226573426574,3004.2047455437882,23534.27,7010.168707234504,14118.614021919819
45,7,23757.77153846154,21048.388189999598,166757.11,49115.41147324534,96630.95455016842
45,8,34050.40958041958,2679.5329295682623,50440.14,6252.562486204234,74353.3816470434
45,9,15485.885804195803,4943.41885154471,27665.17,11535.232474169843,42507.00408256145
45,10,14245.086993006993,1769.4961238614246,19639.56,4129.03493793689,32619.208923950875
45,11,14228.37867132867,6287.878134866765,46492.51,14672.464185848403,43129.22152850575
45,12,3620.2846153846153,614.5591420327362,5010.04,1434.0444913460633,8674.613722115293
45,13,27243.504615384616,1915.8282858617927,34359.75,4470.494069322181,58957.50330009141
45,14,12476.371608391608,5263.196831358356,45315.99,12281.41916157104,37234.16237835426
45,16,16600.54048951049,13566.083280670453,59339.83,31655.809290281624,64856.8902693026
45,17,10523.128391608392,2520.177928229417,25877.26,5880.715179397361,26926.971962614145
45,18,6340.19569105691,11783.605591110236,53443.33,27496.48248699582,40176.87386910964
45,19,1370.0726573426575,307.7828684612594,2661.58,718.1966662926122,3458.341980977927
45,20,5109.0630769230775,1085.8761780487896,8462.19,2533.840349789859,12751.966503636013
45,21,4061.3095804195805,660.8726130600213,7767.72,1542.1147704442074,9664.733931283368
45,22,8324.06076923077,2659.9980354686904,26119.7,6206.978741115258,22855.100279576796
45,23,22916.69097902098,7881.673146740909,75835.1,18391.50894621616,64224.89090425812
45,24,5463.712867132867,2061.5058434492794,14558.72,4810.4257124836395,15737.851446749373
45,25,8409.669300699301,1687.8673780441711,17112.96,3938.558146903352,20757.896748301955
45,26,7258.836223776223,2037.3362068102565,14313.69,4754.027016394955,19271.6994639474
45,27,1328.1967832167834,704.1910408180812,6184.94,1643.1962587038179,4299.589825137385
45,28,646.8414685314685,271.74285175033714,1413.34,634.0990035983924,1927.7819406613294
45,29,4753.078671328672,1792.7864837010522,18395.08,4183.38188348718,13689.539226144523
45,30,3021.6896503496505,643.5020104430466,4660.65,1501.5812964618008,7544.960597161102
45,31,2654.7044055944057,1417.3988098217012,12913.1,3307.4326232331996,8616.841434422011
45,32,4863.574825174825,3291.0165217289245,31766.5,7679.430328387909,17406.579978737558
45,33,5181.216783216783,1824.9027856290377,15057.12,4258.3237445908935,14620.75731102446
45,34,14224.687272727273,3513.988282737601,25324.87,8199.724314321635,36649.09885977618
45,35,2647.2838461538463,856.2060726883116,5259.88,1997.9160963003235,7292.483788608016
45,36,1732.512937062937,1263.1585089001323,6469.0,2947.520226277346,6412.54610040322
45,38,53242.55552447553,5653.249299561872,69367.06,13191.58802101239,119676.69906996345
45,40,39205.858601398606,2928.322260182394,49220.86,6833.100541325812,85244.81774412302
45,41,2671.42020979021,1938.5604983865958,18741.75,4523.538604693466,9866.379024273887
45,42,4447.306363636363,556.0589859562921,5786.09,1297.537163041051,10192.149890313776
45,44,2596.3194405594404,750.4832151427188,7336.86,1751.216842960527,6943.855724079408
45,45,15.093600000000002,10.984910058803395,51.84,25.632764497903853,55.819964497903854
45,46,14638.547692307693,3793.319367336214,42087.15,8851.530097904013,38128.6254825194
45,47,-88.42,527.5615125530602,224.0,1231.0396659636926,1054.1996659636927
45,49,44.7056923076923,37.317653704766144,101.28,87.07896777561771,176.49035239100232
45,51,4.750909090909091,4.32251570168831,17.0,10.086384542682136,19.58820272450032
45,52,1466.2651748251749,359.83891518495244,2754.75,839.6669723048997,3772.197321955249
45,54,52.11369369369369,54.80187660900817,285.73,127.87756928752778,232.10495667491517
45,55,6085.695874125874,5469.443070536901,41831.85,12762.684938818371,24934.07668707012
45,56,3632.1498601398603,4533.568860248565,24067.96,10578.867037391163,17843.166757670882
45,58,1735.1068345323743,1198.9745518591499,7235.0,2797.7500190960322,6267.96368816078
45,59,600.7863636363636,1354.3077468381546,12921.9,3160.2126322890194,4361.785359561747
45,60,177.01538461538462,84.31757565575346,660.0,196.751047413997,550.7818166447662
45,67,6801.026643356644,3359.566176791396,23637.56,7839.387683998727,21441.440970712014
45,71,4396.411328671328,1335.1615320375015,11230.48,3115.535851834353,11908.35850917701
45,72,37466.30839160839,26645.604562754295,240758.86,62176.24932795795,137108.86611117475
45,74,10710.12111888112,1635.218311564607,17674.75,3815.7040575315755,25235.946295293816
45,77,190.745,118.8201290065907,350.0,277.26111257466823,658.7511125746682
45,78,11.0,4.174754056057845,15.0,9.741589779321004,31.741589779321004
45,79,15245.023146853147,1247.2539619863844,19705.24,2910.4077234617903,33400.454017168086
45,80,558.6343846153846,405.48208998768513,1242.6,946.173147083954,2063.441916314723
45,81,14653.096013986014,1136.1541790831404,20507.24,2651.1616708603083,31957.353698832336
45,82,13430.491398601398,6607.70806633047,67985.32,15418.772099950971,42279.75489715377
45,83,824.5827972027972,316.00262444177974,1585.58,737.3770754312434,2386.542669836838
45,85,2001.3830769230772,717.6443442932577,6481.97,1674.5889016887888,5677.355055534943
45,87,6307.075874125874,1378.1507206251492,10939.66,3215.8490761688618,15830.000824420611
45,90,23674.035244755247,2208.619024368207,32016.42,5153.707314321641,52501.777803832134
45,91,16641.92734265734,1573.597224402233,22708.11,3671.914185162789,36955.76887047747
45,92,48125.897762237764,4880.2165520137005,68203.08,11387.752918039474,107639.548442515
45,93,2728.627132867133,907.0440758818869,6551.12,2116.544155740853,7573.798421475119
45,94,3690.272089552239,1852.2873635305207,7639.88,4322.224353013324,11702.768532117801
45,95,52896.16664335664,5117.961708160221,75204.77,11942.519917987487,117734.85320470078
45,96,2.9699999999999998,0.042426406871192736,3.0,0.09899999999999974,6.038999999999999
45,97,6466.961888111889,659.7395422543774,8765.09,1539.4708036784311,14473.394579902208
45,98,561.2390370370371,371.286704749433,1504.71,866.3798440860143,1988.8579181600885
