antecedents,consequents,antecedent support,consequent support,support,confidence,lift,representativity,leverage,conviction,zhangs_metric,jaccard,certainty,kulczynski,antecedents_str,consequents_str
frozenset({'Dept_90'}),frozenset({'Dept_92'}),0.25003885003885,0.25003885003885,0.23341103341103342,0.9334990677439404,3.733416097534032,1.0,0.1708916068822829,11.277453180256934,0.9762489632555128,0.8752913752913756,0.9113274970850095,0.9334990677439404,Dept_90,Dept_92
frozenset({'Dept_92'}),frozenset({'Dept_90'}),0.25003885003885,0.25003885003885,0.23341103341103342,0.9334990677439404,3.733416097534032,1.0,0.1708916068822829,11.277453180256934,0.9762489632555128,0.8752913752913756,0.9113274970850095,0.9334990677439404,Dept_92,Dept_90
frozenset({'Dept_91'}),frozenset({'Dept_90'}),0.25003885003885,0.25003885003885,0.23123543123543125,0.9247980111870728,3.698617279048362,1.0,0.16871600470668074,9.97262388667349,0.9728886486281746,0.8601156069364163,0.8997254873578147,0.9247980111870728,Dept_91,Dept_90
frozenset({'Dept_90'}),frozenset({'Dept_91'}),0.25003885003885,0.25003885003885,0.23123543123543125,0.9247980111870728,3.698617279048362,1.0,0.16871600470668074,9.97262388667349,0.9728886486281746,0.8601156069364163,0.8997254873578147,0.9247980111870728,Dept_90,Dept_91
frozenset({'Dept_94'}),frozenset({'Dept_93'}),0.21787101787101787,0.22968142968142968,0.18445998445998446,0.8466476462196861,3.68618241097678,1.0,0.13441905758922076,5.023193653891328,0.9317090187073654,0.7011222681630243,0.8009234624619085,0.8248799800787199,Dept_94,Dept_93
frozenset({'Dept_93'}),frozenset({'Dept_94'}),0.22968142968142968,0.21787101787101787,0.18445998445998446,0.8031123139377537,3.68618241097678,1.0,0.13441905758922076,3.9724626652461703,0.9459938453004176,0.7011222681630243,0.7482669859307463,0.8248799800787199,Dept_93,Dept_94
frozenset({'Dept_93'}),frozenset({'Dept_97'}),0.22968142968142968,0.24382284382284383,0.20404040404040405,0.888362652232747,3.6434758872643256,1.0,0.14803882468218132,6.773514162605076,0.9418659266339414,0.7572087658592849,0.8523661461401001,0.8626007015147164,Dept_93,Dept_97
frozenset({'Dept_97'}),frozenset({'Dept_93'}),0.24382284382284383,0.22968142968142968,0.20404040404040405,0.8368387507966858,3.6434758872643256,1.0,0.14803882468218132,4.72121030011655,0.959479942113532,0.7572087658592849,0.7881899054623105,0.8626007015147164,Dept_97,Dept_93
frozenset({'Dept_93'}),frozenset({'Dept_95'}),0.22968142968142968,0.25003885003885,0.20916860916860916,0.9106901217861976,3.6421944895551164,1.0,0.15173932861578548,8.397292270019545,0.9417405736885506,0.7731188971855256,0.8809139937203029,0.8736172796625208,Dept_93,Dept_95
frozenset({'Dept_95'}),frozenset({'Dept_93'}),0.25003885003885,0.22968142968142968,0.20916860916860916,0.836544437538844,3.642194489555116,1.0,0.15173932861578548,4.712709428298782,0.9673037761653843,0.7731188971855256,0.7878078385237969,0.8736172796625208,Dept_95,Dept_93
frozenset({'Dept_97'}),frozenset({'Dept_95'}),0.24382284382284383,0.25003885003885,0.22097902097902097,0.9063097514340344,3.624675730564333,1.0,0.16001383749635498,8.004687376115944,0.9575973646467957,0.8097949886104784,0.8750731973638647,0.895044247997937,Dept_97,Dept_95
frozenset({'Dept_95'}),frozenset({'Dept_97'}),0.25003885003885,0.24382284382284383,0.22097902097902097,0.8837787445618397,3.624675730564333,1.0,0.16001383749635498,6.506358525609865,0.9655343506778508,0.8097949886104784,0.8463041967232714,0.895044247997937,Dept_95,Dept_97
frozenset({'Dept_94'}),frozenset({'Dept_95'}),0.21787101787101787,0.25003885003885,0.19673659673659674,0.9029957203994294,3.6114216661095893,1.0,0.1422603779713337,7.7312171488642125,0.9245287579071337,0.7255014326647565,0.870654260416562,0.8449099173780864,Dept_94,Dept_95
frozenset({'Dept_95'}),frozenset({'Dept_94'}),0.25003885003885,0.21787101787101787,0.19673659673659674,0.7868241143567434,3.611421666109589,1.0,0.1422603779713337,3.6689374117945555,0.9641842599557818,0.7255014326647565,0.7274415211376204,0.8449099173780864,Dept_95,Dept_94
frozenset({'Dept_94'}),frozenset({'Dept_90'}),0.21787101787101787,0.25003885003885,0.1961149961149961,0.9001426533523538,3.600011171113982,1.0,0.14163877734973307,7.510325230325231,0.9234066256211383,0.7215551743853631,0.8668499739582256,0.8422403757749961,Dept_94,Dept_90
frozenset({'Dept_90'}),frozenset({'Dept_94'}),0.25003885003885,0.21787101787101787,0.1961149961149961,0.7843380981976383,3.600011171113982,1.0,0.14163877734973307,3.6266441851456266,0.9630139964258576,0.7215551743853631,0.7242629966027823,0.8422403757749961,Dept_90,Dept_94
frozenset({'Dept_92'}),frozenset({'Dept_91'}),0.25003885003885,0.25003885003885,0.225019425019425,0.8999378495960224,3.5991920833750184,1.0,0.16249999849067448,7.494953355822925,0.9629297051193694,0.8180790960451978,0.8665768881372574,0.8999378495960224,Dept_92,Dept_91
frozenset({'Dept_91'}),frozenset({'Dept_92'}),0.25003885003885,0.25003885003885,0.225019425019425,0.8999378495960224,3.5991920833750184,1.0,0.16249999849067448,7.494953355822925,0.9629297051193694,0.8180790960451978,0.8665768881372574,0.8999378495960224,Dept_91,Dept_92
frozenset({'Dept_95'}),frozenset({'Dept_91'}),0.25003885003885,0.25003885003885,0.22455322455322455,0.8980733374766937,3.591735193699518,1.0,0.16203379802447404,7.357850550533486,0.9621605576483783,0.8150028200789624,0.8640907431957155,0.8980733374766937,Dept_95,Dept_91
frozenset({'Dept_91'}),frozenset({'Dept_95'}),0.25003885003885,0.25003885003885,0.22455322455322455,0.8980733374766937,3.591735193699518,1.0,0.16203379802447404,7.357850550533486,0.9621605576483783,0.8150028200789624,0.8640907431957155,0.8980733374766937,Dept_91,Dept_95
frozenset({'Dept_91'}),frozenset({'Dept_93'}),0.25003885003885,0.22968142968142968,0.20466200466200465,0.8185208203853326,3.563722245723691,1.0,0.14723272410918098,4.244666368638973,0.9592423789011746,0.7440677966101694,0.7644102237602612,0.8547949162819761,Dept_91,Dept_93
frozenset({'Dept_93'}),frozenset({'Dept_91'}),0.22968142968142968,0.25003885003885,0.20466200466200465,0.8910690121786197,3.5637222457236906,1.0,0.14723272410918098,6.884736519519123,0.9338922171831893,0.7440677966101694,0.8547511590073388,0.8547949162819761,Dept_93,Dept_91
frozenset({'Dept_94'}),frozenset({'Dept_91'}),0.21787101787101787,0.25003885003885,0.19362859362859364,0.8887303851640515,3.554369191131555,1.0,0.1391523748633306,6.740035463112393,0.9188460494603994,0.7059490084985837,0.85163282812488,0.8315622093626349,Dept_94,Dept_91
frozenset({'Dept_91'}),frozenset({'Dept_94'}),0.25003885003885,0.21787101787101787,0.19362859362859364,0.7743940335612183,3.5543691911315545,1.0,0.1391523748633306,3.4667920998499526,0.958257805000868,0.7059490084985837,0.7115488984634293,0.8315622093626349,Dept_91,Dept_94
frozenset({'Dept_97'}),frozenset({'Dept_94'}),0.24382284382284383,0.21787101787101787,0.18834498834498833,0.7724665391969406,3.5455222394667,1.0,0.13522305718109912,3.4374240138946006,0.9494522510204163,0.6890278567367821,0.7090844783890947,0.8184729272304246,Dept_97,Dept_94
frozenset({'Dept_94'}),frozenset({'Dept_97'}),0.21787101787101787,0.24382284382284383,0.18834498834498833,0.8644793152639086,3.5455222394667,1.0,0.13522305718109912,5.579791436633539,0.9179484707858825,0.6890278567367821,0.8207818318379063,0.8184729272304246,Dept_94,Dept_97
frozenset({'Dept_93'}),frozenset({'Dept_90'}),0.22968142968142968,0.25003885003885,0.20341880341880342,0.8856562922868741,3.5420747301839874,1.0,0.14598952286597974,6.558831832204613,0.931665955945347,0.7362204724409449,0.8475338252934178,0.8496025401769983,Dept_93,Dept_90
frozenset({'Dept_90'}),frozenset({'Dept_93'}),0.25003885003885,0.22968142968142968,0.20341880341880342,0.8135487880671225,3.5420747301839874,1.0,0.14598952286597974,4.131475265475267,0.9569556866185421,0.7362204724409449,0.7579557093427342,0.8496025401769983,Dept_90,Dept_93
frozenset({'Dept_81'}),frozenset({'Dept_92'}),0.25003885003885,0.25003885003885,0.22144522144522144,0.8856432566811685,3.5420225958628464,1.0,0.1589257949164709,6.558084186345061,0.9569501457747145,0.7947573898494145,0.8475164435854371,0.8856432566811685,Dept_81,Dept_92
frozenset({'Dept_92'}),frozenset({'Dept_81'}),0.25003885003885,0.25003885003885,0.22144522144522144,0.8856432566811685,3.5420225958628464,1.0,0.1589257949164709,6.558084186345061,0.9569501457747145,0.7947573898494145,0.8475164435854371,0.8856432566811685,Dept_92,Dept_81
frozenset({'Dept_93'}),frozenset({'Dept_92'}),0.22968142968142968,0.25003885003885,0.20326340326340325,0.8849797023004059,3.5393687907415243,1.0,0.14583412271057958,6.52025046848576,0.931385758501708,0.7352445193929174,0.8466316585791777,0.848953493163876,Dept_93,Dept_92
frozenset({'Dept_92'}),frozenset({'Dept_93'}),0.25003885003885,0.22968142968142968,0.20326340326340325,0.8129272840273463,3.5393687907415243,1.0,0.14583412271057958,4.1177494340285055,0.9566678833180617,0.7352445193929174,0.7571488950405433,0.848953493163876,Dept_92,Dept_93
frozenset({'Dept_13'}),frozenset({'Dept_2'}),0.25003885003885,0.25003885003885,0.22097902097902097,0.8837787445618397,3.5345657061873457,1.0,0.15845959445027047,6.45287427961225,0.9561559426990348,0.791759465478842,0.8450302986438952,0.8837787445618397,Dept_13,Dept_2
frozenset({'Dept_2'}),frozenset({'Dept_13'}),0.25003885003885,0.25003885003885,0.22097902097902097,0.8837787445618397,3.5345657061873457,1.0,0.15845959445027047,6.45287427961225,0.9561559426990348,0.791759465478842,0.8450302986438952,0.8837787445618397,Dept_2,Dept_13
frozenset({'Dept_95'}),frozenset({'Dept_90'}),0.25003885003885,0.25003885003885,0.22035742035742037,0.8812927284027348,3.5246231866200115,1.0,0.15783799382866986,6.317735551243413,0.9550917777880393,0.7877777777777779,0.8417154387218396,0.8812927284027348,Dept_95,Dept_90
frozenset({'Dept_90'}),frozenset({'Dept_95'}),0.25003885003885,0.25003885003885,0.22035742035742037,0.8812927284027348,3.5246231866200115,1.0,0.15783799382866986,6.317735551243413,0.9550917777880393,0.7877777777777779,0.8417154387218396,0.8812927284027348,Dept_90,Dept_95
frozenset({'Dept_91'}),frozenset({'Dept_97'}),0.25003885003885,0.24382284382284383,0.21476301476301476,0.8589185829707894,3.5227157944021856,1.0,0.15379783128034877,5.359863631229273,0.9548869395933627,0.7694877505567927,0.8134280890704952,0.8698671946084029,Dept_91,Dept_97
frozenset({'Dept_97'}),frozenset({'Dept_91'}),0.24382284382284383,0.25003885003885,0.21476301476301476,0.8808158062460165,3.5227157944021856,1.0,0.15379783128034877,6.292454782294352,0.9470374785198457,0.7694877505567927,0.8410795095717191,0.8698671946084029,Dept_97,Dept_91
frozenset({'Dept_81'}),frozenset({'Dept_93'}),0.25003885003885,0.22968142968142968,0.20108780108780108,0.8042262274704787,3.5014856385470434,1.0,0.1436585205349774,3.9347383480716838,0.9525919302387696,0.7216954824316787,0.745853494809871,0.8398668349801649,Dept_81,Dept_93
frozenset({'Dept_93'}),frozenset({'Dept_81'}),0.22968142968142968,0.25003885003885,0.20108780108780108,0.8755074424898511,3.5014856385470434,1.0,0.1436585205349774,6.024144454579237,0.9274175217535411,0.7216954824316787,0.8340013245798159,0.8398668349801649,Dept_93,Dept_81
frozenset({'Dept_23'}),frozenset({'Dept_34'}),0.22424242424242424,0.20683760683760682,0.16161616161616163,0.7207207207207208,3.4844762117489396,1.0,0.11523439523439524,2.8400330851943765,0.9191180889423077,0.5997693194925029,0.6478914259086673,0.751044056829181,Dept_23,Dept_34
frozenset({'Dept_34'}),frozenset({'Dept_23'}),0.20683760683760682,0.22424242424242424,0.16161616161616163,0.781367392937641,3.4844762117489396,1.0,0.11523439523439524,3.5482245131729693,0.8989493534482758,0.5997693194925029,0.7181689049586779,0.751044056829181,Dept_34,Dept_23
frozenset({'Dept_90'}),frozenset({'Dept_81'}),0.25003885003885,0.25003885003885,0.21724941724941724,0.8688626476072094,3.4749105887833394,1.0,0.15472999072066673,5.718898058234552,0.9496796086055089,0.7681318681318683,0.8251411391115608,0.8688626476072094,Dept_90,Dept_81
frozenset({'Dept_81'}),frozenset({'Dept_90'}),0.25003885003885,0.25003885003885,0.21724941724941724,0.8688626476072094,3.4749105887833394,1.0,0.15472999072066673,5.718898058234552,0.9496796086055089,0.7681318681318683,0.8251411391115608,0.8688626476072094,Dept_81,Dept_90
frozenset({'Dept_81'}),frozenset({'Dept_95'}),0.25003885003885,0.25003885003885,0.21693861693861693,0.867619639527657,3.4699393289996725,1.0,0.1544191904098664,5.665199484917797,0.9491298624808077,0.7661909989023052,0.823483709150533,0.867619639527657,Dept_81,Dept_95
frozenset({'Dept_95'}),frozenset({'Dept_81'}),0.25003885003885,0.25003885003885,0.21693861693861693,0.867619639527657,3.4699393289996725,1.0,0.1544191904098664,5.665199484917797,0.9491298624808077,0.7661909989023052,0.823483709150533,0.867619639527657,Dept_95,Dept_81
frozenset({'Dept_91'}),frozenset({'Dept_81'}),0.25003885003885,0.25003885003885,0.21616161616161617,0.8645121193287757,3.457511179540505,1.0,0.15364218963286563,5.535263716915096,0.947748580880642,0.7613574165298305,0.8193401342479635,0.8645121193287757,Dept_91,Dept_81
frozenset({'Dept_81'}),frozenset({'Dept_91'}),0.25003885003885,0.25003885003885,0.21616161616161617,0.8645121193287757,3.457511179540505,1.0,0.15364218963286563,5.535263716915096,0.947748580880642,0.7613574165298305,0.8193401342479635,0.8645121193287757,Dept_81,Dept_91
frozenset({'Dept_92'}),frozenset({'Dept_94'}),0.25003885003885,0.21787101787101787,0.1874125874125874,0.7495338719701679,3.4402642411754853,1.0,0.13293636864732436,3.1226936284008247,0.9458151980806012,0.6681440443213296,0.6797636531150467,0.8048667933317315,Dept_92,Dept_94
frozenset({'Dept_94'}),frozenset({'Dept_92'}),0.21787101787101787,0.25003885003885,0.1874125874125874,0.8601997146932953,3.440264241175485,1.0,0.13293636864732436,5.364518021660878,0.9069151889403899,0.6681440443213296,0.8135899635415156,0.8048667933317315,Dept_94,Dept_92
frozenset({'Dept_92'}),frozenset({'Dept_95'}),0.25003885003885,0.25003885003885,0.2146076146076146,0.8582970789310131,3.4326548806221693,1.0,0.1520881880788641,5.292488992488996,0.9449560115630008,0.7517691888949374,0.8110529844428243,0.8582970789310131,Dept_92,Dept_95
frozenset({'Dept_95'}),frozenset({'Dept_92'}),0.25003885003885,0.25003885003885,0.2146076146076146,0.8582970789310131,3.4326548806221693,1.0,0.1520881880788641,5.292488992488996,0.9449560115630008,0.7517691888949374,0.8110529844428243,0.8582970789310131,Dept_95,Dept_92
frozenset({'Dept_97'}),frozenset({'Dept_90'}),0.24382284382284383,0.25003885003885,0.2080808080808081,0.8534098151688974,3.4131088630278774,1.0,0.1471156245981421,5.116039322995844,0.9349819371248028,0.7281131049483415,0.8045362951951626,0.8428018622146538,Dept_97,Dept_90
frozenset({'Dept_90'}),frozenset({'Dept_97'}),0.25003885003885,0.24382284382284383,0.2080808080808081,0.8321939092604103,3.4131088630278774,1.0,0.1471156245981421,4.5062557195890545,0.9427314765953771,0.7281131049483415,0.7780862733437608,0.8428018622146538,Dept_90,Dept_97
frozenset({'Dept_94'}),frozenset({'Dept_4'}),0.21787101787101787,0.25003885003885,0.1850815850815851,0.8495007132667618,3.3974748849419596,1.0,0.13060536631632205,4.983154181258448,0.902234504995827,0.6543956043956046,0.7993238893227543,0.7948560123201429,Dept_94,Dept_4
frozenset({'Dept_4'}),frozenset({'Dept_94'}),0.25003885003885,0.21787101787101787,0.1850815850815851,0.740211311373524,3.3974748849419596,1.0,0.13060536631632205,3.0106352446065374,0.9409337471288846,0.6543956043956046,0.6678441861094033,0.7948560123201429,Dept_4,Dept_94
frozenset({'Dept_81'}),frozenset({'Dept_94'}),0.25003885003885,0.21787101787101787,0.18477078477078476,0.7389683032939715,3.3917696374441557,1.0,0.13029456600552172,2.9962988862988866,0.9402735811801578,0.6525795828759605,0.6662549238419843,0.7935212415185977,Dept_81,Dept_94
frozenset({'Dept_94'}),frozenset({'Dept_81'}),0.21787101787101787,0.25003885003885,0.18477078477078476,0.848074179743224,3.3917696374441557,1.0,0.13029456600552172,4.936364001152734,0.9016014907163604,0.6525795828759605,0.797421746093586,0.7935212415185977,Dept_94,Dept_81
frozenset({'Dept_4'}),frozenset({'Dept_93'}),0.25003885003885,0.22968142968142968,0.19362859362859364,0.7743940335612183,3.3716005453088225,1.0,0.13619931307576996,3.4144423681613785,0.9379218638474447,0.6768060836501902,0.7071264083047084,0.808712578350298,Dept_4,Dept_93
frozenset({'Dept_93'}),frozenset({'Dept_4'}),0.22968142968142968,0.25003885003885,0.19362859362859364,0.8430311231393776,3.3716005453088225,1.0,0.13619931307576996,4.777769739838707,0.9131351452345712,0.6768060836501902,0.7906973222962896,0.808712578350298,Dept_93,Dept_4
frozenset({'Dept_79'}),frozenset({'Dept_13'}),0.25003885003885,0.25003885003885,0.2083916083916084,0.8334369173399628,3.3332296849488263,1.0,0.14587218186285789,4.502565262266758,0.9333692437156059,0.7144379328716038,0.7779043852222669,0.8334369173399628,Dept_79,Dept_13
frozenset({'Dept_13'}),frozenset({'Dept_79'}),0.25003885003885,0.25003885003885,0.2083916083916084,0.8334369173399628,3.3332296849488263,1.0,0.14587218186285789,4.502565262266758,0.9333692437156059,0.7144379328716038,0.7779043852222669,0.8334369173399628,Dept_13,Dept_79
frozenset({'Dept_4'}),frozenset({'Dept_95'}),0.25003885003885,0.25003885003885,0.2083916083916084,0.8334369173399628,3.3332296849488263,1.0,0.14587218186285789,4.502565262266758,0.9333692437156059,0.7144379328716038,0.7779043852222669,0.8334369173399628,Dept_4,Dept_95
frozenset({'Dept_95'}),frozenset({'Dept_4'}),0.25003885003885,0.25003885003885,0.2083916083916084,0.8334369173399628,3.3332296849488263,1.0,0.14587218186285789,4.502565262266758,0.9333692437156059,0.7144379328716038,0.7779043852222669,0.8334369173399628,Dept_95,Dept_4
frozenset({'Dept_81'}),frozenset({'Dept_97'}),0.25003885003885,0.24382284382284383,0.2013986013986014,0.8054692355500312,3.3035019316535696,1.0,0.14043341791593542,3.8871854450129244,0.9297694010836364,0.6886291179596176,0.7427444576170266,0.8157365298209047,Dept_81,Dept_97
frozenset({'Dept_97'}),frozenset({'Dept_81'}),0.24382284382284383,0.25003885003885,0.2013986013986014,0.8260038240917782,3.3035019316535696,1.0,0.14043341791593542,4.310216279447049,0.9221264138162001,0.6886291179596176,0.7679930808186061,0.8157365298209047,Dept_97,Dept_81
frozenset({'Dept_2'}),frozenset({'Dept_46'}),0.25003885003885,0.25003885003885,0.20637140637140639,0.8253573648228715,3.3009164963549895,1.0,0.14385197984265585,4.294261531272211,0.9294532564572421,0.7026455026455029,0.7671310904755858,0.8253573648228715,Dept_2,Dept_46
frozenset({'Dept_46'}),frozenset({'Dept_2'}),0.25003885003885,0.25003885003885,0.20637140637140639,0.8253573648228715,3.3009164963549895,1.0,0.14385197984265585,4.294261531272211,0.9294532564572421,0.7026455026455029,0.7671310904755858,0.8253573648228715,Dept_46,Dept_2
frozenset({'Dept_4'}),frozenset({'Dept_97'}),0.25003885003885,0.24382284382284383,0.19937839937839938,0.7973896830329398,3.2703649524008713,1.0,0.13841321589573338,3.732174982481732,0.9256795888986618,0.6770448548812665,0.7320597226298742,0.8075539874693061,Dept_4,Dept_97
frozenset({'Dept_97'}),frozenset({'Dept_4'}),0.24382284382284383,0.25003885003885,0.19937839937839938,0.8177182919056724,3.2703649524008713,1.0,0.13841321589573338,4.114297357654,0.9180702211313073,0.6770448548812665,0.7569451322861586,0.8075539874693061,Dept_97,Dept_4
frozenset({'Dept_92'}),frozenset({'Dept_97'}),0.25003885003885,0.24382284382284383,0.19906759906759908,0.7961466749533873,3.2652669555927645,1.0,0.13810241558493308,3.7094178179544057,0.9250430193206004,0.6752767527675277,0.7304159172472354,0.8062951347998294,Dept_92,Dept_97
frozenset({'Dept_97'}),frozenset({'Dept_92'}),0.24382284382284383,0.25003885003885,0.19906759906759908,0.8164435946462715,3.265266955592764,1.0,0.13810241558493308,4.085725848225848,0.9174388843487911,0.6752767527675277,0.7552454478965512,0.8062951347998294,Dept_97,Dept_92
frozenset({'Dept_4'}),frozenset({'Dept_91'}),0.25003885003885,0.25003885003885,0.20093240093240095,0.8036047234307024,3.2139194501408146,1.0,0.1384129744036504,3.8186312983781368,0.9185188247854413,0.6716883116883119,0.7381260661575985,0.8036047234307024,Dept_4,Dept_91
frozenset({'Dept_91'}),frozenset({'Dept_4'}),0.25003885003885,0.25003885003885,0.20093240093240095,0.8036047234307024,3.2139194501408146,1.0,0.1384129744036504,3.8186312983781368,0.9185188247854413,0.6716883116883119,0.7381260661575985,0.8036047234307024,Dept_91,Dept_4
frozenset({'Dept_4'}),frozenset({'Dept_90'}),0.25003885003885,0.25003885003885,0.20077700077700078,0.8029832193909261,3.2114338202489807,1.0,0.13825757424825025,3.8065851428627466,0.9181977074643412,0.6708203530633439,0.7372973511770845,0.8029832193909261,Dept_4,Dept_90
frozenset({'Dept_90'}),frozenset({'Dept_4'}),0.25003885003885,0.25003885003885,0.20077700077700078,0.8029832193909261,3.2114338202489807,1.0,0.13825757424825025,3.8065851428627466,0.9181977074643412,0.6708203530633439,0.7372973511770845,0.8029832193909261,Dept_90,Dept_4
frozenset({'Dept_79'}),frozenset({'Dept_2'}),0.25003885003885,0.25003885003885,0.19829059829059828,0.7930391547545059,3.171663741979643,1.0,0.13577117176184778,3.623686157019491,0.9129913789855628,0.6570545829042225,0.7240379114888615,0.7930391547545059,Dept_79,Dept_2
frozenset({'Dept_2'}),frozenset({'Dept_79'}),0.25003885003885,0.25003885003885,0.19829059829059828,0.7930391547545059,3.171663741979643,1.0,0.13577117176184778,3.623686157019491,0.9129913789855628,0.6570545829042225,0.7240379114888615,0.7930391547545059,Dept_2,Dept_79
frozenset({'Dept_74'}),frozenset({'Dept_14'}),0.24972804972804974,0.25003885003885,0.1972027972027972,0.7896701929060361,3.1581899884091627,1.0,0.1347610828263509,3.5656436922709123,0.9108203198703649,0.6517719568567026,0.7195457296623171,0.7891794096910542,Dept_74,Dept_14
frozenset({'Dept_14'}),frozenset({'Dept_74'}),0.25003885003885,0.24972804972804974,0.1972027972027972,0.7886886264760722,3.1581899884091627,1.0,0.1347610828263509,3.550551670551672,0.9111977837410115,0.6517719568567026,0.7183536270450548,0.7891794096910542,Dept_14,Dept_74
frozenset({'Dept_40'}),frozenset({'Dept_4'}),0.25003885003885,0.25003885003885,0.19673659673659674,0.7868241143567434,3.1468074430613076,1.0,0.13421717020784624,3.5180393302842297,0.9096705968002442,0.6485655737704918,0.7157507616837223,0.7868241143567434,Dept_40,Dept_4
frozenset({'Dept_4'}),frozenset({'Dept_40'}),0.25003885003885,0.25003885003885,0.19673659673659674,0.7868241143567434,3.1468074430613076,1.0,0.13421717020784624,3.5180393302842297,0.9096705968002442,0.6485655737704918,0.7157507616837223,0.7868241143567434,Dept_4,Dept_40
frozenset({'Dept_14'}),frozenset({'Dept_72'}),0.25003885003885,0.23356643356643356,0.1829059829059829,0.7315102548166563,3.1319151628377804,1.0,0.1245053004493564,2.854610204610205,0.9076557488624525,0.6082687338501294,0.6496894748064038,0.7573053602759263,Dept_14,Dept_72
frozenset({'Dept_72'}),frozenset({'Dept_14'}),0.23356643356643356,0.25003885003885,0.1829059829059829,0.7831004657351962,3.13191516283778,1.0,0.1245053004493564,3.4576429705264053,0.8881481435543787,0.6082687338501294,0.7107856396614146,0.7573053602759263,Dept_72,Dept_14
frozenset({'Dept_4'}),frozenset({'Dept_13'}),0.25003885003885,0.25003885003885,0.1954933954933955,0.7818520820385334,3.1269224039266397,1.0,0.13297396896464497,3.4378560976851604,0.9069759589188662,0.6418367346938777,0.7091210418396109,0.7818520820385334,Dept_4,Dept_13
frozenset({'Dept_13'}),frozenset({'Dept_4'}),0.25003885003885,0.25003885003885,0.1954933954933955,0.7818520820385334,3.1269224039266397,1.0,0.13297396896464497,3.4378560976851604,0.9069759589188662,0.6418367346938777,0.7091210418396109,0.7818520820385334,Dept_13,Dept_4
frozenset({'Dept_2'}),frozenset({'Dept_40'}),0.25003885003885,0.25003885003885,0.1954933954933955,0.7818520820385334,3.1269224039266397,1.0,0.13297396896464497,3.4378560976851604,0.9069759589188662,0.6418367346938777,0.7091210418396109,0.7818520820385334,Dept_2,Dept_40
frozenset({'Dept_40'}),frozenset({'Dept_2'}),0.25003885003885,0.25003885003885,0.1954933954933955,0.7818520820385334,3.1269224039266397,1.0,0.13297396896464497,3.4378560976851604,0.9069759589188662,0.6418367346938777,0.7091210418396109,0.7818520820385334,Dept_40,Dept_2
frozenset({'Dept_4'}),frozenset({'Dept_92'}),0.25003885003885,0.25003885003885,0.19456099456099457,0.7781230577998758,3.1120086245756378,1.0,0.13204156803224404,3.380077003606417,0.9049323817077094,0.6368260427263481,0.7041487519565272,0.7781230577998758,Dept_4,Dept_92
frozenset({'Dept_92'}),frozenset({'Dept_4'}),0.25003885003885,0.25003885003885,0.19456099456099457,0.7781230577998758,3.1120086245756378,1.0,0.13204156803224404,3.380077003606417,0.9049323817077094,0.6368260427263481,0.7041487519565272,0.7781230577998758,Dept_92,Dept_4
frozenset({'Dept_46'}),frozenset({'Dept_13'}),0.25003885003885,0.25003885003885,0.19176379176379177,0.7669359850839031,3.0672672865226334,1.0,0.12924436523504124,3.217833307433309,0.8986824138025994,0.621975806451613,0.6892318823072765,0.7669359850839031,Dept_46,Dept_13
frozenset({'Dept_13'}),frozenset({'Dept_46'}),0.25003885003885,0.25003885003885,0.19176379176379177,0.7669359850839031,3.0672672865226334,1.0,0.12924436523504124,3.217833307433309,0.8986824138025994,0.621975806451613,0.6892318823072765,0.7669359850839031,Dept_13,Dept_46
frozenset({'Dept_72'}),frozenset({'Dept_5'}),0.23356643356643356,0.2466200466200466,0.17653457653457655,0.7558216899534266,3.064721219187335,1.0,0.1189324117995447,3.0853680379565955,0.8790142772694564,0.5813715455475948,0.6758895575186261,0.7358188474971923,Dept_72,Dept_5
frozenset({'Dept_5'}),frozenset({'Dept_72'}),0.2466200466200466,0.23356643356643356,0.17653457653457655,0.7158160050409579,3.064721219187335,1.0,0.1189324117995447,2.6969624610422844,0.8942447226676893,0.5813715455475948,0.629212488328987,0.7358188474971923,Dept_5,Dept_72
frozenset({'Dept_40'}),frozenset({'Dept_13'}),0.25003885003885,0.25003885003885,0.1881895881895882,0.7526413921690492,3.0100977990104614,1.0,0.12567016166083766,3.031878116300229,0.8904259647799577,0.6033881415047335,0.6701714377554562,0.7526413921690492,Dept_40,Dept_13
frozenset({'Dept_13'}),frozenset({'Dept_40'}),0.25003885003885,0.25003885003885,0.1881895881895882,0.7526413921690492,3.0100977990104614,1.0,0.12567016166083766,3.031878116300229,0.8904259647799577,0.6033881415047335,0.6701714377554562,0.7526413921690492,Dept_13,Dept_40
frozenset({'Dept_4'}),frozenset({'Dept_79'}),0.25003885003885,0.25003885003885,0.18477078477078476,0.7389683032939715,2.9554139413901224,1.0,0.12225135824203424,2.873065453065454,0.882229596693269,0.586002957121735,0.6519397081841496,0.7389683032939715,Dept_4,Dept_79
frozenset({'Dept_82'}),frozenset({'Dept_4'}),0.25003885003885,0.25003885003885,0.18477078477078476,0.7389683032939715,2.9554139413901224,1.0,0.12225135824203424,2.873065453065454,0.882229596693269,0.586002957121735,0.6519397081841496,0.7389683032939715,Dept_82,Dept_4
frozenset({'Dept_79'}),frozenset({'Dept_4'}),0.25003885003885,0.25003885003885,0.18477078477078476,0.7389683032939715,2.9554139413901224,1.0,0.12225135824203424,2.873065453065454,0.882229596693269,0.586002957121735,0.6519397081841496,0.7389683032939715,Dept_79,Dept_4
frozenset({'Dept_4'}),frozenset({'Dept_82'}),0.25003885003885,0.25003885003885,0.18477078477078476,0.7389683032939715,2.9554139413901224,1.0,0.12225135824203424,2.873065453065454,0.882229596693269,0.586002957121735,0.6519397081841496,0.7389683032939715,Dept_4,Dept_82
frozenset({'Dept_40'}),frozenset({'Dept_46'}),0.25003885003885,0.25003885003885,0.18414918414918416,0.7364822871348665,2.945471421822788,1.0,0.12162975762043364,2.8459610619988,0.8807066505094592,0.5828824397442205,0.6486248482620941,0.7364822871348665,Dept_40,Dept_46
frozenset({'Dept_46'}),frozenset({'Dept_40'}),0.25003885003885,0.25003885003885,0.18414918414918416,0.7364822871348665,2.945471421822788,1.0,0.12162975762043364,2.8459610619988,0.8807066505094592,0.5828824397442205,0.6486248482620941,0.7364822871348665,Dept_46,Dept_40
frozenset({'Dept_4'}),frozenset({'Dept_81'}),0.25003885003885,0.25003885003885,0.18383838383838383,0.7352392790553139,2.940500162039121,1.0,0.12131895730963331,2.8325997424588985,0.8799413153393197,0.5813267813267813,0.6469674183010661,0.7352392790553139,Dept_4,Dept_81
frozenset({'Dept_81'}),frozenset({'Dept_4'}),0.25003885003885,0.25003885003885,0.18383838383838383,0.7352392790553139,2.940500162039121,1.0,0.12131895730963331,2.8325997424588985,0.8799413153393197,0.5813267813267813,0.6469674183010661,0.7352392790553139,Dept_81,Dept_4
frozenset({'Dept_14'}),frozenset({'Dept_23'}),0.25003885003885,0.22424242424242424,0.16472416472416473,0.6587942821628342,2.9378663934288554,1.0,0.10865484683666504,2.2735773030855007,0.879534791889842,0.532128514056225,0.5601645043505284,0.6966875083717844,Dept_14,Dept_23
frozenset({'Dept_23'}),frozenset({'Dept_14'}),0.22424242424242424,0.25003885003885,0.16472416472416473,0.7345807345807346,2.937866393428855,1.0,0.10865484683666504,2.825571643326213,0.850287441037736,0.532128514056225,0.6460893135157536,0.6966875083717844,Dept_23,Dept_14
frozenset({'Dept_46'}),frozenset({'Dept_79'}),0.25003885003885,0.25003885003885,0.18321678321678322,0.7327532628962089,2.9305576424717867,1.0,0.1206973566880327,2.806249977412769,0.8784028553280981,0.5782246199117216,0.6436525583790104,0.7327532628962089,Dept_46,Dept_79
frozenset({'Dept_79'}),frozenset({'Dept_46'}),0.25003885003885,0.25003885003885,0.18321678321678322,0.7327532628962089,2.9305576424717867,1.0,0.1206973566880327,2.806249977412769,0.8784028553280981,0.5782246199117216,0.6436525583790104,0.7327532628962089,Dept_79,Dept_46
frozenset({'Dept_82'}),frozenset({'Dept_7'}),0.25003885003885,0.25003885003885,0.1829059829059829,0.7315102548166563,2.9255863826881194,1.0,0.12038655637723238,2.793258079369191,0.8776297040140474,0.5766780989710927,0.6419951284179825,0.7315102548166563,Dept_82,Dept_7
frozenset({'Dept_7'}),frozenset({'Dept_82'}),0.25003885003885,0.25003885003885,0.1829059829059829,0.7315102548166563,2.9255863826881194,1.0,0.12038655637723238,2.793258079369191,0.8776297040140474,0.5766780989710927,0.6419951284179825,0.7315102548166563,Dept_7,Dept_82
frozenset({'Dept_46'}),frozenset({'Dept_7'}),0.25003885003885,0.25003885003885,0.1829059829059829,0.7315102548166563,2.9255863826881194,1.0,0.12038655637723238,2.793258079369191,0.8776297040140474,0.5766780989710927,0.6419951284179825,0.7315102548166563,Dept_46,Dept_7
frozenset({'Dept_7'}),frozenset({'Dept_46'}),0.25003885003885,0.25003885003885,0.1829059829059829,0.7315102548166563,2.9255863826881194,1.0,0.12038655637723238,2.793258079369191,0.8776297040140474,0.5766780989710927,0.6419951284179825,0.7315102548166563,Dept_7,Dept_46
frozenset({'Dept_94'}),frozenset({'Dept_13'}),0.21787101787101787,0.25003885003885,0.15912975912975913,0.7303851640513552,2.9210867188753706,1.0,0.10465354036449609,2.781601937157493,0.8408608651649118,0.5153497735279317,0.640494929687209,0.683402650391122,Dept_94,Dept_13
frozenset({'Dept_13'}),frozenset({'Dept_94'}),0.25003885003885,0.21787101787101787,0.15912975912975913,0.6364201367308888,2.9210867188753706,1.0,0.10465354036449609,2.151188944009457,0.8769276283412765,0.5153497735279317,0.5351407867799066,0.683402650391122,Dept_13,Dept_94
frozenset({'Dept_82'}),frozenset({'Dept_40'}),0.25003885003885,0.25003885003885,0.1822843822843823,0.7290242386575514,2.9156438631207853,1.0,0.11976495575563177,2.767631858457548,0.8760754919095874,0.57359413202934,0.6386802684959269,0.7290242386575514,Dept_82,Dept_40
frozenset({'Dept_40'}),frozenset({'Dept_82'}),0.25003885003885,0.25003885003885,0.1822843822843823,0.7290242386575514,2.9156438631207853,1.0,0.11976495575563177,2.767631858457548,0.8760754919095874,0.57359413202934,0.6386802684959269,0.7290242386575514,Dept_40,Dept_82
frozenset({'Dept_4'}),frozenset({'Dept_2'}),0.25003885003885,0.25003885003885,0.18197358197358196,0.7277812305779988,2.910672603337118,1.0,0.11945415544483144,2.754994270062764,0.8752944041013258,0.572056668295066,0.6370228385348989,0.7277812305779988,Dept_4,Dept_2
frozenset({'Dept_2'}),frozenset({'Dept_4'}),0.25003885003885,0.25003885003885,0.18197358197358196,0.7277812305779988,2.910672603337118,1.0,0.11945415544483144,2.754994270062764,0.8752944041013258,0.572056668295066,0.6370228385348989,0.7277812305779988,Dept_2,Dept_4
frozenset({'Dept_40'}),frozenset({'Dept_93'}),0.25003885003885,0.22968142968142968,0.1668997668997669,0.6674953387197018,2.906178961205197,1.0,0.10947048634694323,2.316715102135664,0.8745860604531166,0.533532041728763,0.5683543483278759,0.6970764920932744,Dept_40,Dept_93
frozenset({'Dept_93'}),frozenset({'Dept_40'}),0.22968142968142968,0.25003885003885,0.1668997668997669,0.7266576454668471,2.9061789612051965,1.0,0.10947048634694323,2.7436697515905437,0.8514731345061007,0.533532041728763,0.6355246474469873,0.6970764920932744,Dept_93,Dept_40
frozenset({'Dept_82'}),frozenset({'Dept_46'}),0.25003885003885,0.25003885003885,0.18104118104118105,0.7240522063393413,2.8957588239861165,1.0,0.11852175451243054,2.717764617764619,0.8729350495972282,0.5674622503653192,0.6320505486518154,0.7240522063393413,Dept_82,Dept_46
frozenset({'Dept_46'}),frozenset({'Dept_82'}),0.25003885003885,0.25003885003885,0.18104118104118105,0.7240522063393413,2.8957588239861165,1.0,0.11852175451243054,2.717764617764619,0.8729350495972282,0.5674622503653192,0.6320505486518154,0.7240522063393413,Dept_46,Dept_82
frozenset({'Dept_5'}),frozenset({'Dept_14'}),0.2466200466200466,0.25003885003885,0.17746697746697745,0.7195967233774417,2.8779396612391785,1.0,0.11580238461357342,2.674580550535607,0.8661356010819996,0.5559883154819865,0.6261095969610107,0.7146771684009645,Dept_5,Dept_14
frozenset({'Dept_14'}),frozenset({'Dept_5'}),0.25003885003885,0.2466200466200466,0.17746697746697745,0.7097576134244873,2.877939661239178,1.0,0.11580238461357342,2.595692387555343,0.8700840020815445,0.5559883154819865,0.6147463371259438,0.7146771684009645,Dept_14,Dept_5
frozenset({'Dept_2'}),frozenset({'Dept_82'}),0.25003885003885,0.25003885003885,0.17964257964257965,0.718458669981355,2.8733881549596147,1.0,0.11712315311382913,2.6637692942328717,0.8693500961487445,0.5606207565470419,0.62459211382719,0.718458669981355,Dept_2,Dept_82
frozenset({'Dept_82'}),frozenset({'Dept_2'}),0.25003885003885,0.25003885003885,0.17964257964257965,0.718458669981355,2.8733881549596147,1.0,0.11712315311382913,2.6637692942328717,0.8693500961487445,0.5606207565470419,0.62459211382719,0.718458669981355,Dept_82,Dept_2
frozenset({'Dept_9'}),frozenset({'Dept_10'}),0.24677544677544677,0.25003885003885,0.17715617715617715,0.7178841309823678,2.8710903560419747,1.0,0.115452728226621,2.658344433344434,0.8652137875118994,0.5542051531356345,0.6238260221449516,0.7131993681636513,Dept_9,Dept_10
frozenset({'Dept_10'}),frozenset({'Dept_9'}),0.25003885003885,0.24677544677544677,0.17715617715617715,0.7085146053449348,2.8710903560419747,1.0,0.115452728226621,2.5840902049857277,0.8689787045317396,0.5542051531356345,0.6130166051979896,0.7131993681636513,Dept_10,Dept_9
frozenset({'Dept_79'}),frozenset({'Dept_94'}),0.25003885003885,0.21787101787101787,0.15633255633255633,0.6252330640149162,2.8697394913951397,1.0,0.10185633756729329,2.0869743486658914,0.8687600876300424,0.5017456359102245,0.5208374263731345,0.6713897131772155,Dept_79,Dept_94
frozenset({'Dept_94'}),frozenset({'Dept_79'}),0.21787101787101787,0.25003885003885,0.15633255633255633,0.717546362339515,2.8697394913951393,1.0,0.10185633756729329,2.655165485468516,0.8330292435729357,0.5017456359102245,0.6233756406246951,0.6713897131772155,Dept_94,Dept_79
frozenset({'Dept_10'}),frozenset({'Dept_8'}),0.25003885003885,0.25003885003885,0.17886557886557886,0.7153511497824736,2.8609600055004463,1.0,0.11634615233682834,2.6346888434224685,0.8673342303472755,0.5568456700532173,0.6204485389246203,0.7153511497824736,Dept_10,Dept_8
frozenset({'Dept_8'}),frozenset({'Dept_10'}),0.25003885003885,0.25003885003885,0.17886557886557886,0.7153511497824736,2.8609600055004463,1.0,0.11634615233682834,2.6346888434224685,0.8673342303472755,0.5568456700532173,0.6204485389246203,0.7153511497824736,Dept_8,Dept_10
frozenset({'Dept_14'}),frozenset({'Dept_34'}),0.25003885003885,0.20683760683760682,0.14763014763014762,0.5904288377874456,2.8545526455012866,1.0,0.09591271027168463,1.9365679675239615,0.8662880886426593,0.4773869346733668,0.4836225648828786,0.6520889493219721,Dept_14,Dept_34
frozenset({'Dept_34'}),frozenset({'Dept_14'}),0.20683760683760682,0.25003885003885,0.14763014763014762,0.7137490608564988,2.8545526455012866,1.0,0.09591271027168463,2.61994301994302,0.8191039019963703,0.4773869346733668,0.6183123096998694,0.6520889493219721,Dept_34,Dept_14
frozenset({'Dept_2'}),frozenset({'Dept_74'}),0.25003885003885,0.24972804972804974,0.17793317793317792,0.7116221255438161,2.8495882874140985,1.0,0.11549146355673162,2.6016973448007934,0.8654743139870099,0.5528730082085949,0.6156355380850158,0.7120649520065067,Dept_2,Dept_74
frozenset({'Dept_74'}),frozenset({'Dept_2'}),0.24972804972804974,0.25003885003885,0.17793317793317792,0.7125077784691972,2.8495882874140985,1.0,0.11549146355673162,2.6086310995401902,0.8651157910731795,0.5528730082085949,0.6166571807810368,0.7120649520065067,Dept_74,Dept_2
frozenset({'Dept_14'}),frozenset({'Dept_46'}),0.25003885003885,0.25003885003885,0.1780885780885781,0.7122436295835923,2.8485318560412787,1.0,0.11556915155982757,2.6062364801025715,0.8653007740937867,0.5530888030888031,0.6163049640220507,0.7122436295835923,Dept_14,Dept_46
frozenset({'Dept_46'}),frozenset({'Dept_14'}),0.25003885003885,0.25003885003885,0.1780885780885781,0.7122436295835923,2.8485318560412787,1.0,0.11556915155982757,2.6062364801025715,0.8653007740937867,0.5530888030888031,0.6163049640220507,0.7122436295835923,Dept_46,Dept_14
frozenset({'Dept_10'}),frozenset({'Dept_40'}),0.25003885003885,0.25003885003885,0.1780885780885781,0.7122436295835923,2.8485318560412787,1.0,0.11556915155982757,2.6062364801025715,0.8653007740937867,0.5530888030888031,0.6163049640220507,0.7122436295835923,Dept_10,Dept_40
frozenset({'Dept_40'}),frozenset({'Dept_10'}),0.25003885003885,0.25003885003885,0.1780885780885781,0.7122436295835923,2.8485318560412787,1.0,0.11556915155982757,2.6062364801025715,0.8653007740937867,0.5530888030888031,0.6163049640220507,0.7122436295835923,Dept_40,Dept_10
frozenset({'Dept_93'}),frozenset({'Dept_79'}),0.22968142968142968,0.25003885003885,0.16332556332556333,0.7110960757780785,2.8439423540285493,1.0,0.10589628277273966,2.595884261458033,0.8416977826625824,0.5162082514734775,0.6147748130194645,0.6821484107914633,Dept_93,Dept_79
frozenset({'Dept_79'}),frozenset({'Dept_93'}),0.25003885003885,0.22968142968142968,0.16332556332556333,0.6532007458048479,2.8439423540285493,1.0,0.10589628277273966,2.221223261008208,0.8645453602690468,0.5162082514734775,0.5497976193774856,0.6821484107914633,Dept_79,Dept_93
frozenset({'Dept_4'}),frozenset({'Dept_46'}),0.25003885003885,0.25003885003885,0.17777777777777778,0.7110006215040399,2.8435605962576114,1.0,0.11525835124902727,2.5950268608333134,0.864482414601561,0.5515911282545807,0.6146475340610229,0.7110006215040399,Dept_4,Dept_46
frozenset({'Dept_46'}),frozenset({'Dept_4'}),0.25003885003885,0.25003885003885,0.17777777777777778,0.7110006215040399,2.8435605962576114,1.0,0.11525835124902727,2.5950268608333134,0.864482414601561,0.5515911282545807,0.6146475340610229,0.7110006215040399,Dept_46,Dept_4
frozenset({'Dept_14'}),frozenset({'Dept_7'}),0.25003885003885,0.25003885003885,0.17715617715617715,0.7085146053449348,2.833618076690277,1.0,0.11463675062742663,2.572894435581004,0.862837081306665,0.5486044273339751,0.6113326741389672,0.7085146053449348,Dept_14,Dept_7
frozenset({'Dept_7'}),frozenset({'Dept_14'}),0.25003885003885,0.25003885003885,0.17715617715617715,0.7085146053449348,2.833618076690277,1.0,0.11463675062742663,2.572894435581004,0.862837081306665,0.5486044273339751,0.6113326741389672,0.7085146053449348,Dept_7,Dept_14
frozenset({'Dept_46'}),frozenset({'Dept_74'}),0.25003885003885,0.24972804972804974,0.17684537684537685,0.7072715972653824,2.8321672236482485,1.0,0.11440366246893055,2.563030929909912,0.8625960216956046,0.5476419634263716,0.6098369362888847,0.7077117164920564,Dept_46,Dept_74
frozenset({'Dept_74'}),frozenset({'Dept_46'}),0.24972804972804974,0.25003885003885,0.17684537684537685,0.7081518357187305,2.832167223648248,1.0,0.11440366246893055,2.56969630700974,0.862238691114952,0.5476419634263716,0.6108489562474162,0.7077117164920564,Dept_74,Dept_46
frozenset({'Dept_82'}),frozenset({'Dept_93'}),0.25003885003885,0.22968142968142968,0.16208236208236207,0.6482287134866377,2.8222948384888453,1.0,0.1046530815295384,2.1898278792271726,0.8609491413361389,0.5102739726027398,0.5433431049599583,0.6769560346864852,Dept_82,Dept_93
frozenset({'Dept_93'}),frozenset({'Dept_82'}),0.22968142968142968,0.25003885003885,0.16208236208236207,0.7056833558863328,2.8222948384888453,1.0,0.1046530815295384,2.548143861247309,0.8381966019947966,0.5102739726027398,0.6075574793055432,0.6769560346864852,Dept_93,Dept_82
frozenset({'Dept_40'}),frozenset({'Dept_74'}),0.25003885003885,0.24972804972804974,0.17591297591297592,0.7035425730267247,2.817234883277519,1.0,0.11347126153652962,2.5307915471437488,0.8601005815085836,0.5431861804222649,0.604866706177915,0.7039803717653847,Dept_40,Dept_74
frozenset({'Dept_74'}),frozenset({'Dept_40'}),0.24972804972804974,0.25003885003885,0.17591297591297592,0.7044181705040448,2.817234883277519,1.0,0.11347126153652962,2.537236985236985,0.8597442846645452,0.5431861804222649,0.6058704780757413,0.7039803717653847,Dept_74,Dept_40
frozenset({'Dept_91'}),frozenset({'Dept_79'}),0.25003885003885,0.25003885003885,0.17591297591297592,0.7035425730267247,2.8137330375556084,1.0,0.1133935493842254,2.5297431662211545,0.8595115313254619,0.5426653883029724,0.6047029542948557,0.7035425730267247,Dept_91,Dept_79
frozenset({'Dept_79'}),frozenset({'Dept_91'}),0.25003885003885,0.25003885003885,0.17591297591297592,0.7035425730267247,2.8137330375556084,1.0,0.1133935493842254,2.5297431662211545,0.8595115313254619,0.5426653883029724,0.6047029542948557,0.7035425730267247,Dept_79,Dept_91
frozenset({'Dept_2'}),frozenset({'Dept_34'}),0.25003885003885,0.20683760683760682,0.14483294483294484,0.5792417650714731,2.8004663848496842,1.0,0.09311550747448186,1.8850787158024978,0.857266567537427,0.4641434262948208,0.46951817363537013,0.6397335797558719,Dept_2,Dept_34
frozenset({'Dept_34'}),frozenset({'Dept_2'}),0.20683760683760682,0.25003885003885,0.14483294483294484,0.7002253944402705,2.800466384849684,1.0,0.09311550747448186,2.5017501017501025,0.8105737568447536,0.4641434262948208,0.6002798203943516,0.6397335797558719,Dept_34,Dept_2
frozenset({'Dept_40'}),frozenset({'Dept_94'}),0.25003885003885,0.21787101787101787,0.15213675213675212,0.6084524549409571,2.7927186501747925,1.0,0.09766053337148908,1.997532590865924,0.8559456417337651,0.4817913385826772,0.4993823857629762,0.6533703073563559,Dept_40,Dept_94
frozenset({'Dept_94'}),frozenset({'Dept_40'}),0.21787101787101787,0.25003885003885,0.15213675213675212,0.6982881597717546,2.7927186501747925,1.0,0.09766053337148908,2.485686837459887,0.8207418372754124,0.4817913385826772,0.5976967070309244,0.6533703073563559,Dept_94,Dept_40
frozenset({'Dept_40'}),frozenset({'Dept_14'}),0.25003885003885,0.25003885003885,0.17389277389277388,0.6954630205096334,2.781419848961772,1.0,0.11137334736402336,2.4626275311989607,0.8540060967051054,0.5331110052405909,0.5939296595481746,0.6954630205096334,Dept_40,Dept_14
frozenset({'Dept_14'}),frozenset({'Dept_40'}),0.25003885003885,0.25003885003885,0.17389277389277388,0.6954630205096334,2.781419848961772,1.0,0.11137334736402336,2.4626275311989607,0.8540060967051054,0.5331110052405909,0.5939296595481746,0.6954630205096334,Dept_14,Dept_40
frozenset({'Dept_2'}),frozenset({'Dept_14'}),0.25003885003885,0.25003885003885,0.17373737373737375,0.6948415164698571,2.7789342190699386,1.0,0.11121794720862323,2.457611996512201,0.8535772985772505,0.5323809523809525,0.5931009445676607,0.6948415164698571,Dept_2,Dept_14
frozenset({'Dept_14'}),frozenset({'Dept_2'}),0.25003885003885,0.25003885003885,0.17373737373737375,0.6948415164698571,2.7789342190699386,1.0,0.11121794720862323,2.457611996512201,0.8535772985772505,0.5323809523809525,0.5931009445676607,0.6948415164698571,Dept_14,Dept_2
frozenset({'Dept_7'}),frozenset({'Dept_23'}),0.25003885003885,0.22424242424242424,0.15555555555555556,0.6221255438160349,2.7743436413417775,1.0,0.09948623766805587,2.0529505582137166,0.8527833542338309,0.48805460750853247,0.5128962088253575,0.6579096187548643,Dept_7,Dept_23
frozenset({'Dept_23'}),frozenset({'Dept_7'}),0.22424242424242424,0.25003885003885,0.15555555555555556,0.6936936936936937,2.774343641341777,1.0,0.09948623766805587,2.448402577814343,0.8244255744255746,0.48805460750853247,0.5915704349189638,0.6579096187548643,Dept_23,Dept_7
frozenset({'Dept_14'}),frozenset({'Dept_82'}),0.25003885003885,0.25003885003885,0.17342657342657342,0.6935985083903046,2.7739629592862713,1.0,0.1109071468978229,2.447641968128784,0.8527173969552618,0.5309229305423406,0.5914435146066328,0.6935985083903046,Dept_14,Dept_82
frozenset({'Dept_82'}),frozenset({'Dept_14'}),0.25003885003885,0.25003885003885,0.17342657342657342,0.6935985083903046,2.7739629592862713,1.0,0.1109071468978229,2.447641968128784,0.8527173969552618,0.5309229305423406,0.5914435146066328,0.6935985083903046,Dept_82,Dept_14
frozenset({'Dept_13'}),frozenset({'Dept_93'}),0.25003885003885,0.22968142968142968,0.15912975912975913,0.6364201367308888,2.7708819890820497,1.0,0.10170047857693545,2.1187052643462905,0.852182918695607,0.4963645176926806,0.5280136332183316,0.664624141437163,Dept_13,Dept_93
frozenset({'Dept_93'}),frozenset({'Dept_13'}),0.22968142968142968,0.25003885003885,0.15912975912975913,0.692828146143437,2.7708819890820493,1.0,0.10170047857693545,2.441503479388942,0.8296620467268508,0.4963645176926806,0.5904163117349808,0.664624141437163,Dept_93,Dept_13
frozenset({'Dept_72'}),frozenset({'Dept_74'}),0.23356643356643356,0.24972804972804974,0.16161616161616163,0.6919494344644046,2.7708118299803632,1.0,0.10328807167968009,2.4355480372758995,0.8338556288601909,0.5024154589371981,0.5894147909648806,0.6695590358383006,Dept_72,Dept_74
frozenset({'Dept_74'}),frozenset({'Dept_72'}),0.24972804972804974,0.23356643356643356,0.16161616161616163,0.6471686372121966,2.770811829980363,1.0,0.10328807167968009,2.1722376389043054,0.8518177219425148,0.5024154589371981,0.5396452109611689,0.6695590358383006,Dept_74,Dept_72
frozenset({'Dept_97'}),frozenset({'Dept_79'}),0.24382284382284383,0.25003885003885,0.1689199689199689,0.6927979604843849,2.77076126520635,1.0,0.10795478543730291,2.4412635773631624,0.8451569212200686,0.519846963175514,0.590376062104645,0.684186425860589,Dept_97,Dept_79
frozenset({'Dept_79'}),frozenset({'Dept_97'}),0.25003885003885,0.24382284382284383,0.1689199689199689,0.675574891236793,2.77076126520635,1.0,0.10795478543730291,2.3308219239253725,0.8521619516487471,0.519846963175514,0.5709667951312707,0.684186425860589,Dept_79,Dept_97
frozenset({'Dept_79'}),frozenset({'Dept_95'}),0.25003885003885,0.25003885003885,0.17311577311577311,0.6923555003107521,2.768991699502604,1.0,0.1105963465870226,2.4377525056312943,0.8518544077152408,0.529467680608365,0.589786084645605,0.6923555003107521,Dept_79,Dept_95
frozenset({'Dept_82'}),frozenset({'Dept_95'}),0.25003885003885,0.25003885003885,0.17311577311577311,0.6923555003107521,2.768991699502604,1.0,0.1105963465870226,2.4377525056312943,0.8518544077152408,0.529467680608365,0.589786084645605,0.6923555003107521,Dept_82,Dept_95
frozenset({'Dept_95'}),frozenset({'Dept_79'}),0.25003885003885,0.25003885003885,0.17311577311577311,0.6923555003107521,2.768991699502604,1.0,0.1105963465870226,2.4377525056312943,0.8518544077152408,0.529467680608365,0.589786084645605,0.6923555003107521,Dept_95,Dept_79
frozenset({'Dept_95'}),frozenset({'Dept_82'}),0.25003885003885,0.25003885003885,0.17311577311577311,0.6923555003107521,2.768991699502604,1.0,0.1105963465870226,2.4377525056312943,0.8518544077152408,0.529467680608365,0.589786084645605,0.6923555003107521,Dept_95,Dept_82
frozenset({'Dept_2'}),frozenset({'Dept_23'}),0.25003885003885,0.22424242424242424,0.1550893550893551,0.6202610316967061,2.7660289251339596,1.0,0.0990200372018554,2.0428706045727325,0.8513386075923085,0.4858812074001948,0.5104927361715352,0.6559378616556988,Dept_2,Dept_23
frozenset({'Dept_23'}),frozenset({'Dept_2'}),0.22424242424242424,0.25003885003885,0.1550893550893551,0.6916146916146916,2.7660289251339596,1.0,0.0990200372018554,2.4318964930200884,0.8230288702404811,0.4858812074001948,0.5887982885496353,0.6559378616556988,Dept_23,Dept_2
frozenset({'Dept_2'}),frozenset({'Dept_7'}),0.25003885003885,0.25003885003885,0.1728049728049728,0.6911124922311996,2.764020439718937,1.0,0.1102855462762223,2.427942636393342,0.8509883141973783,0.5280151946818614,0.5881286546845772,0.6911124922311996,Dept_2,Dept_7
frozenset({'Dept_7'}),frozenset({'Dept_2'}),0.25003885003885,0.25003885003885,0.1728049728049728,0.6911124922311996,2.764020439718937,1.0,0.1102855462762223,2.427942636393342,0.8509883141973783,0.5280151946818614,0.5881286546845772,0.6911124922311996,Dept_7,Dept_2
frozenset({'Dept_8'}),frozenset({'Dept_40'}),0.25003885003885,0.25003885003885,0.17249417249417248,0.6898694841516471,2.75904917993527,1.0,0.10997474596542196,2.418211403381745,0.8501190996217934,0.5265654648956357,0.5864712247235493,0.6898694841516471,Dept_8,Dept_40
frozenset({'Dept_40'}),frozenset({'Dept_8'}),0.25003885003885,0.25003885003885,0.17249417249417248,0.6898694841516471,2.75904917993527,1.0,0.10997474596542196,2.418211403381745,0.8501190996217934,0.5265654648956357,0.5864712247235493,0.6898694841516471,Dept_40,Dept_8
frozenset({'Dept_13'}),frozenset({'Dept_91'}),0.25003885003885,0.25003885003885,0.17202797202797201,0.6880049720323183,2.751592290259769,1.0,0.1095085454992215,2.4037599408117343,0.8488093887707768,0.5243960208432024,0.5839850797820074,0.6880049720323183,Dept_13,Dept_91
frozenset({'Dept_91'}),frozenset({'Dept_13'}),0.25003885003885,0.25003885003885,0.17202797202797201,0.6880049720323183,2.751592290259769,1.0,0.1095085454992215,2.4037599408117343,0.8488093887707768,0.5243960208432024,0.5839850797820074,0.6880049720323183,Dept_91,Dept_13
frozenset({'Dept_10'}),frozenset({'Dept_4'}),0.25003885003885,0.25003885003885,0.17187257187257188,0.687383467992542,2.7491066603679357,1.0,0.10935314534382136,2.398981094010916,0.8483712395710696,0.5236742424242425,0.5831563648014936,0.687383467992542,Dept_10,Dept_4
frozenset({'Dept_4'}),frozenset({'Dept_10'}),0.25003885003885,0.25003885003885,0.17187257187257188,0.687383467992542,2.7491066603679357,1.0,0.10935314534382136,2.398981094010916,0.8483712395710696,0.5236742424242425,0.5831563648014936,0.687383467992542,Dept_4,Dept_10
frozenset({'Dept_1'}),frozenset({'Dept_5'}),0.25003885003885,0.2466200466200466,0.16938616938616938,0.6774394033561218,2.7468951232493035,1.0,0.10772157653276535,2.335623015391802,0.8479807388876005,0.5175688509021842,0.5718487129943572,0.6821349505753513,Dept_1,Dept_5
frozenset({'Dept_5'}),frozenset({'Dept_1'}),0.2466200466200466,0.25003885003885,0.16938616938616938,0.6868304977945809,2.746895123249303,1.0,0.10772157653276535,2.3947451609423442,0.8441326414751568,0.5175688509021842,0.5824190330103871,0.6821349505753513,Dept_5,Dept_1
frozenset({'Dept_13'}),frozenset({'Dept_82'}),0.25003885003885,0.25003885003885,0.17156177156177158,0.6861404599129896,2.7441354005842684,1.0,0.10904234503302106,2.3894801787871107,0.8474925599260047,0.5222327341532641,0.5814989348404658,0.6861404599129896,Dept_13,Dept_82
frozenset({'Dept_82'}),frozenset({'Dept_13'}),0.25003885003885,0.25003885003885,0.17156177156177158,0.6861404599129896,2.7441354005842684,1.0,0.10904234503302106,2.3894801787871107,0.8474925599260047,0.5222327341532641,0.5814989348404658,0.6861404599129896,Dept_82,Dept_13
frozenset({'Dept_82'}),frozenset({'Dept_92'}),0.25003885003885,0.25003885003885,0.1714063714063714,0.6855189558732132,2.7416497706924345,1.0,0.10888694487762089,2.384757885943657,0.8470520251628851,0.5215130023640663,0.5806702198599517,0.6855189558732132,Dept_82,Dept_92
frozenset({'Dept_92'}),frozenset({'Dept_82'}),0.25003885003885,0.25003885003885,0.1714063714063714,0.6855189558732132,2.7416497706924345,1.0,0.10888694487762089,2.384757885943657,0.8470520251628851,0.5215130023640663,0.5806702198599517,0.6855189558732132,Dept_92,Dept_82
frozenset({'Dept_8'}),frozenset({'Dept_2'}),0.25003885003885,0.25003885003885,0.17125097125097125,0.684897451833437,2.739164140800601,1.0,0.10873154472222073,2.3800542214743405,0.8466106908811392,0.5207939508506616,0.5798415048794378,0.684897451833437,Dept_8,Dept_2
frozenset({'Dept_13'}),frozenset({'Dept_95'}),0.25003885003885,0.25003885003885,0.17125097125097125,0.684897451833437,2.739164140800601,1.0,0.10873154472222073,2.3800542214743405,0.8466106908811392,0.5207939508506616,0.5798415048794378,0.684897451833437,Dept_13,Dept_95
frozenset({'Dept_95'}),frozenset({'Dept_13'}),0.25003885003885,0.25003885003885,0.17125097125097125,0.684897451833437,2.739164140800601,1.0,0.10873154472222073,2.3800542214743405,0.8466106908811392,0.5207939508506616,0.5798415048794378,0.684897451833437,Dept_95,Dept_13
frozenset({'Dept_2'}),frozenset({'Dept_8'}),0.25003885003885,0.25003885003885,0.17125097125097125,0.684897451833437,2.739164140800601,1.0,0.10873154472222073,2.3800542214743405,0.8466106908811392,0.5207939508506616,0.5798415048794378,0.684897451833437,Dept_2,Dept_8
frozenset({'Dept_90'}),frozenset({'Dept_13'}),0.25003885003885,0.25003885003885,0.17094017094017094,0.6836544437538845,2.7341928810169343,1.0,0.10842074441142042,2.3707023384823,0.845725615039747,0.5193578847969784,0.57818407491841,0.6836544437538845,Dept_90,Dept_13
frozenset({'Dept_13'}),frozenset({'Dept_90'}),0.25003885003885,0.25003885003885,0.17094017094017094,0.6836544437538845,2.7341928810169343,1.0,0.10842074441142042,2.3707023384823,0.845725615039747,0.5193578847969784,0.57818407491841,0.6836544437538845,Dept_13,Dept_90
frozenset({'Dept_5'}),frozenset({'Dept_7'}),0.2466200466200466,0.25003885003885,0.16814296814296814,0.6817895400126024,2.726734425097015,1.0,0.10647837528956411,2.356808603937317,0.8405598588971651,0.5118259224219489,0.5756974077872143,0.677128455525257,Dept_5,Dept_7
frozenset({'Dept_7'}),frozenset({'Dept_5'}),0.25003885003885,0.2466200466200466,0.16814296814296814,0.6724673710379118,2.726734425097015,1.0,0.10647837528956411,2.300167637549042,0.8443916692775499,0.5118259224219489,0.5652490785125747,0.677128455525257,Dept_7,Dept_5
frozenset({'Dept_7'}),frozenset({'Dept_34'}),0.25003885003885,0.20683760683760682,0.14094794094794094,0.5637041640770666,2.7253465783891238,1.0,0.08923050358947796,1.8179462829035484,0.8441426470272426,0.4461387112641417,0.44992874134716365,0.6225733442473989,Dept_7,Dept_34
frozenset({'Dept_34'}),frozenset({'Dept_7'}),0.20683760683760682,0.25003885003885,0.14094794094794094,0.681442524417731,2.7253465783891233,1.0,0.08923050358947796,2.3542412514110627,0.7981646580237997,0.4461387112641417,0.5752346963589099,0.6225733442473989,Dept_34,Dept_7
frozenset({'Dept_79'}),frozenset({'Dept_90'}),0.25003885003885,0.25003885003885,0.17000777000777,0.6799254195152269,2.719279101665933,1.0,0.10748834347901949,2.343082505412603,0.8430509708609142,0.5150659133709982,0.5732117850353263,0.6799254195152269,Dept_79,Dept_90
frozenset({'Dept_90'}),frozenset({'Dept_79'}),0.25003885003885,0.25003885003885,0.17000777000777,0.6799254195152269,2.719279101665933,1.0,0.10748834347901949,2.343082505412603,0.8430509708609142,0.5150659133709982,0.5732117850353263,0.6799254195152269,Dept_90,Dept_79
frozenset({'Dept_82'}),frozenset({'Dept_90'}),0.25003885003885,0.25003885003885,0.17000777000777,0.6799254195152269,2.719279101665933,1.0,0.10748834347901949,2.343082505412603,0.8430509708609142,0.5150659133709982,0.5732117850353263,0.6799254195152269,Dept_82,Dept_90
frozenset({'Dept_90'}),frozenset({'Dept_82'}),0.25003885003885,0.25003885003885,0.17000777000777,0.6799254195152269,2.719279101665933,1.0,0.10748834347901949,2.343082505412603,0.8430509708609142,0.5150659133709982,0.5732117850353263,0.6799254195152269,Dept_90,Dept_82
frozenset({'Dept_95'}),frozenset({'Dept_40'}),0.25003885003885,0.25003885003885,0.16985236985236984,0.6793039154754507,2.716793471774099,1.0,0.10733294332361933,2.3385416478439742,0.8426023419196643,0.5143529411764707,0.5723830700548125,0.6793039154754507,Dept_95,Dept_40
frozenset({'Dept_40'}),frozenset({'Dept_95'}),0.25003885003885,0.25003885003885,0.16985236985236984,0.6793039154754507,2.716793471774099,1.0,0.10733294332361933,2.3385416478439742,0.8426023419196643,0.5143529411764707,0.5723830700548125,0.6793039154754507,Dept_40,Dept_95
frozenset({'Dept_34'}),frozenset({'Dept_74'}),0.20683760683760682,0.24972804972804974,0.14032634032634034,0.6784372652141248,2.7167042947435553,1.0,0.08867318816036765,2.333205527598052,0.7966930156184365,0.4437346437346438,0.5714050956199034,0.6201769400121651,Dept_34,Dept_74
frozenset({'Dept_74'}),frozenset({'Dept_34'}),0.24972804972804974,0.20683760683760682,0.14032634032634034,0.5619166148102054,2.7167042947435553,1.0,0.08867318816036765,1.8105283605283609,0.8422371896678751,0.4437346437346438,0.447675042379246,0.6201769400121651,Dept_74,Dept_34
frozenset({'Dept_34'}),frozenset({'Dept_46'}),0.20683760683760682,0.25003885003885,0.14032634032634034,0.6784372652141248,2.7133274093554345,1.0,0.08860890296787735,2.3322389967249793,0.7961154389582619,0.44329896907216504,0.5712274765132394,0.6198277065660431,Dept_34,Dept_46
frozenset({'Dept_46'}),frozenset({'Dept_34'}),0.25003885003885,0.20683760683760682,0.14032634032634034,0.5612181479179615,2.713327409355434,1.0,0.08860890296787735,1.8076463039635848,0.8419753834320282,0.44329896907216504,0.44679443218105064,0.6198277065660431,Dept_46,Dept_34
frozenset({'Dept_10'}),frozenset({'Dept_87'}),0.25003885003885,0.24832944832944834,0.16845376845376844,0.6737103791174643,2.7129701436926674,1.0,0.10636175876269116,2.3036912716912723,0.8419106683814455,0.5105982100800754,0.5659140561548238,0.6760291570180563,Dept_10,Dept_87
frozenset({'Dept_87'}),frozenset({'Dept_10'}),0.24832944832944834,0.25003885003885,0.16845376845376844,0.6783479349186482,2.7129701436926674,1.0,0.10636175876269116,2.3315912794512013,0.8399960482962284,0.5105982100800754,0.5711083632825323,0.6760291570180563,Dept_87,Dept_10
frozenset({'Dept_13'}),frozenset({'Dept_74'}),0.25003885003885,0.24972804972804974,0.16938616938616938,0.6774394033561218,2.712708500682417,1.0,0.10694445500972308,2.3259876069124625,0.8418632635913269,0.5126999059266228,0.5700750954011276,0.6778609586786832,Dept_13,Dept_74
frozenset({'Dept_74'}),frozenset({'Dept_13'}),0.24972804972804974,0.25003885003885,0.16938616938616938,0.6782825140012445,2.712708500682417,1.0,0.10694445500972308,2.3311171527805956,0.8415145215600132,0.5126999059266228,0.5710211308740175,0.6778609586786832,Dept_74,Dept_13
frozenset({'Dept_82'}),frozenset({'Dept_10'}),0.25003885003885,0.25003885003885,0.16907536907536908,0.6761963952765694,2.7043653223149313,1.0,0.10655594254661856,2.31609882972647,0.8403468269301091,0.5107981220657277,0.5682394951522428,0.6761963952765694,Dept_82,Dept_10
frozenset({'Dept_10'}),frozenset({'Dept_82'}),0.25003885003885,0.25003885003885,0.16907536907536908,0.6761963952765694,2.7043653223149313,1.0,0.10655594254661856,2.31609882972647,0.8403468269301091,0.5107981220657277,0.5682394951522428,0.6761963952765694,Dept_10,Dept_82
frozenset({'Dept_2'}),frozenset({'Dept_94'}),0.25003885003885,0.21787101787101787,0.14716394716394715,0.5885643256681169,2.7014346902099375,1.0,0.09268772839868411,1.9009751242379642,0.8398119391136798,0.4588178294573643,0.4739541894842703,0.6320139745316333,Dept_2,Dept_94
frozenset({'Dept_94'}),frozenset({'Dept_2'}),0.21787101787101787,0.25003885003885,0.14716394716394715,0.6754636233951498,2.701434690209937,1.0,0.09268772839868411,2.3108693016385327,0.8052716904753863,0.4588178294573643,0.567262415364233,0.6320139745316333,Dept_94,Dept_2
frozenset({'Dept_5'}),frozenset({'Dept_82'}),0.2466200466200466,0.25003885003885,0.16612276612276614,0.6735979836168873,2.6939732905995464,1.0,0.1044581732693621,2.2976608976608985,0.8346400355657643,0.5025858015984956,0.5647747667995585,0.6689929010688539,Dept_5,Dept_82
frozenset({'Dept_82'}),frozenset({'Dept_5'}),0.25003885003885,0.2466200466200466,0.16612276612276614,0.6643878185208205,2.6939732905995464,1.0,0.1044581732693621,2.2447932314598993,0.8384448595985963,0.5025858015984956,0.5545246724796782,0.6689929010688539,Dept_82,Dept_5
frozenset({'Dept_13'}),frozenset({'Dept_8'}),0.25003885003885,0.25003885003885,0.16767676767676767,0.6706028589185831,2.681994653288429,1.0,0.10515734114801716,2.2767688495990392,0.8362342224903953,0.5044413277232351,0.5607810603276174,0.6706028589185831,Dept_13,Dept_8
frozenset({'Dept_8'}),frozenset({'Dept_13'}),0.25003885003885,0.25003885003885,0.16767676767676767,0.6706028589185831,2.681994653288429,1.0,0.10515734114801716,2.2767688495990392,0.8362342224903953,0.5044413277232351,0.5607810603276174,0.6706028589185831,Dept_8,Dept_13
frozenset({'Dept_82'}),frozenset({'Dept_94'}),0.25003885003885,0.21787101787101787,0.14607614607614608,0.5842137973896832,2.6814663239676255,1.0,0.09159992731088304,1.8810845026091667,0.8361362654416239,0.45388701110574603,0.46839177154830347,0.6273422767262253,Dept_82,Dept_94
frozenset({'Dept_94'}),frozenset({'Dept_82'}),0.21787101787101787,0.25003885003885,0.14607614607614608,0.6704707560627675,2.6814663239676255,1.0,0.09159992731088304,2.2758561304015856,0.8017471919374681,0.45388701110574603,0.5606049140621444,0.6273422767262253,Dept_94,Dept_82
frozenset({'Dept_72'}),frozenset({'Dept_40'}),0.23356643356643356,0.25003885003885,0.1564879564879565,0.6699933466400533,2.6795569829886534,1.0,0.09808727403133,2.272563726595985,0.8178190621851421,0.4783847980997626,0.5599683351903736,0.6479239573473728,Dept_72,Dept_40
frozenset({'Dept_40'}),frozenset({'Dept_72'}),0.25003885003885,0.23356643356643356,0.1564879564879565,0.6258545680546924,2.6795569829886534,1.0,0.09808727403133,2.0484910438398813,0.8357819342513718,0.4783847980997626,0.5118357959107757,0.6479239573473728,Dept_40,Dept_72
frozenset({'Dept_46'}),frozenset({'Dept_23'}),0.25003885003885,0.22424242424242424,0.15011655011655012,0.6003729024238659,2.67733861891724,1.0,0.09404723222905043,1.9412036382487399,0.8353696205594439,0.4630872483221477,0.4848556945307646,0.6349057859312677,Dept_46,Dept_23
frozenset({'Dept_23'}),frozenset({'Dept_46'}),0.22424242424242424,0.25003885003885,0.15011655011655012,0.6694386694386695,2.6773386189172395,1.0,0.09404723222905043,2.268750397052284,0.8075909032091099,0.4630872483221477,0.5592287272768003,0.6349057859312677,Dept_23,Dept_46
frozenset({'Dept_40'}),frozenset({'Dept_92'}),0.25003885003885,0.25003885003885,0.1668997668997669,0.6674953387197018,2.6695665038292615,1.0,0.10438034037101639,2.255490636051385,0.8339196592634095,0.5009328358208956,0.5566374854250479,0.6674953387197018,Dept_40,Dept_92
frozenset({'Dept_92'}),frozenset({'Dept_40'}),0.25003885003885,0.25003885003885,0.1668997668997669,0.6674953387197018,2.6695665038292615,1.0,0.10438034037101639,2.255490636051385,0.8339196592634095,0.5009328358208956,0.5566374854250479,0.6674953387197018,Dept_92,Dept_40
frozenset({'Dept_79'}),frozenset({'Dept_82'}),0.25003885003885,0.25003885003885,0.1665889665889666,0.6662523306401493,2.6645952440455942,1.0,0.10406954006021608,2.247090298486948,0.8329877884716493,0.4995340167753962,0.5549800554640201,0.6662523306401493,Dept_79,Dept_82
frozenset({'Dept_82'}),frozenset({'Dept_79'}),0.25003885003885,0.25003885003885,0.1665889665889666,0.6662523306401493,2.6645952440455942,1.0,0.10406954006021608,2.247090298486948,0.8329877884716493,0.4995340167753962,0.5549800554640201,0.6662523306401493,Dept_82,Dept_79
frozenset({'Dept_10'}),frozenset({'Dept_11'}),0.25003885003885,0.25003885003885,0.1665889665889666,0.6662523306401493,2.6645952440455942,1.0,0.10406954006021608,2.247090298486948,0.8329877884716493,0.4995340167753962,0.5549800554640201,0.6662523306401493,Dept_10,Dept_11
frozenset({'Dept_11'}),frozenset({'Dept_10'}),0.25003885003885,0.25003885003885,0.1665889665889666,0.6662523306401493,2.6645952440455942,1.0,0.10406954006021608,2.247090298486948,0.8329877884716493,0.4995340167753962,0.5549800554640201,0.6662523306401493,Dept_11,Dept_10
frozenset({'Dept_82'}),frozenset({'Dept_91'}),0.25003885003885,0.25003885003885,0.16643356643356644,0.665630826600373,2.6621096141537604,1.0,0.10391413990481592,2.242913550720243,0.8325205479346042,0.49883558453656274,0.554151340483506,0.665630826600373,Dept_82,Dept_91
frozenset({'Dept_91'}),frozenset({'Dept_82'}),0.25003885003885,0.25003885003885,0.16643356643356644,0.665630826600373,2.6621096141537604,1.0,0.10391413990481592,2.242913550720243,0.8325205479346042,0.49883558453656274,0.554151340483506,0.665630826600373,Dept_91,Dept_82
frozenset({'Dept_79'}),frozenset({'Dept_40'}),0.25003885003885,0.25003885003885,0.16643356643356644,0.665630826600373,2.6621096141537604,1.0,0.10391413990481592,2.242913550720243,0.8325205479346042,0.49883558453656274,0.554151340483506,0.665630826600373,Dept_79,Dept_40
frozenset({'Dept_40'}),frozenset({'Dept_79'}),0.25003885003885,0.25003885003885,0.16643356643356644,0.665630826600373,2.6621096141537604,1.0,0.10391413990481592,2.242913550720243,0.8325205479346042,0.49883558453656274,0.554151340483506,0.665630826600373,Dept_40,Dept_79
frozenset({'Dept_72'}),frozenset({'Dept_82'}),0.23356643356643356,0.25003885003885,0.1554001554001554,0.6653359946773121,2.660930469700748,1.0,0.0969994729435289,2.2409375912358023,0.8144105839416059,0.47348484848484856,0.5537582108886248,0.6434200172267853,Dept_72,Dept_82
frozenset({'Dept_82'}),frozenset({'Dept_72'}),0.25003885003885,0.23356643356643356,0.1554001554001554,0.6215040397762586,2.6609304697007476,1.0,0.0969994729435289,2.024945169772756,0.832298590965603,0.47348484848484856,0.5061594679562498,0.6434200172267853,Dept_82,Dept_72
frozenset({'Dept_13'}),frozenset({'Dept_97'}),0.25003885003885,0.24382284382284383,0.16192696192696193,0.6476072094468615,2.6560563370239345,1.0,0.10096177844429594,2.1458360569471684,0.831379014662262,0.48782771535580527,0.5339811740218976,0.6558622407973631,Dept_13,Dept_97
frozenset({'Dept_97'}),frozenset({'Dept_13'}),0.24382284382284383,0.25003885003885,0.16192696192696193,0.6641172721478649,2.6560563370239345,1.0,0.10096177844429594,2.2328065356528355,0.8245448262967688,0.48782771535580527,0.5521331633384812,0.6558622407973631,Dept_97,Dept_13
frozenset({'Dept_8'}),frozenset({'Dept_4'}),0.25003885003885,0.25003885003885,0.1658119658119658,0.6631448104412679,2.652167094586426,1.0,0.10329253928321529,2.226360683187252,0.8306428277632366,0.49604834960483496,0.5508364805614503,0.6631448104412679,Dept_8,Dept_4
frozenset({'Dept_4'}),frozenset({'Dept_8'}),0.25003885003885,0.25003885003885,0.1658119658119658,0.6631448104412679,2.652167094586426,1.0,0.10329253928321529,2.226360683187252,0.8306428277632366,0.49604834960483496,0.5508364805614503,0.6631448104412679,Dept_4,Dept_8
frozenset({'Dept_93'}),frozenset({'Dept_10'}),0.22968142968142968,0.25003885003885,0.15213675213675212,0.662381596752368,2.6491147141712172,1.0,0.09470747158392845,2.221327814914989,0.8081272178735078,0.46442125237191645,0.5498188095941748,0.6354170258466625,Dept_93,Dept_10
frozenset({'Dept_10'}),frozenset({'Dept_93'}),0.25003885003885,0.22968142968142968,0.15213675213675212,0.6084524549409571,2.6491147141712172,1.0,0.09470747158392845,1.9673691740358408,0.8300635348112263,0.46442125237191645,0.4917069896197416,0.6354170258466625,Dept_10,Dept_93
frozenset({'Dept_8'}),frozenset({'Dept_82'}),0.25003885003885,0.25003885003885,0.16503496503496504,0.6600372902423867,2.639738945127258,1.0,0.10251553850621452,2.2060100370886486,0.8282757864455169,0.492578849721707,0.5466929056588806,0.6600372902423867,Dept_8,Dept_82
frozenset({'Dept_82'}),frozenset({'Dept_8'}),0.25003885003885,0.25003885003885,0.16503496503496504,0.6600372902423867,2.639738945127258,1.0,0.10251553850621452,2.2060100370886486,0.8282757864455169,0.492578849721707,0.5466929056588806,0.6600372902423867,Dept_82,Dept_8
frozenset({'Dept_82'}),frozenset({'Dept_97'}),0.25003885003885,0.24382284382284383,0.16037296037296037,0.6413921690490989,2.630566352983398,1.0,0.09940777689029437,2.1086465238978245,0.8265144469395426,0.48089468779123945,0.5257621471087035,0.6495679774499796,Dept_82,Dept_97
frozenset({'Dept_97'}),frozenset({'Dept_82'}),0.24382284382284383,0.25003885003885,0.16037296037296037,0.6577437858508604,2.6305663529833976,1.0,0.09940777689029437,2.191227270556879,0.8197202468002944,0.48089468779123945,0.5436347413904448,0.6495679774499796,Dept_97,Dept_82
frozenset({'Dept_8'}),frozenset({'Dept_72'}),0.25003885003885,0.23356643356643356,0.1533799533799534,0.6134244872591673,2.626338373594639,1.0,0.09497927092332689,1.9826231646167345,0.8256984394307936,0.4644705882352942,0.4956177160407019,0.6350555570028371,Dept_8,Dept_72
frozenset({'Dept_72'}),frozenset({'Dept_8'}),0.23356643356643356,0.25003885003885,0.1533799533799534,0.656686626746507,2.6263383735946384,1.0,0.09497927092332689,2.1844798612240477,0.8079522848120458,0.4644705882352942,0.5422251228996627,0.6350555570028371,Dept_72,Dept_8
frozenset({'Dept_1'}),frozenset({'Dept_82'}),0.25003885003885,0.25003885003885,0.16394716394716394,0.6556867619639528,2.6223395358844233,1.0,0.10142773741841342,2.178136264056842,0.8249242354309104,0.4877484974572353,0.5408919007952832,0.6556867619639528,Dept_1,Dept_82
frozenset({'Dept_82'}),frozenset({'Dept_1'}),0.25003885003885,0.25003885003885,0.16394716394716394,0.6556867619639528,2.6223395358844233,1.0,0.10142773741841342,2.178136264056842,0.8249242354309104,0.4877484974572353,0.5408919007952832,0.6556867619639528,Dept_82,Dept_1
frozenset({'Dept_1'}),frozenset({'Dept_40'}),0.25003885003885,0.25003885003885,0.16394716394716394,0.6556867619639528,2.6223395358844233,1.0,0.10142773741841342,2.178136264056842,0.8249242354309104,0.4877484974572353,0.5408919007952832,0.6556867619639528,Dept_1,Dept_40
frozenset({'Dept_40'}),frozenset({'Dept_1'}),0.25003885003885,0.25003885003885,0.16394716394716394,0.6556867619639528,2.6223395358844233,1.0,0.10142773741841342,2.178136264056842,0.8249242354309104,0.4877484974572353,0.5408919007952832,0.6556867619639528,Dept_40,Dept_1
frozenset({'Dept_2'}),frozenset({'Dept_93'}),0.25003885003885,0.22968142968142968,0.15027195027195028,0.6009944064636421,2.616643440861662,1.0,0.09284266971912661,1.9305959184463861,0.8238173440914454,0.4561320754716982,0.48202521799345105,0.6276284616891958,Dept_2,Dept_93
frozenset({'Dept_93'}),frozenset({'Dept_2'}),0.22968142968142968,0.25003885003885,0.15027195027195028,0.6542625169147497,2.616643440861662,1.0,0.09284266971912661,2.169163560944383,0.8020460969508404,0.4561320754716982,0.5389928090232934,0.6276284616891958,Dept_93,Dept_2
frozenset({'Dept_40'}),frozenset({'Dept_97'}),0.25003885003885,0.24382284382284383,0.15912975912975913,0.6364201367308888,2.6101743657509684,1.0,0.09816457564709313,2.079810332118025,0.8225543847777662,0.4753946146703807,0.5191869255781483,0.6445325667720728,Dept_40,Dept_97
frozenset({'Dept_97'}),frozenset({'Dept_40'}),0.24382284382284383,0.25003885003885,0.15912975912975913,0.6526449968132568,2.6101743657509684,1.0,0.09816457564709313,2.1590624665854024,0.8157927375539458,0.4753946146703807,0.5368360038320157,0.6445325667720728,Dept_97,Dept_40
frozenset({'Dept_11'}),frozenset({'Dept_7'}),0.25003885003885,0.25003885003885,0.16317016317016317,0.6525792417650715,2.609911386425255,1.0,0.10065073664141265,2.158653828779053,0.8225029108203581,0.48431734317343184,0.5367483258927135,0.6525792417650715,Dept_11,Dept_7
frozenset({'Dept_90'}),frozenset({'Dept_40'}),0.25003885003885,0.25003885003885,0.16317016317016317,0.6525792417650715,2.609911386425255,1.0,0.10065073664141265,2.158653828779053,0.8225029108203581,0.48431734317343184,0.5367483258927135,0.6525792417650715,Dept_90,Dept_40
frozenset({'Dept_7'}),frozenset({'Dept_11'}),0.25003885003885,0.25003885003885,0.16317016317016317,0.6525792417650715,2.609911386425255,1.0,0.10065073664141265,2.158653828779053,0.8225029108203581,0.48431734317343184,0.5367483258927135,0.6525792417650715,Dept_7,Dept_11
frozenset({'Dept_40'}),frozenset({'Dept_90'}),0.25003885003885,0.25003885003885,0.16317016317016317,0.6525792417650715,2.609911386425255,1.0,0.10065073664141265,2.158653828779053,0.8225029108203581,0.48431734317343184,0.5367483258927135,0.6525792417650715,Dept_40,Dept_90
frozenset({'Dept_95'}),frozenset({'Dept_10'}),0.25003885003885,0.25003885003885,0.163014763014763,0.6519577377252952,2.6074257565334213,1.0,0.10049533648601248,2.15479908979909,0.8220158760321534,0.483633010603965,0.5359196109121994,0.6519577377252952,Dept_95,Dept_10
frozenset({'Dept_10'}),frozenset({'Dept_95'}),0.25003885003885,0.25003885003885,0.163014763014763,0.6519577377252952,2.6074257565334213,1.0,0.10049533648601248,2.15479908979909,0.8220158760321534,0.483633010603965,0.5359196109121994,0.6519577377252952,Dept_10,Dept_95
frozenset({'Dept_72'}),frozenset({'Dept_7'}),0.23356643356643356,0.25003885003885,0.151981351981352,0.6506986027944113,2.602389999367332,1.0,0.09358066952472549,2.147031635031636,0.8033805770752169,0.4582942830365512,0.5342406773688431,0.6292647768477961,Dept_72,Dept_7
frozenset({'Dept_7'}),frozenset({'Dept_72'}),0.25003885003885,0.23356643356643356,0.151981351981352,0.6078309509011809,2.6023899993673316,1.0,0.09358066952472549,1.954344862744229,0.8210263170607065,0.4582942830365512,0.4883195800991685,0.6292647768477961,Dept_7,Dept_72
frozenset({'Dept_72'}),frozenset({'Dept_34'}),0.23356643356643356,0.20683760683760682,0.12556332556332556,0.5375914836992681,2.599099322017123,1.0,0.07725300340684957,1.7152850027670172,0.8027458083399582,0.39881539980256664,0.41700650423291347,0.5723269214138715,Dept_72,Dept_34
frozenset({'Dept_34'}),frozenset({'Dept_72'}),0.20683760683760682,0.23356643356643356,0.12556332556332556,0.6070623591284748,2.599099322017123,1.0,0.07725300340684957,1.9505221356081777,0.7756940295322636,0.39881539980256664,0.48731676419134945,0.5723269214138715,Dept_34,Dept_72
frozenset({'Dept_74'}),frozenset({'Dept_23'}),0.24972804972804974,0.22424242424242424,0.14545454545454545,0.5824517734909769,2.5974200709732753,1.0,0.08945492218219489,1.8578873684685902,0.819706227561447,0.4427625354777672,0.46175423926571235,0.6155502110698128,Dept_74,Dept_23
frozenset({'Dept_23'}),frozenset({'Dept_74'}),0.22424242424242424,0.24972804972804974,0.14545454545454545,0.6486486486486486,2.5974200709732753,1.0,0.08945492218219489,2.135389396927858,0.7927767761752136,0.4427625354777672,0.5317013367966142,0.6155502110698128,Dept_23,Dept_74
frozenset({'Dept_91'}),frozenset({'Dept_40'}),0.25003885003885,0.25003885003885,0.16223776223776223,0.6488502175264139,2.5949976070742538,1.0,0.09971833570901172,2.135730071305293,0.8195667068385962,0.48022079116835326,0.5317760360096299,0.6488502175264139,Dept_91,Dept_40
frozenset({'Dept_40'}),frozenset({'Dept_91'}),0.25003885003885,0.25003885003885,0.16223776223776223,0.6488502175264139,2.5949976070742538,1.0,0.09971833570901172,2.135730071305293,0.8195667068385962,0.48022079116835326,0.5317760360096299,0.6488502175264139,Dept_40,Dept_91
frozenset({'Dept_40'}),frozenset({'Dept_7'}),0.25003885003885,0.25003885003885,0.16223776223776223,0.6488502175264139,2.5949976070742538,1.0,0.09971833570901172,2.135730071305293,0.8195667068385962,0.48022079116835326,0.5317760360096299,0.6488502175264139,Dept_40,Dept_7
frozenset({'Dept_7'}),frozenset({'Dept_40'}),0.25003885003885,0.25003885003885,0.16223776223776223,0.6488502175264139,2.5949976070742538,1.0,0.09971833570901172,2.135730071305293,0.8195667068385962,0.48022079116835326,0.5317760360096299,0.6488502175264139,Dept_7,Dept_40
frozenset({'Dept_72'}),frozenset({'Dept_23'}),0.23356643356643356,0.22424242424242424,0.13566433566433567,0.5808383233532934,2.5902249554944166,1.0,0.08328883237974147,1.8507359307359308,0.801025911154589,0.42112879884225757,0.45967440119760483,0.5929139641714491,Dept_72,Dept_23
frozenset({'Dept_23'}),frozenset({'Dept_72'}),0.22424242424242424,0.23356643356643356,0.13566433566433567,0.604989604989605,2.5902249554944166,1.0,0.08328883237974147,1.9402870813397128,0.7913981958762886,0.42112879884225757,0.4846123495758532,0.5929139641714491,Dept_23,Dept_72
frozenset({'Dept_10'}),frozenset({'Dept_81'}),0.25003885003885,0.25003885003885,0.16161616161616163,0.646364201367309,2.5850550875069196,1.0,0.09909673508741111,2.120716151647611,0.8175904156970258,0.47750229568411406,0.5284611760875743,0.646364201367309,Dept_10,Dept_81
frozenset({'Dept_81'}),frozenset({'Dept_82'}),0.25003885003885,0.25003885003885,0.16161616161616163,0.646364201367309,2.5850550875069196,1.0,0.09909673508741111,2.120716151647611,0.8175904156970258,0.47750229568411406,0.5284611760875743,0.646364201367309,Dept_81,Dept_82
frozenset({'Dept_81'}),frozenset({'Dept_10'}),0.25003885003885,0.25003885003885,0.16161616161616163,0.646364201367309,2.5850550875069196,1.0,0.09909673508741111,2.120716151647611,0.8175904156970258,0.47750229568411406,0.5284611760875743,0.646364201367309,Dept_81,Dept_10
frozenset({'Dept_82'}),frozenset({'Dept_81'}),0.25003885003885,0.25003885003885,0.16161616161616163,0.646364201367309,2.5850550875069196,1.0,0.09909673508741111,2.120716151647611,0.8175904156970258,0.47750229568411406,0.5284611760875743,0.646364201367309,Dept_82,Dept_81
frozenset({'Dept_8'}),frozenset({'Dept_46'}),0.25003885003885,0.25003885003885,0.16146076146076146,0.6457426973275328,2.582569457615086,1.0,0.09894133493201095,2.116995596995598,0.8170939652755148,0.476824231298761,0.5276324611070603,0.6457426973275328,Dept_8,Dept_46
frozenset({'Dept_46'}),frozenset({'Dept_8'}),0.25003885003885,0.25003885003885,0.16146076146076146,0.6457426973275328,2.582569457615086,1.0,0.09894133493201095,2.116995596995598,0.8170939652755148,0.476824231298761,0.5276324611070603,0.6457426973275328,Dept_46,Dept_8
frozenset({'Dept_92'}),frozenset({'Dept_13'}),0.25003885003885,0.25003885003885,0.1613053613053613,0.6451211932877564,2.5800838277232523,1.0,0.09878593477661078,2.1132880740586524,0.816596558302132,0.4761467889908258,0.5268037461265462,0.6451211932877564,Dept_92,Dept_13
frozenset({'Dept_13'}),frozenset({'Dept_92'}),0.25003885003885,0.25003885003885,0.1613053613053613,0.6451211932877564,2.5800838277232523,1.0,0.09878593477661078,2.1132880740586524,0.816596558302132,0.4761467889908258,0.5268037461265462,0.6451211932877564,Dept_13,Dept_92
frozenset({'Dept_82'}),frozenset({'Dept_74'}),0.25003885003885,0.24972804972804974,0.16037296037296037,0.6413921690490989,2.568362543765371,1.0,0.09793124599651407,2.092179493912597,0.8142380018440167,0.47252747252747257,0.5220295376617546,0.6417912929875239,Dept_82,Dept_74
frozenset({'Dept_74'}),frozenset({'Dept_82'}),0.24972804972804974,0.25003885003885,0.16037296037296037,0.6421904169259489,2.568362543765371,1.0,0.09793124599651407,2.095978379108814,0.8139007035831038,0.47252747252747257,0.5228958418811607,0.6417912929875239,Dept_74,Dept_82
frozenset({'Dept_13'}),frozenset({'Dept_7'}),0.25003885003885,0.25003885003885,0.16052836052836053,0.6420136730888751,2.5676556782640847,1.0,0.09800893399961001,2.0949435595268935,0.8140950779277623,0.4727688787185355,0.5226601712239767,0.6420136730888751,Dept_13,Dept_7
frozenset({'Dept_7'}),frozenset({'Dept_13'}),0.25003885003885,0.25003885003885,0.16052836052836053,0.6420136730888751,2.5676556782640847,1.0,0.09800893399961001,2.0949435595268935,0.8140950779277623,0.4727688787185355,0.5226601712239767,0.6420136730888751,Dept_7,Dept_13
frozenset({'Dept_14'}),frozenset({'Dept_13'}),0.25003885003885,0.25003885003885,0.16037296037296037,0.6413921690490989,2.565170048372251,1.0,0.09785353384420985,2.0913128081239005,0.8135918731547787,0.47209515096065874,0.5218314562434627,0.6413921690490989,Dept_14,Dept_13
frozenset({'Dept_13'}),frozenset({'Dept_14'}),0.25003885003885,0.25003885003885,0.16037296037296037,0.6413921690490989,2.565170048372251,1.0,0.09785353384420985,2.0913128081239005,0.8135918731547787,0.47209515096065874,0.5218314562434627,0.6413921690490989,Dept_13,Dept_14
frozenset({'Dept_2'}),frozenset({'Dept_95'}),0.25003885003885,0.25003885003885,0.16006216006216006,0.6401491609695463,2.5601987885885835,1.0,0.09754273353340955,2.084088929684785,0.8125825323188716,0.47074954296160887,0.5201740262824348,0.6401491609695463,Dept_2,Dept_95
frozenset({'Dept_95'}),frozenset({'Dept_2'}),0.25003885003885,0.25003885003885,0.16006216006216006,0.6401491609695463,2.5601987885885835,1.0,0.09754273353340955,2.084088929684785,0.8125825323188716,0.47074954296160887,0.5201740262824348,0.6401491609695463,Dept_95,Dept_2
frozenset({'Dept_40'}),frozenset({'Dept_9'}),0.25003885003885,0.24677544677544677,0.15773115773115773,0.6308266003729025,2.5562778170022846,1.0,0.09602770880160158,2.040300178684017,0.8117836676948956,0.4651695692025665,0.5098760415513983,0.6349976830579878,Dept_40,Dept_9
frozenset({'Dept_9'}),frozenset({'Dept_40'}),0.24677544677544677,0.25003885003885,0.15773115773115773,0.639168765743073,2.556277817002284,1.0,0.09602770880160158,2.0784263632431172,0.8082665525676845,0.4651695692025665,0.5188667649309313,0.6349976830579878,Dept_9,Dept_40
frozenset({'Dept_46'}),frozenset({'Dept_94'}),0.25003885003885,0.21787101787101787,0.13923853923853924,0.5568676196395277,2.555950879015949,1.0,0.0847623204732762,1.7650007464874224,0.811716946154757,0.42364066193853434,0.4334280016650826,0.5979773190922317,Dept_46,Dept_94
frozenset({'Dept_94'}),frozenset({'Dept_46'}),0.21787101787101787,0.25003885003885,0.13923853923853924,0.6390870185449358,2.555950879015949,1.0,0.0847623204732762,2.0779555973231862,0.7783322038829442,0.42364066193853434,0.5187577630204437,0.5979773190922317,Dept_94,Dept_46
frozenset({'Dept_92'}),frozenset({'Dept_79'}),0.25003885003885,0.25003885003885,0.15975135975135976,0.6389061528899939,2.5552275288049167,1.0,0.09723193322260924,2.076914785348521,0.8115692640867159,0.4694063926940641,0.518516596321407,0.6389061528899939,Dept_92,Dept_79
frozenset({'Dept_79'}),frozenset({'Dept_92'}),0.25003885003885,0.25003885003885,0.15975135975135976,0.6389061528899939,2.5552275288049167,1.0,0.09723193322260924,2.076914785348521,0.8115692640867159,0.4694063926940641,0.518516596321407,0.6389061528899939,Dept_79,Dept_92
frozenset({'Dept_2'}),frozenset({'Dept_91'}),0.25003885003885,0.25003885003885,0.1592851592851593,0.6370416407706652,2.5477706391294164,1.0,0.09676573275640878,2.0662457025470733,0.810041947580686,0.4673962608299135,0.5160304513798654,0.6370416407706652,Dept_2,Dept_91
frozenset({'Dept_91'}),frozenset({'Dept_2'}),0.25003885003885,0.25003885003885,0.1592851592851593,0.6370416407706652,2.5477706391294164,1.0,0.09676573275640878,2.0662457025470733,0.810041947580686,0.4673962608299135,0.5160304513798654,0.6370416407706652,Dept_91,Dept_2
frozenset({'Dept_90'}),frozenset({'Dept_2'}),0.25003885003885,0.25003885003885,0.15912975912975913,0.6364201367308888,2.5452850092375825,1.0,0.09661033260100861,2.062713658611095,0.8095308533853088,0.46672743846855064,0.5152017363993513,0.6364201367308888,Dept_90,Dept_2
frozenset({'Dept_2'}),frozenset({'Dept_90'}),0.25003885003885,0.25003885003885,0.15912975912975913,0.6364201367308888,2.5452850092375825,1.0,0.09661033260100861,2.062713658611095,0.8095308533853088,0.46672743846855064,0.5152017363993513,0.6364201367308888,Dept_2,Dept_90
frozenset({'Dept_2'}),frozenset({'Dept_72'}),0.25003885003885,0.23356643356643356,0.14856254856254855,0.5941578620261032,2.543849529033915,1.0,0.09016186610592206,1.8885016973837803,0.8092352355702289,0.4434137291280149,0.4704796922420872,0.6151095364688067,Dept_2,Dept_72
frozenset({'Dept_72'}),frozenset({'Dept_2'}),0.23356643356643356,0.25003885003885,0.14856254856254855,0.6360612109115102,2.5438495290339147,1.0,0.09016186610592206,2.0606793572058653,0.791842912989036,0.4434137291280149,0.514723143849061,0.6151095364688067,Dept_72,Dept_2
frozenset({'Dept_7'}),frozenset({'Dept_4'}),0.25003885003885,0.25003885003885,0.15897435897435896,0.6357986326911125,2.5427993793457486,1.0,0.09645493244560845,2.0591936694325774,0.8090187599832935,0.4660592255125285,0.5143730214188372,0.6357986326911125,Dept_7,Dept_4
frozenset({'Dept_4'}),frozenset({'Dept_7'}),0.25003885003885,0.25003885003885,0.15897435897435896,0.6357986326911125,2.5427993793457486,1.0,0.09645493244560845,2.0591936694325774,0.8090187599832935,0.4660592255125285,0.5143730214188372,0.6357986326911125,Dept_4,Dept_7
frozenset({'Dept_34'}),frozenset({'Dept_11'}),0.20683760683760682,0.25003885003885,0.13146853146853146,0.6356123215627348,2.5420542506253567,1.0,0.07975109411006848,2.0581408053573007,0.7648085310181789,0.40401146131805155,0.5141245937124324,0.5807023696067248,Dept_34,Dept_11
frozenset({'Dept_34'}),frozenset({'Dept_13'}),0.20683760683760682,0.25003885003885,0.13146853146853146,0.6356123215627348,2.5420542506253567,1.0,0.07975109411006848,2.0581408053573007,0.7648085310181789,0.40401146131805155,0.5141245937124324,0.5807023696067248,Dept_34,Dept_13
frozenset({'Dept_13'}),frozenset({'Dept_34'}),0.25003885003885,0.20683760683760682,0.13146853146853146,0.5257924176507147,2.5420542506253563,1.0,0.07975109411006848,1.6726058854499222,0.8088650522827984,0.40401146131805155,0.4021305265639399,0.5807023696067248,Dept_13,Dept_34
frozenset({'Dept_11'}),frozenset({'Dept_34'}),0.25003885003885,0.20683760683760682,0.13146853146853146,0.5257924176507147,2.5420542506253563,1.0,0.07975109411006848,1.6726058854499222,0.8088650522827984,0.40401146131805155,0.4021305265639399,0.5807023696067248,Dept_11,Dept_34
frozenset({'Dept_92'}),frozenset({'Dept_10'}),0.25003885003885,0.25003885003885,0.15881895881895883,0.6351771286513364,2.540313749453915,1.0,0.09629953229020831,2.0556856734028806,0.8085056644415484,0.46539162112932614,0.5135443064383235,0.6351771286513364,Dept_92,Dept_10
frozenset({'Dept_10'}),frozenset({'Dept_92'}),0.25003885003885,0.25003885003885,0.15881895881895883,0.6351771286513364,2.540313749453915,1.0,0.09629953229020831,2.0556856734028806,0.8085056644415484,0.46539162112932614,0.5135443064383235,0.6351771286513364,Dept_10,Dept_92
frozenset({'Dept_46'}),frozenset({'Dept_11'}),0.25003885003885,0.25003885003885,0.15866355866355866,0.63455562461156,2.5378281195620813,1.0,0.09614413213480814,2.052189609332467,0.8079915638154902,0.4647246244879381,0.5127155914578094,0.63455562461156,Dept_46,Dept_11
frozenset({'Dept_2'}),frozenset({'Dept_1'}),0.25003885003885,0.25003885003885,0.15866355866355866,0.63455562461156,2.5378281195620813,1.0,0.09614413213480814,2.052189609332467,0.8079915638154902,0.4647246244879381,0.5127155914578094,0.63455562461156,Dept_2,Dept_1
frozenset({'Dept_11'}),frozenset({'Dept_46'}),0.25003885003885,0.25003885003885,0.15866355866355866,0.63455562461156,2.5378281195620813,1.0,0.09614413213480814,2.052189609332467,0.8079915638154902,0.4647246244879381,0.5127155914578094,0.63455562461156,Dept_11,Dept_46
frozenset({'Dept_1'}),frozenset({'Dept_2'}),0.25003885003885,0.25003885003885,0.15866355866355866,0.63455562461156,2.5378281195620813,1.0,0.09614413213480814,2.052189609332467,0.8079915638154902,0.4647246244879381,0.5127155914578094,0.63455562461156,Dept_1,Dept_2
frozenset({'Dept_11'}),frozenset({'Dept_40'}),0.25003885003885,0.25003885003885,0.15835275835275836,0.6333126165320075,2.5328568597784145,1.0,0.09583333182400784,2.0452330343855776,0.8069603354743098,0.4633924511141429,0.5110581614967817,0.6333126165320075,Dept_11,Dept_40
frozenset({'Dept_40'}),frozenset({'Dept_11'}),0.25003885003885,0.25003885003885,0.15835275835275836,0.6333126165320075,2.5328568597784145,1.0,0.09583333182400784,2.0452330343855776,0.8069603354743098,0.4633924511141429,0.5110581614967817,0.6333126165320075,Dept_40,Dept_11
frozenset({'Dept_92'}),frozenset({'Dept_8'}),0.25003885003885,0.25003885003885,0.1581973581973582,0.6326911124922313,2.530371229886581,1.0,0.09567793166860768,2.0417724031937237,0.8064432018120576,0.46272727272727276,0.5102294465162678,0.6326911124922313,Dept_92,Dept_8
frozenset({'Dept_8'}),frozenset({'Dept_92'}),0.25003885003885,0.25003885003885,0.1581973581973582,0.6326911124922313,2.530371229886581,1.0,0.09567793166860768,2.0417724031937237,0.8064432018120576,0.46272727272727276,0.5102294465162678,0.6326911124922313,Dept_8,Dept_92
frozenset({'Dept_4'}),frozenset({'Dept_74'}),0.25003885003885,0.24972804972804974,0.1571095571095571,0.6283405842137973,2.5160993524678195,1.0,0.0946678427331108,2.018708307671518,0.8034541715395056,0.4585034013605442,0.5046337322733608,0.628731586444173,Dept_4,Dept_74
frozenset({'Dept_74'}),frozenset({'Dept_4'}),0.24972804972804974,0.25003885003885,0.1571095571095571,0.6291225886745487,2.5160993524678195,1.0,0.0946678427331108,2.0221267919254493,0.8031213404825298,0.4585034013605442,0.5054711682802986,0.628731586444173,Dept_74,Dept_4
frozenset({'Dept_82'}),frozenset({'Dept_11'}),0.25003885003885,0.25003885003885,0.15726495726495726,0.6289620882535737,2.515457450535579,1.0,0.09474553073620674,2.021252077533485,0.8033189377695586,0.45874886672710796,0.5052571566331842,0.6289620882535737,Dept_82,Dept_11
frozenset({'Dept_11'}),frozenset({'Dept_82'}),0.25003885003885,0.25003885003885,0.15726495726495726,0.6289620882535737,2.515457450535579,1.0,0.09474553073620674,2.021252077533485,0.8033189377695586,0.45874886672710796,0.5052571566331842,0.6289620882535737,Dept_11,Dept_82
frozenset({'Dept_8'}),frozenset({'Dept_81'}),0.25003885003885,0.25003885003885,0.15695415695415696,0.6277190801740212,2.5104861907519123,1.0,0.09443473042540644,2.0145033226836238,0.8022692675400985,0.4574275362318841,0.5035997266721564,0.6277190801740212,Dept_8,Dept_81
frozenset({'Dept_81'}),frozenset({'Dept_8'}),0.25003885003885,0.25003885003885,0.15695415695415696,0.6277190801740212,2.5104861907519123,1.0,0.09443473042540644,2.0145033226836238,0.8022692675400985,0.4574275362318841,0.5035997266721564,0.6277190801740212,Dept_81,Dept_8
frozenset({'Dept_4'}),frozenset({'Dept_11'}),0.25003885003885,0.25003885003885,0.15695415695415696,0.6277190801740212,2.5104861907519123,1.0,0.09443473042540644,2.0145033226836238,0.8022692675400985,0.4574275362318841,0.5035997266721564,0.6277190801740212,Dept_4,Dept_11
frozenset({'Dept_11'}),frozenset({'Dept_4'}),0.25003885003885,0.25003885003885,0.15695415695415696,0.6277190801740212,2.5104861907519123,1.0,0.09443473042540644,2.0145033226836238,0.8022692675400985,0.4574275362318841,0.5035997266721564,0.6277190801740212,Dept_11,Dept_4
frozenset({'Dept_74'}),frozenset({'Dept_7'}),0.24972804972804974,0.25003885003885,0.1564879564879565,0.626633478531425,2.5061444588873343,1.0,0.09404624211151019,2.008645946645947,0.8010171549772965,0.45586238116794936,0.5021521828325155,0.6262440232930587,Dept_74,Dept_7
frozenset({'Dept_7'}),frozenset({'Dept_74'}),0.25003885003885,0.24972804972804974,0.1564879564879565,0.6258545680546924,2.506144458887334,1.0,0.09404624211151019,2.0052949634344985,0.8013491140137562,0.45586238116794936,0.5013202455327145,0.6262440232930587,Dept_7,Dept_74
frozenset({'Dept_23'}),frozenset({'Dept_11'}),0.22424242424242424,0.25003885003885,0.14048174048174047,0.6264726264726265,2.505501150622344,1.0,0.08441242259424078,2.0077809636251196,0.7745696211283186,0.42085661080074493,0.501937702310682,0.5941561392151822,Dept_23,Dept_11
frozenset({'Dept_11'}),frozenset({'Dept_23'}),0.25003885003885,0.22424242424242424,0.14048174048174047,0.5618396519577378,2.505501150622344,1.0,0.08441242259424078,1.770487857296368,0.8012125049052148,0.42085661080074493,0.43518392635177133,0.5941561392151822,Dept_11,Dept_23
frozenset({'Dept_7'}),frozenset({'Dept_1'}),0.25003885003885,0.25003885003885,0.15633255633255633,0.6252330640149162,2.500543671184578,1.0,0.09381312980380581,2.0011401165630027,0.8001574061639283,0.45479204339963836,0.5002848667501006,0.6252330640149162,Dept_7,Dept_1
frozenset({'Dept_1'}),frozenset({'Dept_7'}),0.25003885003885,0.25003885003885,0.15633255633255633,0.6252330640149162,2.500543671184578,1.0,0.09381312980380581,2.0011401165630027,0.8001574061639283,0.45479204339963836,0.5002848667501006,0.6252330640149162,Dept_1,Dept_7
frozenset({'Dept_95'}),frozenset({'Dept_8'}),0.25003885003885,0.25003885003885,0.15633255633255633,0.6252330640149162,2.500543671184578,1.0,0.09381312980380581,2.0011401165630027,0.8001574061639283,0.45479204339963836,0.5002848667501006,0.6252330640149162,Dept_95,Dept_8
frozenset({'Dept_8'}),frozenset({'Dept_95'}),0.25003885003885,0.25003885003885,0.15633255633255633,0.6252330640149162,2.500543671184578,1.0,0.09381312980380581,2.0011401165630027,0.8001574061639283,0.45479204339963836,0.5002848667501006,0.6252330640149162,Dept_8,Dept_95
frozenset({'Dept_72'}),frozenset({'Dept_1'}),0.23356643356643356,0.25003885003885,0.14592074592074591,0.624750499001996,2.498613711049002,1.0,0.08752006346411942,1.998566681545405,0.7825571542952202,0.43212149102623104,0.4996414134019569,0.6041713961759514,Dept_72,Dept_1
frozenset({'Dept_1'}),frozenset({'Dept_72'}),0.25003885003885,0.23356643356643356,0.14592074592074591,0.5835922933499068,2.498613711049002,1.0,0.08752006346411942,1.840584490136729,0.799745521132206,0.43212149102623104,0.4566943243525244,0.6041713961759514,Dept_1,Dept_72
frozenset({'Dept_46'}),frozenset({'Dept_1'}),0.25003885003885,0.25003885003885,0.1561771561771562,0.62461155997514,2.4980580412927447,1.0,0.09365772964840567,1.9978269706746536,0.7996268141266317,0.45413465883416193,0.49945615176958674,0.62461155997514,Dept_46,Dept_1
frozenset({'Dept_1'}),frozenset({'Dept_46'}),0.25003885003885,0.25003885003885,0.1561771561771562,0.62461155997514,2.4980580412927447,1.0,0.09365772964840567,1.9978269706746536,0.7996268141266317,0.45413465883416193,0.49945615176958674,0.62461155997514,Dept_1,Dept_46
frozenset({'Dept_11'}),frozenset({'Dept_2'}),0.25003885003885,0.25003885003885,0.1561771561771562,0.62461155997514,2.4980580412927447,1.0,0.09365772964840567,1.9978269706746536,0.7996268141266317,0.45413465883416193,0.49945615176958674,0.62461155997514,Dept_11,Dept_2
frozenset({'Dept_2'}),frozenset({'Dept_11'}),0.25003885003885,0.25003885003885,0.1561771561771562,0.62461155997514,2.4980580412927447,1.0,0.09365772964840567,1.9978269706746536,0.7996268141266317,0.45413465883416193,0.49945615176958674,0.62461155997514,Dept_2,Dept_11
frozenset({'Dept_81'}),frozenset({'Dept_79'}),0.25003885003885,0.25003885003885,0.15602175602175603,0.6239900559353636,2.495572411400911,1.0,0.0935023294930055,1.994524777334695,0.7990951651330856,0.45347786811201457,0.4986274367890727,0.6239900559353636,Dept_81,Dept_79
frozenset({'Dept_79'}),frozenset({'Dept_81'}),0.25003885003885,0.25003885003885,0.15602175602175603,0.6239900559353636,2.495572411400911,1.0,0.0935023294930055,1.994524777334695,0.7990951651330856,0.45347786811201457,0.4986274367890727,0.6239900559353636,Dept_79,Dept_81
frozenset({'Dept_8'}),frozenset({'Dept_93'}),0.25003885003885,0.22968142968142968,0.1425019425019425,0.5699192044748291,2.4813464687385154,1.0,0.08507266194911883,1.79110199370315,0.796031899186567,0.4225806451612904,0.4416845028839067,0.5951761110330844,Dept_8,Dept_93
frozenset({'Dept_93'}),frozenset({'Dept_8'}),0.22968142968142968,0.25003885003885,0.1425019425019425,0.6204330175913396,2.481346468738515,1.0,0.08507266194911883,1.9758334752987161,0.7749949456272691,0.4225806451612904,0.4938844733112869,0.5951761110330844,Dept_93,Dept_8
frozenset({'Dept_13'}),frozenset({'Dept_23'}),0.25003885003885,0.22424242424242424,0.13908313908313907,0.5562461155997515,2.480557001998892,1.0,0.08301382119563938,1.7481707834649014,0.7958608746385384,0.41492814093648583,0.4279735083903046,0.5882408679176858,Dept_13,Dept_23
frozenset({'Dept_23'}),frozenset({'Dept_13'}),0.22424242424242424,0.25003885003885,0.13908313908313907,0.6202356202356202,2.4805570019988914,1.0,0.08301382119563938,1.9748064587480645,0.7693959497206705,0.41492814093648583,0.493621263202697,0.5882408679176858,Dept_23,Dept_13
frozenset({'Dept_72'}),frozenset({'Dept_46'}),0.23356643356643356,0.25003885003885,0.14467754467754468,0.6194278110445776,2.4773262672913967,1.0,0.08627686222091818,1.9706146999853298,0.7780700447678113,0.4268684089867034,0.4925441284856727,0.5990240360381371,Dept_72,Dept_46
frozenset({'Dept_46'}),frozenset({'Dept_72'}),0.25003885003885,0.23356643356643356,0.14467754467754468,0.5786202610316967,2.4773262672913963,1.0,0.08627686222091818,1.8188666790436703,0.795159855117042,0.4268684089867034,0.4502070924044948,0.5990240360381371,Dept_46,Dept_72
frozenset({'Dept_10'}),frozenset({'Dept_1'}),0.25003885003885,0.25003885003885,0.15462315462315462,0.6183965195773773,2.4732017423744086,1.0,0.0921037280944041,1.9652890721294634,0.7942622353374832,0.4475933423301845,0.4911690019644473,0.6183965195773773,Dept_10,Dept_1
frozenset({'Dept_1'}),frozenset({'Dept_10'}),0.25003885003885,0.25003885003885,0.15462315462315462,0.6183965195773773,2.4732017423744086,1.0,0.0921037280944041,1.9652890721294634,0.7942622353374832,0.4475933423301845,0.4911690019644473,0.6183965195773773,Dept_1,Dept_10
frozenset({'Dept_1'}),frozenset({'Dept_14'}),0.25003885003885,0.25003885003885,0.15462315462315462,0.6183965195773773,2.4732017423744086,1.0,0.0921037280944041,1.9652890721294634,0.7942622353374832,0.4475933423301845,0.4911690019644473,0.6183965195773773,Dept_1,Dept_14
frozenset({'Dept_14'}),frozenset({'Dept_1'}),0.25003885003885,0.25003885003885,0.15462315462315462,0.6183965195773773,2.4732017423744086,1.0,0.0921037280944041,1.9652890721294634,0.7942622353374832,0.4475933423301845,0.4911690019644473,0.6183965195773773,Dept_14,Dept_1
frozenset({'Dept_10'}),frozenset({'Dept_94'}),0.25003885003885,0.21787101787101787,0.13426573426573427,0.5369794903666875,2.464666919051094,1.0,0.07978951550047123,1.6891886338866207,0.7923952625439364,0.40242198416394975,0.4079998053863767,0.5766209862675092,Dept_10,Dept_94
frozenset({'Dept_94'}),frozenset({'Dept_10'}),0.21787101787101787,0.25003885003885,0.13426573426573427,0.616262482168331,2.464666919051094,1.0,0.07978951550047123,1.9543597253634433,0.7598051931327315,0.40242198416394975,0.4883234713537526,0.5766209862675092,Dept_94,Dept_10
frozenset({'Dept_7'}),frozenset({'Dept_79'}),0.25003885003885,0.25003885003885,0.15384615384615385,0.615288999378496,2.4607735929152406,1.0,0.09132672731740334,1.949414362338434,0.7915393051945063,0.4443447037701976,0.4870254270618777,0.615288999378496,Dept_7,Dept_79
frozenset({'Dept_79'}),frozenset({'Dept_7'}),0.25003885003885,0.25003885003885,0.15384615384615385,0.615288999378496,2.4607735929152406,1.0,0.09132672731740334,1.949414362338434,0.7915393051945063,0.4443447037701976,0.4870254270618777,0.615288999378496,Dept_79,Dept_7
frozenset({'Dept_5'}),frozenset({'Dept_46'}),0.2466200466200466,0.25003885003885,0.15167055167055168,0.6149968494013863,2.4596051745791927,1.0,0.09000595881714765,1.9479350981805978,0.7876910962100309,0.4396396396396397,0.48663587358017424,0.6107923961115074,Dept_5,Dept_46
frozenset({'Dept_46'}),frozenset({'Dept_5'}),0.25003885003885,0.2466200466200466,0.15167055167055168,0.6065879428216284,2.4596051745791927,1.0,0.09000595881714765,1.9149894865534682,0.791281896897271,0.4396396396396397,0.477803921628956,0.6107923961115074,Dept_46,Dept_5
frozenset({'Dept_2'}),frozenset({'Dept_10'}),0.25003885003885,0.25003885003885,0.1536907536907537,0.6146674953387198,2.458287963023407,1.0,0.09117132716200317,1.946270145624985,0.7909914153072946,0.44369672498878426,0.4861967120813638,0.6146674953387198,Dept_2,Dept_10
frozenset({'Dept_10'}),frozenset({'Dept_2'}),0.25003885003885,0.25003885003885,0.1536907536907537,0.6146674953387198,2.458287963023407,1.0,0.09117132716200317,1.946270145624985,0.7909914153072946,0.44369672498878426,0.4861967120813638,0.6146674953387198,Dept_10,Dept_2
frozenset({'Dept_10'}),frozenset({'Dept_46'}),0.25003885003885,0.25003885003885,0.15353535353535352,0.6140459912989434,2.4558023331315733,1.0,0.091015927006603,1.94313605521335,0.7904424163312422,0.4430493273542601,0.48536799710084977,0.6140459912989434,Dept_10,Dept_46
frozenset({'Dept_46'}),frozenset({'Dept_10'}),0.25003885003885,0.25003885003885,0.15353535353535352,0.6140459912989434,2.4558023331315733,1.0,0.091015927006603,1.94313605521335,0.7904424163312422,0.4430493273542601,0.48536799710084977,0.6140459912989434,Dept_46,Dept_10
frozenset({'Dept_13'}),frozenset({'Dept_72'}),0.25003885003885,0.23356643356643356,0.14327894327894328,0.5730267246737104,2.4533778930640895,1.0,0.08487826082231678,1.7950387312832727,0.7899058606086159,0.4210045662100458,0.4429089564629616,0.5932332558830961,Dept_13,Dept_72
frozenset({'Dept_72'}),frozenset({'Dept_13'}),0.23356643356643356,0.25003885003885,0.14327894327894328,0.6134397870924817,2.4533778930640895,1.0,0.08487826082231678,1.940088826835815,0.7729289706604179,0.4210045662100458,0.4845596829548528,0.5932332558830961,Dept_72,Dept_13
frozenset({'Dept_40'}),frozenset({'Dept_5'}),0.25003885003885,0.2466200466200466,0.15120435120435122,0.6047234307022997,2.452044912772085,1.0,0.08953975835094719,1.905956517277273,0.789610405098454,0.4376968061178588,0.4753290586982877,0.608914960467722,Dept_40,Dept_5
frozenset({'Dept_5'}),frozenset({'Dept_40'}),0.2466200466200466,0.25003885003885,0.15120435120435122,0.6131064902331443,2.4520449127720845,1.0,0.08953975835094719,1.9384174999810184,0.7860271895637664,0.4376968061178588,0.4841152641214844,0.608914960467722,Dept_5,Dept_40
frozenset({'Dept_2'}),frozenset({'Dept_97'}),0.25003885003885,0.24382284382284383,0.14933954933954935,0.5972653822249846,2.4495874662955868,1.0,0.08837436585688335,1.8776065498287726,0.7890648684523176,0.433468651330627,0.46740705602502586,0.6048787076835567,Dept_2,Dept_97
frozenset({'Dept_97'}),frozenset({'Dept_2'}),0.24382284382284383,0.25003885003885,0.14933954933954935,0.6124920331421287,2.4495874662955868,1.0,0.08837436585688335,1.9353438228438231,0.7825785152385706,0.433468651330627,0.4832959455593863,0.6048787076835567,Dept_97,Dept_2
frozenset({'Dept_14'}),frozenset({'Dept_10'}),0.25003885003885,0.25003885003885,0.15306915306915306,0.6121814791796146,2.4483454434560725,1.0,0.09054972654040254,1.9337940549479011,0.7887887310906869,0.4411106135244066,0.4828818521593079,0.6121814791796146,Dept_14,Dept_10
frozenset({'Dept_10'}),frozenset({'Dept_14'}),0.25003885003885,0.25003885003885,0.15306915306915306,0.6121814791796146,2.4483454434560725,1.0,0.09054972654040254,1.9337940549479011,0.7887887310906869,0.4411106135244066,0.4828818521593079,0.6121814791796146,Dept_10,Dept_14
frozenset({'Dept_74'}),frozenset({'Dept_5'}),0.24972804972804974,0.2466200466200466,0.15073815073815075,0.6036092097075296,2.44752694673469,1.0,0.0891502074718858,1.9005990346649693,0.7882799221038785,0.43615107913669066,0.47385009580609594,0.607412670386216,Dept_74,Dept_5
frozenset({'Dept_5'}),frozenset({'Dept_74'}),0.2466200466200466,0.24972804972804974,0.15073815073815075,0.6112161310649025,2.44752694673469,1.0,0.0891502074718858,1.9297918720933314,0.7850279422272124,0.43615107913669066,0.48180940418447543,0.607412670386216,Dept_5,Dept_74
frozenset({'Dept_81'}),frozenset({'Dept_13'}),0.25003885003885,0.25003885003885,0.15291375291375292,0.6115599751398385,2.4458598135642395,1.0,0.0903943263850024,1.9306999844599853,0.7882352619112599,0.440465532676813,0.48205313717879417,0.6115599751398385,Dept_81,Dept_13
frozenset({'Dept_13'}),frozenset({'Dept_81'}),0.25003885003885,0.25003885003885,0.15291375291375292,0.6115599751398385,2.4458598135642395,1.0,0.0903943263850024,1.9306999844599853,0.7882352619112599,0.440465532676813,0.48205313717879417,0.6115599751398385,Dept_13,Dept_81
frozenset({'Dept_8'}),frozenset({'Dept_79'}),0.25003885003885,0.25003885003885,0.15291375291375292,0.6115599751398385,2.4458598135642395,1.0,0.0903943263850024,1.9306999844599853,0.7882352619112599,0.440465532676813,0.48205313717879417,0.6115599751398385,Dept_8,Dept_79
frozenset({'Dept_79'}),frozenset({'Dept_8'}),0.25003885003885,0.25003885003885,0.15291375291375292,0.6115599751398385,2.4458598135642395,1.0,0.0903943263850024,1.9306999844599853,0.7882352619112599,0.440465532676813,0.48205313717879417,0.6115599751398385,Dept_79,Dept_8
frozenset({'Dept_46'}),frozenset({'Dept_9'}),0.25003885003885,0.24677544677544677,0.15073815073815075,0.6028589185829709,2.442945302947996,1.0,0.0890347018085946,1.8966170675090868,0.7875848603569156,0.4355635383924563,0.47274543863862556,0.6068450764199489,Dept_46,Dept_9
frozenset({'Dept_9'}),frozenset({'Dept_46'}),0.24677544677544677,0.25003885003885,0.15073815073815075,0.610831234256927,2.442945302947996,1.0,0.0890347018085946,1.9270846377642497,0.7841725884222148,0.4355635383924563,0.4810814323338842,0.6068450764199489,Dept_9,Dept_46
frozenset({'Dept_46'}),frozenset({'Dept_95'}),0.25003885003885,0.25003885003885,0.1526029526029526,0.6103169670602859,2.440888553780572,1.0,0.09008352607420207,1.9245414518141795,0.7871249418669917,0.43917710196779963,0.48039570721776625,0.6103169670602859,Dept_46,Dept_95
frozenset({'Dept_95'}),frozenset({'Dept_46'}),0.25003885003885,0.25003885003885,0.1526029526029526,0.6103169670602859,2.440888553780572,1.0,0.09008352607420207,1.9245414518141795,0.7871249418669917,0.43917710196779963,0.48039570721776625,0.6103169670602859,Dept_95,Dept_46
frozenset({'Dept_81'}),frozenset({'Dept_40'}),0.25003885003885,0.25003885003885,0.15244755244755245,0.6096954630205097,2.4384029238887384,1.0,0.08992812591880193,1.9214768953622463,0.786568084107787,0.4385337505587842,0.47956699223725235,0.6096954630205097,Dept_81,Dept_40
frozenset({'Dept_40'}),frozenset({'Dept_81'}),0.25003885003885,0.25003885003885,0.15244755244755245,0.6096954630205097,2.4384029238887384,1.0,0.08992812591880193,1.9214768953622463,0.786568084107787,0.4385337505587842,0.47956699223725235,0.6096954630205097,Dept_40,Dept_81
frozenset({'Dept_8'}),frozenset({'Dept_7'}),0.25003885003885,0.25003885003885,0.1522921522921523,0.6090739589807335,2.435917293996905,1.0,0.08977272576340177,1.9184220831279661,0.7860100899041756,0.4378909740840037,0.47873827725673845,0.6090739589807335,Dept_8,Dept_7
frozenset({'Dept_7'}),frozenset({'Dept_8'}),0.25003885003885,0.25003885003885,0.1522921522921523,0.6090739589807335,2.435917293996905,1.0,0.08977272576340177,1.9184220831279661,0.7860100899041756,0.4378909740840037,0.47873827725673845,0.6090739589807335,Dept_7,Dept_8
frozenset({'Dept_74'}),frozenset({'Dept_79'}),0.24972804972804974,0.25003885003885,0.151981351981352,0.6085874299937772,2.433971480428811,1.0,0.08953963760490569,1.9160374689786457,0.7852470591623845,0.43699731903485256,0.47808953833608714,0.6082091904474791,Dept_74,Dept_79
frozenset({'Dept_79'}),frozenset({'Dept_74'}),0.25003885003885,0.24972804972804974,0.151981351981352,0.6078309509011809,2.4339714804288106,1.0,0.08953963760490569,1.9131340221673028,0.7855724827260654,0.43699731903485256,0.47729746666302797,0.6082091904474791,Dept_79,Dept_74
frozenset({'Dept_2'}),frozenset({'Dept_92'}),0.25003885003885,0.25003885003885,0.15213675213675212,0.6084524549409571,2.433431664105071,1.0,0.0896173256080016,1.9153769687103024,0.7854509557736927,0.43724877177311305,0.4779095622762244,0.6084524549409571,Dept_2,Dept_92
frozenset({'Dept_92'}),frozenset({'Dept_2'}),0.25003885003885,0.25003885003885,0.15213675213675212,0.6084524549409571,2.433431664105071,1.0,0.0896173256080016,1.9153769687103024,0.7854509557736927,0.43724877177311305,0.4779095622762244,0.6084524549409571,Dept_92,Dept_2
frozenset({'Dept_34'}),frozenset({'Dept_8'}),0.20683760683760682,0.25003885003885,0.12556332556332556,0.6070623591284748,2.4278721448053053,1.0,0.07384588820486257,1.908600938046445,0.7414833347558895,0.37898686679174487,0.476056005178561,0.554618811633846,Dept_34,Dept_8
frozenset({'Dept_8'}),frozenset({'Dept_34'}),0.25003885003885,0.20683760683760682,0.12556332556332556,0.502175264139217,2.4278721448053053,1.0,0.07384588820486257,1.5932562928817615,0.7841962164513178,0.37898686679174487,0.3723545894858662,0.554618811633846,Dept_8,Dept_34
frozenset({'Dept_82'}),frozenset({'Dept_23'}),0.25003885003885,0.22424242424242424,0.13597513597513597,0.5438160348042262,2.4251255606134414,1.0,0.07990581808763628,1.7005367021715796,0.783574211118347,0.40192926045016075,0.4119503573648229,0.5750958205899164,Dept_82,Dept_23
frozenset({'Dept_23'}),frozenset({'Dept_82'}),0.22424242424242424,0.25003885003885,0.13597513597513597,0.6063756063756064,2.4251255606134414,1.0,0.07990581808763628,1.9052710200597527,0.7575178571428572,0.40192926045016075,0.4751402874071751,0.5750958205899164,Dept_23,Dept_82
frozenset({'Dept_23'}),frozenset({'Dept_8'}),0.22424242424242424,0.25003885003885,0.1355089355089355,0.6042966042966043,2.416810844405624,1.0,0.07943961762143581,1.8952608395690707,0.7556891485091745,0.4,0.47236814103784674,0.5731240634907508,Dept_23,Dept_8
frozenset({'Dept_8'}),frozenset({'Dept_23'}),0.25003885003885,0.22424242424242424,0.1355089355089355,0.5419515226848974,2.4168108444056235,1.0,0.07943961762143581,1.6936145717692528,0.781682600364235,0.4,0.4095468847110006,0.5731240634907508,Dept_8,Dept_23
frozenset({'Dept_5'}),frozenset({'Dept_23'}),0.2466200466200466,0.22424242424242424,0.13364413364413363,0.5419029615626969,2.4165942880498648,1.0,0.0783414565232747,1.6934350381393022,0.7780861443702509,0.3963133640552995,0.409484286389414,0.5689417787716464,Dept_5,Dept_23
frozenset({'Dept_23'}),frozenset({'Dept_5'}),0.22424242424242424,0.2466200466200466,0.13364413364413363,0.5959805959805959,2.4165942880498648,1.0,0.0783414565232747,1.8647123031342585,0.7556413517441861,0.3963133640552995,0.46372424404602614,0.5689417787716464,Dept_23,Dept_5
frozenset({'Dept_7'}),frozenset({'Dept_9'}),0.25003885003885,0.24677544677544677,0.14902874902874902,0.596022374145432,2.4152417995125033,1.0,0.08732530009919287,1.8645204709820096,0.7813241794641209,0.4285075960679178,0.4636690690377254,0.5999633281306505,Dept_7,Dept_9
frozenset({'Dept_9'}),frozenset({'Dept_7'}),0.24677544677544677,0.25003885003885,0.14902874902874902,0.603904282115869,2.415241799512503,1.0,0.08732530009919287,1.8933836345601052,0.7779390324105319,0.4285075960679178,0.47184501769905035,0.5999633281306505,Dept_9,Dept_7
frozenset({'Dept_9'}),frozenset({'Dept_11'}),0.24677544677544677,0.25003885003885,0.14887334887334888,0.6032745591939547,2.4127232992001857,1.0,0.08716989994379273,1.8903782637115973,0.7773652471257215,0.42786958463599833,0.4710053436413382,0.5993377146498052,Dept_9,Dept_11
frozenset({'Dept_11'}),frozenset({'Dept_9'}),0.25003885003885,0.24677544677544677,0.14887334887334888,0.5954008701056558,2.4127232992001857,1.0,0.08716989994379273,1.8616563842370297,0.7807478973929489,0.42786958463599833,0.46284394452855276,0.5993377146498052,Dept_11,Dept_9
frozenset({'Dept_11'}),frozenset({'Dept_14'}),0.25003885003885,0.25003885003885,0.15073815073815075,0.6028589185829709,2.4110609950785693,1.0,0.08821872420940023,1.8883998283059324,0.780366870174869,0.4314946619217083,0.4704511274515992,0.6028589185829709,Dept_11,Dept_14
frozenset({'Dept_14'}),frozenset({'Dept_11'}),0.25003885003885,0.25003885003885,0.15073815073815075,0.6028589185829709,2.4110609950785693,1.0,0.08821872420940023,1.8883998283059324,0.780366870174869,0.4314946619217083,0.4704511274515992,0.6028589185829709,Dept_14,Dept_11
frozenset({'Dept_8'}),frozenset({'Dept_9'}),0.25003885003885,0.24677544677544677,0.14840714840714841,0.593536357986327,2.405167798263233,1.0,0.08670369947759227,1.853116676052456,0.7790118099387481,0.42595896520963433,0.4603685710010345,0.5974608742072693,Dept_8,Dept_9
frozenset({'Dept_9'}),frozenset({'Dept_8'}),0.24677544677544677,0.25003885003885,0.14840714840714841,0.6013853904282116,2.405167798263233,1.0,0.08670369947759227,1.881419125021021,0.7756366814038371,0.42595896520963433,0.46848632146820174,0.5974608742072693,Dept_9,Dept_8
frozenset({'Dept_90'}),frozenset({'Dept_10'}),0.25003885003885,0.25003885003885,0.15027195027195028,0.6009944064636421,2.4036041054030686,1.0,0.08775252374319976,1.8795755300428203,0.7786511446315225,0.42958685028876065,0.46796498251005736,0.6009944064636421,Dept_90,Dept_10
frozenset({'Dept_10'}),frozenset({'Dept_90'}),0.25003885003885,0.25003885003885,0.15027195027195028,0.6009944064636421,2.4036041054030686,1.0,0.08775252374319976,1.8795755300428203,0.7786511446315225,0.42958685028876065,0.46796498251005736,0.6009944064636421,Dept_10,Dept_90
frozenset({'Dept_23'}),frozenset({'Dept_79'}),0.22424242424242424,0.25003885003885,0.13473193473193473,0.6008316008316008,2.4029529840592616,1.0,0.07866261684443504,1.8788089225589226,0.7526131776239908,0.3967963386727689,0.46774789708896625,0.5698378016588086,Dept_23,Dept_79
frozenset({'Dept_79'}),frozenset({'Dept_23'}),0.25003885003885,0.22424242424242424,0.13473193473193473,0.5388440024860163,2.4029529840592616,1.0,0.07866261684443504,1.6822020746549053,0.7785008252587986,0.3967963386727689,0.40554109695463036,0.5698378016588086,Dept_79,Dept_23
frozenset({'Dept_4'}),frozenset({'Dept_72'}),0.25003885003885,0.23356643356643356,0.14017094017094017,0.5605966438781853,2.400159283670075,1.0,0.08177025771431368,1.7442597006953446,0.7778549394769464,0.4081447963800906,0.42669087659288774,0.5803648555385603,Dept_4,Dept_72
frozenset({'Dept_72'}),frozenset({'Dept_4'}),0.23356643356643356,0.25003885003885,0.14017094017094017,0.6001330671989354,2.4001592836700745,1.0,0.08177025771431368,1.875526802648267,0.7611370514833219,0.4081447963800906,0.46681647066414206,0.5803648555385603,Dept_72,Dept_4
frozenset({'Dept_5'}),frozenset({'Dept_2'}),0.2466200466200466,0.25003885003885,0.14763014763014762,0.5986137366099559,2.394082905584255,1.0,0.08596555477674359,1.868427543152818,0.7729214434601355,0.4229741763134461,0.4647905916048624,0.5945212871987007,Dept_5,Dept_2
frozenset({'Dept_2'}),frozenset({'Dept_5'}),0.25003885003885,0.2466200466200466,0.14763014763014762,0.5904288377874456,2.3940829055842547,1.0,0.08596555477674359,1.8394360318487786,0.7764449146072807,0.4229741763134461,0.4563551095631626,0.5945212871987007,Dept_2,Dept_5
frozenset({'Dept_90'}),frozenset({'Dept_8'}),0.25003885003885,0.25003885003885,0.1494949494949495,0.5978868862647607,2.3911759559439005,1.0,0.08697552296619897,1.8650502168276513,0.7757678220794674,0.42641843971631205,0.4638214076074876,0.5978868862647607,Dept_90,Dept_8
frozenset({'Dept_8'}),frozenset({'Dept_90'}),0.25003885003885,0.25003885003885,0.1494949494949495,0.5978868862647607,2.3911759559439005,1.0,0.08697552296619897,1.8650502168276513,0.7757678220794674,0.42641843971631205,0.4638214076074876,0.5978868862647607,Dept_8,Dept_90
frozenset({'Dept_4'}),frozenset({'Dept_9'}),0.25003885003885,0.24677544677544677,0.14747474747474748,0.5898073337476695,2.390056796389328,1.0,0.08577129854519133,1.8362701608156158,0.7755067060796869,0.42215302491103207,0.45541782394599817,0.5937071933221975,Dept_4,Dept_9
frozenset({'Dept_9'}),frozenset({'Dept_4'}),0.24677544677544677,0.25003885003885,0.14747474747474748,0.5976070528967254,2.3900567963893278,1.0,0.08577129854519133,1.8637532177438283,0.7721467636766185,0.42215302491103207,0.46344827712192876,0.5937071933221975,Dept_9,Dept_4
frozenset({'Dept_5'}),frozenset({'Dept_10'}),0.2466200466200466,0.25003885003885,0.14731934731934732,0.5973534971644613,2.389042731046183,1.0,0.08565475446594328,1.8625795696218235,0.7717517598278816,0.4217081850533808,0.4631101852990693,0.5932696634361772,Dept_5,Dept_10
frozenset({'Dept_10'}),frozenset({'Dept_5'}),0.25003885003885,0.2466200466200466,0.14731934731934732,0.5891858297078931,2.389042731046183,1.0,0.08565475446594328,1.8338704160186765,0.7752698988076191,0.4217081850533808,0.45470520094271705,0.5932696634361772,Dept_10,Dept_5
frozenset({'Dept_5'}),frozenset({'Dept_8'}),0.2466200466200466,0.25003885003885,0.14731934731934732,0.5973534971644613,2.389042731046183,1.0,0.08565475446594328,1.8625795696218235,0.7717517598278816,0.4217081850533808,0.4631101852990693,0.5932696634361772,Dept_5,Dept_8
frozenset({'Dept_8'}),frozenset({'Dept_5'}),0.25003885003885,0.2466200466200466,0.14731934731934732,0.5891858297078931,2.389042731046183,1.0,0.08565475446594328,1.8338704160186765,0.7752698988076191,0.4217081850533808,0.45470520094271705,0.5932696634361772,Dept_8,Dept_5
frozenset({'Dept_79'}),frozenset({'Dept_34'}),0.25003885003885,0.20683760683760682,0.12354312354312354,0.49409571162212557,2.388809845445814,1.0,0.07182568618466054,1.5678111678111681,0.7752154863462324,0.3706293706293706,0.3621680846959988,0.54569548916944,Dept_79,Dept_34
frozenset({'Dept_34'}),frozenset({'Dept_79'}),0.20683760683760682,0.25003885003885,0.12354312354312354,0.5972952667167544,2.388809845445814,1.0,0.07182568618466054,1.8623102436535277,0.7329917588375622,0.3706293706293706,0.46303254068013144,0.54569548916944,Dept_34,Dept_79
frozenset({'Dept_8'}),frozenset({'Dept_87'}),0.25003885003885,0.24832944832944834,0.14825174825174825,0.5929148539465507,2.387613945648344,1.0,0.08615973856067097,1.8464701032639967,0.7749359036178074,0.4234354194407457,0.45842610815506596,0.594955549626592,Dept_8,Dept_87
frozenset({'Dept_87'}),frozenset({'Dept_8'}),0.24832944832944834,0.25003885003885,0.14825174825174825,0.5969962453066333,2.387613945648344,1.0,0.08615973856067097,1.8609284435371394,0.7731735933139424,0.4234354194407457,0.46263382481313414,0.594955549626592,Dept_87,Dept_8
frozenset({'Dept_93'}),frozenset({'Dept_46'}),0.22968142968142968,0.25003885003885,0.13706293706293707,0.5967523680649527,2.3866385882523127,1.0,0.0796336565101134,1.859802985977483,0.7542342604448141,0.4000000000000001,0.4623086383128824,0.5724594655738064,Dept_93,Dept_46
frozenset({'Dept_46'}),frozenset({'Dept_93'}),0.25003885003885,0.22968142968142968,0.13706293706293707,0.5481665630826601,2.3866385882523122,1.0,0.0796336565101134,1.7048728743364234,0.774707672819093,0.4000000000000001,0.41344600230722567,0.5724594655738064,Dept_46,Dept_93
frozenset({'Dept_14'}),frozenset({'Dept_79'}),0.25003885003885,0.25003885003885,0.14902874902874902,0.596022374145432,2.3837190662684,1.0,0.0865093224999985,1.8564422927499855,0.7740233969025098,0.4245241257193449,0.46133526266594593,0.596022374145432,Dept_14,Dept_79
frozenset({'Dept_79'}),frozenset({'Dept_14'}),0.25003885003885,0.25003885003885,0.14902874902874902,0.596022374145432,2.3837190662684,1.0,0.0865093224999985,1.8564422927499855,0.7740233969025098,0.4245241257193449,0.46133526266594593,0.596022374145432,Dept_79,Dept_14
frozenset({'Dept_72'}),frozenset({'Dept_10'}),0.23356643356643356,0.25003885003885,0.13892773892773894,0.594810379241517,2.378871839912469,1.0,0.08052705647111244,1.8508893405445135,0.756272555071115,0.40306582506762856,0.45971918574785786,0.5752174954007461,Dept_72,Dept_10
frozenset({'Dept_10'}),frozenset({'Dept_72'}),0.25003885003885,0.23356643356643356,0.13892773892773894,0.5556246115599752,2.378871839912469,1.0,0.08052705647111244,1.724743508240012,0.7728835975156939,0.40306582506762856,0.42020364464485815,0.5752174954007461,Dept_10,Dept_72
frozenset({'Dept_10'}),frozenset({'Dept_97'}),0.25003885003885,0.24382284382284383,0.14483294483294484,0.5792417650714731,2.37566651257803,1.0,0.08386776135027885,1.7971773180044972,0.7721273271211553,0.414959928762244,0.4435718779767631,0.5866253439761444,Dept_10,Dept_97
frozenset({'Dept_97'}),frozenset({'Dept_10'}),0.24382284382284383,0.25003885003885,0.14483294483294484,0.5940089228808159,2.37566651257803,1.0,0.08386776135027885,1.8472355483344498,0.765780205648725,0.414959928762244,0.4586505219100808,0.5866253439761444,Dept_97,Dept_10
frozenset({'Dept_46'}),frozenset({'Dept_90'}),0.25003885003885,0.25003885003885,0.14840714840714841,0.593536357986327,2.3737765467010656,1.0,0.0858877218783979,1.845087905638365,0.7716804481831616,0.4220061864781265,0.45802040274389016,0.593536357986327,Dept_46,Dept_90
frozenset({'Dept_90'}),frozenset({'Dept_46'}),0.25003885003885,0.25003885003885,0.14840714840714841,0.593536357986327,2.3737765467010656,1.0,0.0858877218783979,1.845087905638365,0.7716804481831616,0.4220061864781265,0.45802040274389016,0.593536357986327,Dept_90,Dept_46
frozenset({'Dept_82'}),frozenset({'Dept_9'}),0.25003885003885,0.24677544677544677,0.14623154623154624,0.5848353014294594,2.369908793890788,1.0,0.0845280973019901,1.81427890140465,0.7707637033373513,0.41710992907801425,0.44881682787261634,0.588702285475435,Dept_82,Dept_9
frozenset({'Dept_9'}),frozenset({'Dept_82'}),0.24677544677544677,0.25003885003885,0.14623154623154624,0.5925692695214106,2.369908793890788,1.0,0.0845280973019901,1.8407083557006283,0.7674243103581717,0.41710992907801425,0.45673088466023154,0.588702285475435,Dept_9,Dept_82
frozenset({'Dept_10'}),frozenset({'Dept_91'}),0.25003885003885,0.25003885003885,0.14809634809634808,0.5922933499067744,2.3688052869173983,1.0,0.08557692156759757,1.8394626376333696,0.7705015983290928,0.4207505518763797,0.45636297278286225,0.5922933499067744,Dept_10,Dept_91
frozenset({'Dept_91'}),frozenset({'Dept_10'}),0.25003885003885,0.25003885003885,0.14809634809634808,0.5922933499067744,2.3688052869173983,1.0,0.08557692156759757,1.8394626376333696,0.7705015983290928,0.4207505518763797,0.45636297278286225,0.5922933499067744,Dept_91,Dept_10
frozenset({'Dept_74'}),frozenset({'Dept_11'}),0.24972804972804974,0.25003885003885,0.14763014763014762,0.5911636589919104,2.3642872253654095,1.0,0.08518843325370132,1.8343798599506362,0.769107181790433,0.41924095322153576,0.4548566402016045,0.590796248389678,Dept_74,Dept_11
frozenset({'Dept_11'}),frozenset({'Dept_74'}),0.25003885003885,0.24972804972804974,0.14763014763014762,0.5904288377874456,2.364287225365409,1.0,0.08518843325370132,1.8318475993741545,0.7694259166357668,0.41924095322153576,0.454103059478503,0.590796248389678,Dept_11,Dept_74
frozenset({'Dept_7'}),frozenset({'Dept_10'}),0.25003885003885,0.25003885003885,0.14763014763014762,0.5904288377874456,2.361348397241897,1.0,0.0851107211013971,1.8310887561266924,0.7687240168386155,0.41887125220458554,0.45387682784132044,0.5904288377874456,Dept_7,Dept_10
frozenset({'Dept_10'}),frozenset({'Dept_7'}),0.25003885003885,0.25003885003885,0.14763014763014762,0.5904288377874456,2.361348397241897,1.0,0.0851107211013971,1.8310887561266924,0.7687240168386155,0.41887125220458554,0.45387682784132044,0.5904288377874456,Dept_10,Dept_7
frozenset({'Dept_4'}),frozenset({'Dept_1'}),0.25003885003885,0.25003885003885,0.14716394716394715,0.5885643256681169,2.353891507566397,1.0,0.08464452063519663,1.822790770827025,0.7669351729522111,0.41699691765741964,0.45139068289977874,0.5885643256681169,Dept_4,Dept_1
frozenset({'Dept_1'}),frozenset({'Dept_4'}),0.25003885003885,0.25003885003885,0.14716394716394715,0.5885643256681169,2.353891507566397,1.0,0.08464452063519663,1.822790770827025,0.7669351729522111,0.41699691765741964,0.45139068289977874,0.5885643256681169,Dept_1,Dept_4
frozenset({'Dept_4'}),frozenset({'Dept_14'}),0.25003885003885,0.25003885003885,0.14716394716394715,0.5885643256681169,2.353891507566397,1.0,0.08464452063519663,1.822790770827025,0.7669351729522111,0.41699691765741964,0.45139068289977874,0.5885643256681169,Dept_4,Dept_14
frozenset({'Dept_14'}),frozenset({'Dept_4'}),0.25003885003885,0.25003885003885,0.14716394716394715,0.5885643256681169,2.353891507566397,1.0,0.08464452063519663,1.822790770827025,0.7669351729522111,0.41699691765741964,0.45139068289977874,0.5885643256681169,Dept_14,Dept_4
frozenset({'Dept_34'}),frozenset({'Dept_5'}),0.20683760683760682,0.2466200466200466,0.11996891996891997,0.5800150262960181,2.351856770141699,1.0,0.0689586197278505,1.7938259712857212,0.7246990575308201,0.3597390493942218,0.44253232141395965,0.5332337261284753,Dept_34,Dept_5
frozenset({'Dept_5'}),frozenset({'Dept_34'}),0.2466200466200466,0.20683760683760682,0.11996891996891997,0.4864524259609326,2.351856770141699,1.0,0.0689586197278505,1.5444769545383046,0.7629669945621506,0.3597390493942218,0.35253161462746885,0.5332337261284753,Dept_5,Dept_34
frozenset({'Dept_1'}),frozenset({'Dept_13'}),0.25003885003885,0.25003885003885,0.147008547008547,0.5879428216283407,2.3514058776745634,1.0,0.0844891204797965,1.820041463480378,0.7663363703827665,0.41637323943661986,0.45056196791926484,0.5879428216283407,Dept_1,Dept_13
frozenset({'Dept_13'}),frozenset({'Dept_1'}),0.25003885003885,0.25003885003885,0.147008547008547,0.5879428216283407,2.3514058776745634,1.0,0.0844891204797965,1.820041463480378,0.7663363703827665,0.41637323943661986,0.45056196791926484,0.5879428216283407,Dept_13,Dept_1
frozenset({'Dept_79'}),frozenset({'Dept_5'}),0.25003885003885,0.2466200466200466,0.14498834498834498,0.5798632691112493,2.3512414220106423,1.0,0.08332375213494095,1.7931780251306884,0.7662967074114889,0.4122845779938136,0.44233088628937484,0.5838824852172504,Dept_79,Dept_5
frozenset({'Dept_5'}),frozenset({'Dept_79'}),0.2466200466200466,0.25003885003885,0.14498834498834498,0.5879017013232514,2.351241422010642,1.0,0.08332375213494095,1.81985985472224,0.7628192883597041,0.4122845779938136,0.4505071380056201,0.5838824852172504,Dept_5,Dept_79
frozenset({'Dept_34'}),frozenset({'Dept_40'}),0.20683760683760682,0.25003885003885,0.12136752136752137,0.5867768595041323,2.3467427538279004,1.0,0.06965008400905837,1.8149059829059833,0.7235308402136958,0.3617415470125058,0.4490072712202841,0.5360857572846951,Dept_34,Dept_40
frozenset({'Dept_40'}),frozenset({'Dept_34'}),0.25003885003885,0.20683760683760682,0.12136752136752137,0.485394655065258,2.3467427538279004,1.0,0.06965008400905837,1.541302283331269,0.7652095748965404,0.3617415470125058,0.35119800261460327,0.5360857572846951,Dept_40,Dept_34
frozenset({'Dept_46'}),frozenset({'Dept_91'}),0.25003885003885,0.25003885003885,0.14654234654234655,0.5860783095090119,2.3439489879990627,1.0,0.08402292001359603,1.8118430785097455,0.764532342705362,0.41450549450549456,0.448075822977723,0.5860783095090119,Dept_46,Dept_91
frozenset({'Dept_91'}),frozenset({'Dept_46'}),0.25003885003885,0.25003885003885,0.14654234654234655,0.5860783095090119,2.3439489879990627,1.0,0.08402292001359603,1.8118430785097455,0.764532342705362,0.41450549450549456,0.448075822977723,0.5860783095090119,Dept_91,Dept_46
frozenset({'Dept_8'}),frozenset({'Dept_91'}),0.25003885003885,0.25003885003885,0.14654234654234655,0.5860783095090119,2.3439489879990627,1.0,0.08402292001359603,1.8118430785097455,0.764532342705362,0.41450549450549456,0.448075822977723,0.5860783095090119,Dept_8,Dept_91
frozenset({'Dept_91'}),frozenset({'Dept_8'}),0.25003885003885,0.25003885003885,0.14654234654234655,0.5860783095090119,2.3439489879990627,1.0,0.08402292001359603,1.8118430785097455,0.764532342705362,0.41450549450549456,0.448075822977723,0.5860783095090119,Dept_91,Dept_8
frozenset({'Dept_97'}),frozenset({'Dept_46'}),0.24382284382284383,0.25003885003885,0.1425019425019425,0.5844486934353091,2.337431536517225,1.0,0.08153675901927651,1.804737797989332,0.7566745149505102,0.4055727554179566,0.44590288898802616,0.5771839489550692,Dept_97,Dept_46
frozenset({'Dept_46'}),frozenset({'Dept_97'}),0.25003885003885,0.24382284382284383,0.1425019425019425,0.5699192044748291,2.3374315365172245,1.0,0.08153675901927651,1.7582211622674053,0.7629461644735147,0.4055727554179566,0.431243337606972,0.5771839489550692,Dept_46,Dept_97
frozenset({'Dept_8'}),frozenset({'Dept_11'}),0.25003885003885,0.25003885003885,0.14576534576534578,0.5829707893101306,2.3315208385398947,1.0,0.08324591923659526,1.7983420123509546,0.7614999863037546,0.41140350877192994,0.44393224807515336,0.5829707893101306,Dept_8,Dept_11
frozenset({'Dept_14'}),frozenset({'Dept_8'}),0.25003885003885,0.25003885003885,0.14576534576534578,0.5829707893101306,2.3315208385398947,1.0,0.08324591923659526,1.7983420123509546,0.7614999863037546,0.41140350877192994,0.44393224807515336,0.5829707893101306,Dept_14,Dept_8
frozenset({'Dept_8'}),frozenset({'Dept_14'}),0.25003885003885,0.25003885003885,0.14576534576534578,0.5829707893101306,2.3315208385398947,1.0,0.08324591923659526,1.7983420123509546,0.7614999863037546,0.41140350877192994,0.44393224807515336,0.5829707893101306,Dept_8,Dept_14
frozenset({'Dept_11'}),frozenset({'Dept_8'}),0.25003885003885,0.25003885003885,0.14576534576534578,0.5829707893101306,2.3315208385398947,1.0,0.08324591923659526,1.7983420123509546,0.7614999863037546,0.41140350877192994,0.44393224807515336,0.5829707893101306,Dept_11,Dept_8
frozenset({'Dept_9'}),frozenset({'Dept_16'}),0.24677544677544677,0.24988344988344988,0.14327894327894328,0.5806045340050378,2.3235013534343394,1.0,0.08161384329216498,1.7885661885661883,0.7562353796229706,0.40545294635004403,0.4408929306655102,0.576993809291076,Dept_9,Dept_16
frozenset({'Dept_16'}),frozenset({'Dept_9'}),0.24988344988344988,0.24677544677544677,0.14327894327894328,0.5733830845771144,2.3235013534343394,1.0,0.08161384329216498,1.7655759206779613,0.75936873524602,0.40545294635004403,0.43361257463456393,0.576993809291076,Dept_16,Dept_9
frozenset({'Dept_87'}),frozenset({'Dept_11'}),0.24832944832944834,0.25003885003885,0.1442113442113442,0.5807259073842302,2.322542706039479,1.0,0.08211933452026693,1.7887133099073398,0.757562485296529,0.40719613865730586,0.44093891711925437,0.5787408281482991,Dept_87,Dept_11
frozenset({'Dept_11'}),frozenset({'Dept_87'}),0.25003885003885,0.24832944832944834,0.1442113442113442,0.576755748912368,2.322542706039479,1.0,0.08211933452026693,1.7759734473390865,0.7592892128842333,0.40719613865730586,0.43692851855511433,0.5787408281482991,Dept_11,Dept_87
frozenset({'Dept_87'}),frozenset({'Dept_40'}),0.24832944832944834,0.25003885003885,0.14358974358974358,0.5782227784730913,2.312531746099654,1.0,0.0814977338986663,1.7780978006497294,0.7550827988082486,0.40473061760841,0.43760123901250364,0.5762462556131771,Dept_87,Dept_40
frozenset({'Dept_40'}),frozenset({'Dept_87'}),0.25003885003885,0.24832944832944834,0.14358974358974358,0.5742697327532629,2.3125317460996535,1.0,0.0814977338986663,1.7656027994714125,0.7568038743960832,0.40473061760841,0.4336211970781986,0.5762462556131771,Dept_40,Dept_87
frozenset({'Dept_79'}),frozenset({'Dept_1'}),0.25003885003885,0.25003885003885,0.1439005439005439,0.5755127408328156,2.301693279837892,1.0,0.08138111737179339,1.766745959425316,0.7540887238759815,0.4040139616055847,0.43398766830898633,0.5755127408328156,Dept_79,Dept_1
frozenset({'Dept_1'}),frozenset({'Dept_79'}),0.25003885003885,0.25003885003885,0.1439005439005439,0.5755127408328156,2.301693279837892,1.0,0.08138111737179339,1.766745959425316,0.7540887238759815,0.4040139616055847,0.43398766830898633,0.5755127408328156,Dept_1,Dept_79
frozenset({'Dept_81'}),frozenset({'Dept_2'}),0.25003885003885,0.25003885003885,0.1439005439005439,0.5755127408328156,2.301693279837892,1.0,0.08138111737179339,1.766745959425316,0.7540887238759815,0.4040139616055847,0.43398766830898633,0.5755127408328156,Dept_81,Dept_2
frozenset({'Dept_2'}),frozenset({'Dept_81'}),0.25003885003885,0.25003885003885,0.1439005439005439,0.5755127408328156,2.301693279837892,1.0,0.08138111737179339,1.766745959425316,0.7540887238759815,0.4040139616055847,0.43398766830898633,0.5755127408328156,Dept_2,Dept_81
frozenset({'Dept_4'}),frozenset({'Dept_38'}),0.25003885003885,0.25003885003885,0.14374514374514374,0.5748912367930392,2.2992076499460583,1.0,0.08122571721639323,1.7641629974963313,0.7534624388167697,0.4034016572176189,0.4331589533284723,0.5748912367930392,Dept_4,Dept_38
frozenset({'Dept_38'}),frozenset({'Dept_4'}),0.25003885003885,0.25003885003885,0.14374514374514374,0.5748912367930392,2.2992076499460583,1.0,0.08122571721639323,1.7641629974963313,0.7534624388167697,0.4034016572176189,0.4331589533284723,0.5748912367930392,Dept_38,Dept_4
frozenset({'Dept_79'}),frozenset({'Dept_72'}),0.25003885003885,0.23356643356643356,0.1341103341103341,0.5363579863269111,2.2963829953517454,1.0,0.0757096516537076,1.6530718611147566,0.7527490865190916,0.3837261004891063,0.3950656208462435,0.5552714748667157,Dept_79,Dept_72
frozenset({'Dept_72'}),frozenset({'Dept_79'}),0.23356643356643356,0.25003885003885,0.1341103341103341,0.5741849634065203,2.2963829953517454,1.0,0.0757096516537076,1.761236888111888,0.7365707809288597,0.3837261004891063,0.43221720669725605,0.5552714748667157,Dept_72,Dept_79
frozenset({'Dept_82'}),frozenset({'Dept_34'}),0.25003885003885,0.20683760683760682,0.11872571872571873,0.47482908638906157,2.2956612854347194,1.0,0.06700828136725573,1.5102938350275632,0.7525665407489536,0.3511029411764707,0.3378771886586229,0.5244167971389335,Dept_82,Dept_34
frozenset({'Dept_34'}),frozenset({'Dept_82'}),0.20683760683760682,0.25003885003885,0.11872571872571873,0.5740045078888054,2.2956612854347194,1.0,0.06700828136725573,1.7604908123426644,0.7115764352771258,0.3511029411764707,0.43197658687618373,0.5244167971389335,Dept_34,Dept_82
frozenset({'Dept_40'}),frozenset({'Dept_23'}),0.25003885003885,0.22424242424242424,0.12867132867132866,0.5146053449347421,2.2948616733576337,1.0,0.07260201078382897,1.598199666317464,0.7523641567115323,0.37230215827338126,0.37429595245494096,0.5442049593696578,Dept_40,Dept_23
frozenset({'Dept_23'}),frozenset({'Dept_40'}),0.22424242424242424,0.25003885003885,0.12867132867132866,0.5738045738045737,2.2948616733576337,1.0,0.07260201078382897,1.7596649421039663,0.7273456370772947,0.37230215827338126,0.4317099942876983,0.5442049593696578,Dept_23,Dept_40
frozenset({'Dept_1'}),frozenset({'Dept_8'}),0.25003885003885,0.25003885003885,0.14265734265734265,0.5705407085146054,2.281808240703223,1.0,0.08013791612859213,1.7462915923118532,0.7490402386492194,0.3991304347826087,0.42735794846487474,0.5705407085146054,Dept_1,Dept_8
frozenset({'Dept_8'}),frozenset({'Dept_1'}),0.25003885003885,0.25003885003885,0.14265734265734265,0.5705407085146054,2.281808240703223,1.0,0.08013791612859213,1.7462915923118532,0.7490402386492194,0.3991304347826087,0.42735794846487474,0.5705407085146054,Dept_8,Dept_1
frozenset({'Dept_74'}),frozenset({'Dept_10'}),0.24972804972804974,0.25003885003885,0.14219114219114218,0.5693839452395768,2.2771819065361574,1.0,0.07974942781469588,1.7416005317739423,0.7475432472688914,0.39765319426336376,0.42581551753350116,0.5690300708174267,Dept_74,Dept_10
frozenset({'Dept_10'}),frozenset({'Dept_74'}),0.25003885003885,0.24972804972804974,0.14219114219114218,0.5686761963952766,2.277181906536157,1.0,0.07974942781469588,1.739463354448945,0.7478530455479087,0.39765319426336376,0.42511005049784684,0.5690300708174267,Dept_10,Dept_74
frozenset({'Dept_5'}),frozenset({'Dept_13'}),0.2466200466200466,0.25003885003885,0.14032634032634034,0.5689981096408319,2.275638803939561,1.0,0.0786617474729363,1.7400414400414406,0.7440640658750262,0.39380723942433504,0.4253010434187221,0.5651081287793966,Dept_5,Dept_13
frozenset({'Dept_13'}),frozenset({'Dept_5'}),0.25003885003885,0.2466200466200466,0.14032634032634034,0.5612181479179615,2.2756388039395605,1.0,0.0786617474729363,1.7169806586237186,0.7474559866063254,0.39380723942433504,0.41758225698269025,0.5651081287793966,Dept_13,Dept_5
frozenset({'Dept_94'}),frozenset({'Dept_8'}),0.21787101787101787,0.25003885003885,0.12354312354312354,0.5670470756062768,2.267835880376875,1.0,0.06906690477786048,1.7322002178674338,0.714781061347309,0.35875451263537905,0.4226995299474494,0.5305713936142011,Dept_94,Dept_8
frozenset({'Dept_8'}),frozenset({'Dept_94'}),0.25003885003885,0.21787101787101787,0.12354312354312354,0.49409571162212557,2.2678358803768743,1.0,0.06906690477786048,1.5460018823655188,0.745439925768961,0.35875451263537905,0.3531702571604169,0.5305713936142011,Dept_8,Dept_94
frozenset({'Dept_11'}),frozenset({'Dept_72'}),0.25003885003885,0.23356643356643356,0.1324009324009324,0.5295214418893723,2.267112760185037,1.0,0.0740002499443059,1.6290510018383204,0.7452523887627465,0.37699115044247794,0.38614567691770296,0.5481938546772211,Dept_11,Dept_72
frozenset({'Dept_72'}),frozenset({'Dept_11'}),0.23356643356643356,0.25003885003885,0.1324009324009324,0.5668662674650699,2.267112760185037,1.0,0.0740002499443059,1.7314771250255123,0.729235204413831,0.37699115044247794,0.4224584399373652,0.5481938546772211,Dept_72,Dept_11
frozenset({'Dept_9'}),frozenset({'Dept_87'}),0.24677544677544677,0.24832944832944834,0.13892773892773894,0.5629722921914359,2.2670379851388547,1.0,0.0776461283687391,1.7199608588657582,0.7420042102659041,0.39005235602094246,0.41859142035391556,0.5612108019154927,Dept_9,Dept_87
frozenset({'Dept_87'}),frozenset({'Dept_9'}),0.24832944832944834,0.24677544677544677,0.13892773892773894,0.5594493116395495,2.2670379851388547,1.0,0.0776461283687391,1.7097341421205057,0.7435382276532638,0.39005235602094246,0.4151137446669076,0.5612108019154927,Dept_87,Dept_9
frozenset({'Dept_11'}),frozenset({'Dept_13'}),0.25003885003885,0.25003885003885,0.14172494172494174,0.5668116842759479,2.266894461352222,1.0,0.07920551519619122,1.731258953066701,0.7451957507216033,0.3954900260190808,0.4223856585817912,0.5668116842759479,Dept_11,Dept_13
frozenset({'Dept_13'}),frozenset({'Dept_11'}),0.25003885003885,0.25003885003885,0.14172494172494174,0.5668116842759479,2.266894461352222,1.0,0.07920551519619122,1.731258953066701,0.7451957507216033,0.3954900260190808,0.4223856585817912,0.5668116842759479,Dept_13,Dept_11
frozenset({'Dept_13'}),frozenset({'Dept_10'}),0.25003885003885,0.25003885003885,0.1411033411033411,0.5643256681168428,2.2569519417848873,1.0,0.07858391457459059,1.7213801573288026,0.7426045319862493,0.39307359307359313,0.4190707986597355,0.5643256681168428,Dept_13,Dept_10
frozenset({'Dept_10'}),frozenset({'Dept_13'}),0.25003885003885,0.25003885003885,0.1411033411033411,0.5643256681168428,2.2569519417848873,1.0,0.07858391457459059,1.7213801573288026,0.7426045319862493,0.39307359307359313,0.4190707986597355,0.5643256681168428,Dept_10,Dept_13
frozenset({'Dept_23'}),frozenset({'Dept_1'}),0.22424242424242424,0.25003885003885,0.12634032634032635,0.5634095634095635,2.2532880923185465,1.0,0.07027100845282666,1.7177681577681583,0.7169818573185733,0.36310853059401527,0.41784926244105697,0.5343461738738309,Dept_23,Dept_1
frozenset({'Dept_1'}),frozenset({'Dept_23'}),0.25003885003885,0.22424242424242424,0.12634032634032635,0.5052827843380983,2.253288092318546,1.0,0.07027100845282666,1.5680828384345975,0.7416438938529462,0.36310853059401527,0.3622785891858298,0.5343461738738309,Dept_1,Dept_23
frozenset({'Dept_92'}),frozenset({'Dept_46'}),0.25003885003885,0.25003885003885,0.14063714063714064,0.562461155997514,2.2494950521093866,1.0,0.07811771410839012,1.7140447305220035,0.7406460860028439,0.39126675313445747,0.41658465371819364,0.562461155997514,Dept_92,Dept_46
frozenset({'Dept_46'}),frozenset({'Dept_92'}),0.25003885003885,0.25003885003885,0.14063714063714064,0.562461155997514,2.2494950521093866,1.0,0.07811771410839012,1.7140447305220035,0.7406460860028439,0.39126675313445747,0.41658465371819364,0.562461155997514,Dept_46,Dept_92
frozenset({'Dept_7'}),frozenset({'Dept_93'}),0.25003885003885,0.22968142968142968,0.128982128982129,0.5158483530142947,2.2459297372442397,1.0,0.07155284842930532,1.5910687800289856,0.7397051113696393,0.3677447939743022,0.3714916585932996,0.5387090208914505,Dept_7,Dept_93
frozenset({'Dept_93'}),frozenset({'Dept_7'}),0.22968142968142968,0.25003885003885,0.128982128982129,0.5615696887686062,2.2459297372442397,1.0,0.07155284842930532,1.7105595364854627,0.7201567212971313,0.3677447939743022,0.4153959691723956,0.5387090208914505,Dept_93,Dept_7
frozenset({'Dept_7'}),frozenset({'Dept_95'}),0.25003885003885,0.25003885003885,0.13986013986013987,0.5593536357986328,2.237066902650219,1.0,0.07734071333138935,1.7019569679654314,0.7373529953492657,0.38826574633304584,0.4124410788156242,0.5593536357986328,Dept_7,Dept_95
frozenset({'Dept_95'}),frozenset({'Dept_7'}),0.25003885003885,0.25003885003885,0.13986013986013987,0.5593536357986328,2.237066902650219,1.0,0.07734071333138935,1.7019569679654314,0.7373529953492657,0.38826574633304584,0.4124410788156242,0.5593536357986328,Dept_95,Dept_7
frozenset({'Dept_11'}),frozenset({'Dept_5'}),0.25003885003885,0.2466200466200466,0.13768453768453767,0.550652579241765,2.2327973203659472,1.0,0.07601994483113364,1.6766090525426625,0.7362132223967429,0.3835497835497836,0.4035580337089022,0.5544693267979461,Dept_11,Dept_5
frozenset({'Dept_5'}),frozenset({'Dept_11'}),0.2466200466200466,0.25003885003885,0.13768453768453767,0.5582860743541272,2.2327973203659472,1.0,0.07601994483113364,1.6978435734498503,0.7328723208099591,0.3835497835497836,0.41101758981947967,0.5544693267979461,Dept_5,Dept_11
frozenset({'Dept_8'}),frozenset({'Dept_74'}),0.25003885003885,0.24972804972804974,0.1393939393939394,0.557489123679304,2.2323848854239707,1.0,0.0769522250174931,1.6954881572859106,0.736102891204785,0.38680465717981893,0.41019936016493813,0.5578360366374118,Dept_8,Dept_74
frozenset({'Dept_74'}),frozenset({'Dept_8'}),0.24972804972804974,0.25003885003885,0.1393939393939394,0.5581829495955196,2.2323848854239707,1.0,0.0769522250174931,1.6974472788557298,0.7357979604296381,0.38680465717981893,0.4108800830184767,0.5578360366374118,Dept_74,Dept_8
frozenset({'Dept_8'}),frozenset({'Dept_97'}),0.25003885003885,0.24382284382284383,0.13581973581973583,0.5431945307644501,2.2278246051429167,1.0,0.07485455233706984,1.655359243930673,0.7348802396629243,0.3793402777777778,0.3959015218802377,0.5501186165613201,Dept_8,Dept_97
frozenset({'Dept_97'}),frozenset({'Dept_8'}),0.24382284382284383,0.25003885003885,0.13581973581973583,0.55704270235819,2.2278246051429167,1.0,0.07485455233706984,1.6930777615669705,0.7288393005781488,0.3793402777777778,0.40935967461146966,0.5501186165613201,Dept_97,Dept_8
frozenset({'Dept_90'}),frozenset({'Dept_7'}),0.25003885003885,0.25003885003885,0.1386169386169386,0.5543816034804226,2.2171818635155502,1.0,0.07609751208818809,1.6829672110006841,0.7320072607456992,0.3834909716251075,0.40581135897151255,0.5543816034804226,Dept_90,Dept_7
frozenset({'Dept_7'}),frozenset({'Dept_90'}),0.25003885003885,0.25003885003885,0.1386169386169386,0.5543816034804226,2.2171818635155502,1.0,0.07609751208818809,1.6829672110006841,0.7320072607456992,0.3834909716251075,0.40581135897151255,0.5543816034804226,Dept_7,Dept_90
frozenset({'Dept_4'}),frozenset({'Dept_5'}),0.25003885003885,0.2466200466200466,0.1365967365967366,0.5463020509633313,2.215156709482695,1.0,0.07493214374333257,1.6605319794360893,0.7314574496222821,0.3793698748381528,0.39778335353734257,0.5500886436291137,Dept_4,Dept_5
frozenset({'Dept_5'}),frozenset({'Dept_4'}),0.2466200466200466,0.25003885003885,0.1365967365967366,0.5538752362948961,2.215156709482695,1.0,0.07493214374333257,1.6810569844468155,0.72813812951261,0.3793698748381528,0.4051361677492036,0.5500886436291137,Dept_5,Dept_4
frozenset({'Dept_9'}),frozenset({'Dept_2'}),0.24677544677544677,0.25003885003885,0.13597513597513597,0.551007556675063,2.203687773277831,1.0,0.07427168704557982,1.6703202049625614,0.7251691473370864,0.3768303186907838,0.40131239685122877,0.5474117957396446,Dept_9,Dept_2
frozenset({'Dept_2'}),frozenset({'Dept_9'}),0.25003885003885,0.24677544677544677,0.13597513597513597,0.5438160348042262,2.203687773277831,1.0,0.07427168704557982,1.651142106455458,0.7283246699425728,0.3768303186907838,0.394358610267216,0.5474117957396446,Dept_2,Dept_9
frozenset({'Dept_92'}),frozenset({'Dept_7'}),0.25003885003885,0.25003885003885,0.1372183372183372,0.5487880671224363,2.194811194489048,1.0,0.07469891068958669,1.6621039811122458,0.7258775254273404,0.3781584582441114,0.3983529241468872,0.5487880671224363,Dept_92,Dept_7
frozenset({'Dept_7'}),frozenset({'Dept_92'}),0.25003885003885,0.25003885003885,0.1372183372183372,0.5487880671224363,2.194811194489048,1.0,0.07469891068958669,1.6621039811122458,0.7258775254273404,0.3781584582441114,0.3983529241468872,0.5487880671224363,Dept_7,Dept_92
frozenset({'Dept_1'}),frozenset({'Dept_34'}),0.25003885003885,0.20683760683760682,0.11328671328671329,0.45307644499689254,2.190493556389935,1.0,0.061569275928250296,1.4502253302253303,0.724680045273743,0.3297150610583447,0.3104519834551339,0.5003924674270713,Dept_1,Dept_34
frozenset({'Dept_34'}),frozenset({'Dept_1'}),0.20683760683760682,0.25003885003885,0.11328671328671329,0.5477084898572502,2.190493556389935,1.0,0.061569275928250296,1.6581366953459977,0.6852088359112625,0.3297150610583447,0.3969134132265654,0.5003924674270713,Dept_34,Dept_1
frozenset({'Dept_10'}),frozenset({'Dept_79'}),0.25003885003885,0.25003885003885,0.1369075369075369,0.5475450590428839,2.189839934705381,1.0,0.07438811037878638,1.6575377613839157,0.7244983543076592,0.3769790329482242,0.3966954941858594,0.5475450590428839,Dept_10,Dept_79
frozenset({'Dept_79'}),frozenset({'Dept_10'}),0.25003885003885,0.25003885003885,0.1369075369075369,0.5475450590428839,2.189839934705381,1.0,0.07438811037878638,1.6575377613839157,0.7244983543076592,0.3769790329482242,0.3966954941858594,0.5475450590428839,Dept_79,Dept_10
frozenset({'Dept_34'}),frozenset({'Dept_9'}),0.20683760683760682,0.24677544677544677,0.11173271173271174,0.5401953418482345,2.189015758686013,1.0,0.06069026889539711,1.6381403273560138,0.6848202724089971,0.32681818181818184,0.3895516865676478,0.49648306135232884,Dept_34,Dept_9
frozenset({'Dept_9'}),frozenset({'Dept_34'}),0.24677544677544677,0.20683760683760682,0.11173271173271174,0.4527707808564232,2.189015758686013,1.0,0.06069026889539711,1.4494152823266748,0.7211311471787749,0.32681818181818184,0.3100666094849301,0.49648306135232884,Dept_9,Dept_34
frozenset({'Dept_11'}),frozenset({'Dept_79'}),0.25003885003885,0.25003885003885,0.1365967365967366,0.5463020509633313,2.1848686749217134,1.0,0.07407731006798608,1.652996562037658,0.7231129070964208,0.3758016246259086,0.3950380642248315,0.5463020509633313,Dept_11,Dept_79
frozenset({'Dept_79'}),frozenset({'Dept_11'}),0.25003885003885,0.25003885003885,0.1365967365967366,0.5463020509633313,2.1848686749217134,1.0,0.07407731006798608,1.652996562037658,0.7231129070964208,0.3758016246259086,0.3950380642248315,0.5463020509633313,Dept_79,Dept_11
frozenset({'Dept_7'}),frozenset({'Dept_94'}),0.25003885003885,0.21787101787101787,0.11888111888111888,0.4754505904288378,2.182257167909823,1.0,0.06440490011585584,1.4910492088217204,0.722382573695316,0.3406055209260908,0.32933132314913,0.5105498315910237,Dept_7,Dept_94
frozenset({'Dept_94'}),frozenset({'Dept_7'}),0.21787101787101787,0.25003885003885,0.11888111888111888,0.5456490727532097,2.182257167909823,1.0,0.06440490011585584,1.650620929741809,0.6926720247672553,0.3406055209260908,0.39416738150992636,0.5105498315910237,Dept_94,Dept_7
frozenset({'Dept_10'}),frozenset({'Dept_23'}),0.25003885003885,0.22424242424242424,0.1222999222999223,0.48912367930391554,2.1812272185174613,1.0,0.0662306044124226,1.5184841111848413,0.72209405744298,0.3474613686534217,0.3414484928527036,0.5172576123477305,Dept_10,Dept_23
frozenset({'Dept_23'}),frozenset({'Dept_10'}),0.22424242424242424,0.25003885003885,0.1222999222999223,0.5453915453915454,2.1812272185174613,1.0,0.0662306044124226,1.649685883222469,0.6980821156289708,0.3474613686534217,0.39382399390687833,0.5172576123477305,Dept_23,Dept_10
frozenset({'Dept_9'}),frozenset({'Dept_95'}),0.24677544677544677,0.25003885003885,0.13457653457653457,0.5453400503778337,2.1810212704669736,1.0,0.07287308564697842,1.6494990389727233,0.718908055314804,0.3715143715143715,0.3937553303318193,0.5417812744120368,Dept_9,Dept_95
frozenset({'Dept_95'}),frozenset({'Dept_9'}),0.25003885003885,0.24677544677544677,0.13457653457653457,0.5382224984462399,2.1810212704669736,1.0,0.07287308564697842,1.6311417310071414,0.722036333218163,0.3715143715143715,0.3869324896846615,0.5417812744120368,Dept_95,Dept_9
frozenset({'Dept_40'}),frozenset({'Dept_38'}),0.25003885003885,0.25003885003885,0.13613053613053613,0.5444375388440026,2.177411785246213,1.0,0.07361110960178562,1.6462312282230431,0.7210228745739876,0.3740392826643895,0.3925519192832898,0.5444375388440026,Dept_40,Dept_38
frozenset({'Dept_38'}),frozenset({'Dept_40'}),0.25003885003885,0.25003885003885,0.13613053613053613,0.5444375388440026,2.177411785246213,1.0,0.07361110960178562,1.6462312282230431,0.7210228745739876,0.3740392826643895,0.3925519192832898,0.5444375388440026,Dept_38,Dept_40
frozenset({'Dept_11'}),frozenset({'Dept_95'}),0.25003885003885,0.25003885003885,0.13581973581973583,0.5431945307644501,2.1724405254625463,1.0,0.07330030929098531,1.6417516874659739,0.7196215484205027,0.3728668941979523,0.390894489322262,0.5431945307644501,Dept_11,Dept_95
frozenset({'Dept_95'}),frozenset({'Dept_11'}),0.25003885003885,0.25003885003885,0.13581973581973583,0.5431945307644501,2.1724405254625463,1.0,0.07330030929098531,1.6417516874659739,0.7196215484205027,0.3728668941979523,0.390894489322262,0.5431945307644501,Dept_95,Dept_11
frozenset({'Dept_7'}),frozenset({'Dept_97'}),0.25003885003885,0.24382284382284383,0.1324009324009324,0.5295214418893723,2.1717466402537355,1.0,0.0714357489182664,1.6072510492589756,0.7194254420013658,0.3662940670679278,0.37781966267121064,0.5362712371970761,Dept_7,Dept_97
frozenset({'Dept_97'}),frozenset({'Dept_7'}),0.24382284382284383,0.25003885003885,0.1324009324009324,0.5430210325047801,2.171746640253735,1.0,0.0714357489182664,1.6411283741827676,0.7135115460539646,0.3662940670679278,0.3906631463257894,0.5362712371970761,Dept_97,Dept_7
frozenset({'Dept_93'}),frozenset({'Dept_11'}),0.22968142968142968,0.25003885003885,0.12432012432012432,0.5412719891745602,2.1647515539703512,1.0,0.06689084376730065,1.6348710614197342,0.6984814403873311,0.3498032356799301,0.38833096774519166,0.5192376104977836,Dept_93,Dept_11
frozenset({'Dept_11'}),frozenset({'Dept_93'}),0.25003885003885,0.22968142968142968,0.12432012432012432,0.4972032318210069,2.1647515539703512,1.0,0.06689084376730065,1.5320674655656117,0.7174414629092415,0.3498032356799301,0.347287229527573,0.5192376104977836,Dept_11,Dept_93
frozenset({'Dept_9'}),frozenset({'Dept_74'}),0.24677544677544677,0.24972804972804974,0.13302253302253303,0.5390428211586902,2.158519324303778,1.0,0.07139578197853257,1.6276391489506243,0.7125623518931645,0.3659683625480975,0.3856132050861995,0.5358561958935952,Dept_9,Dept_74
frozenset({'Dept_74'}),frozenset({'Dept_9'}),0.24972804972804974,0.24677544677544677,0.13302253302253303,0.5326695706285003,2.158519324303778,1.0,0.07139578197853257,1.6117601292035377,0.7153665533608469,0.3659683625480975,0.37956028202896624,0.5358561958935952,Dept_74,Dept_9
frozenset({'Dept_38'}),frozenset({'Dept_93'}),0.25003885003885,0.22968142968142968,0.1236985236985237,0.49471721566190185,2.1539277962004997,1.0,0.06626924314570004,1.5245296182565558,0.7143461818000072,0.34744652989960717,0.34405997231880947,0.5166414224452947,Dept_38,Dept_93
frozenset({'Dept_93'}),frozenset({'Dept_38'}),0.22968142968142968,0.25003885003885,0.1236985236985237,0.5385656292286874,2.1539277962004997,1.0,0.06626924314570004,1.6252823748424925,0.6954679591218147,0.34744652989960717,0.3847223008882312,0.5166414224452947,Dept_93,Dept_38
frozenset({'Dept_93'}),frozenset({'Dept_1'}),0.22968142968142968,0.25003885003885,0.12323232323232323,0.5365358592692828,2.145809977873111,1.0,0.06580304267949957,1.6181643498431821,0.6931878976346646,0.3456843940714909,0.3820158007455108,0.514694281405928,Dept_93,Dept_1
frozenset({'Dept_1'}),frozenset({'Dept_93'}),0.25003885003885,0.22968142968142968,0.12323232323232323,0.4928527035425731,2.145809977873111,1.0,0.06580304267949957,1.5189247299541422,0.7120042288800316,0.3456843940714909,0.3416395294122368,0.514694281405928,Dept_1,Dept_93
frozenset({'Dept_92'}),frozenset({'Dept_1'}),0.25003885003885,0.25003885003885,0.1341103341103341,0.5363579863269111,2.1450985966523763,1.0,0.07159090758158358,1.6175435526641961,0.7117981539738161,0.3664543524416136,0.3817786245366086,0.5363579863269111,Dept_92,Dept_1
frozenset({'Dept_1'}),frozenset({'Dept_92'}),0.25003885003885,0.25003885003885,0.1341103341103341,0.5363579863269111,2.1450985966523763,1.0,0.07159090758158358,1.6175435526641961,0.7117981539738161,0.3664543524416136,0.3817786245366086,0.5363579863269111,Dept_1,Dept_92
frozenset({'Dept_9'}),frozenset({'Dept_14'}),0.24677544677544677,0.25003885003885,0.13224553224553223,0.5358942065491183,2.1432437657822105,1.0,0.07054208331597608,1.615927145370836,0.7081786085472813,0.3627450980392157,0.3811602194661369,0.5323970721993572,Dept_9,Dept_14
frozenset({'Dept_14'}),frozenset({'Dept_9'}),0.25003885003885,0.24677544677544677,0.13224553224553223,0.528899937849596,2.1432437657822105,1.0,0.07054208331597608,1.5988632007101662,0.711260198016716,0.3627450980392157,0.37455562204707044,0.5323970721993572,Dept_14,Dept_9
frozenset({'Dept_91'}),frozenset({'Dept_7'}),0.25003885003885,0.25003885003885,0.1337995337995338,0.5351149782473587,2.1401273368687095,1.0,0.07128010727078328,1.6132185699030621,0.7103542416633095,0.36529486635553676,0.3801211945755808,0.5351149782473587,Dept_91,Dept_7
frozenset({'Dept_7'}),frozenset({'Dept_91'}),0.25003885003885,0.25003885003885,0.1337995337995338,0.5351149782473587,2.1401273368687095,1.0,0.07128010727078328,1.6132185699030621,0.7103542416633095,0.36529486635553676,0.3801211945755808,0.5351149782473587,Dept_7,Dept_91
frozenset({'Dept_93'}),frozenset({'Dept_72'}),0.22968142968142968,0.23356643356643356,0.11468531468531469,0.4993234100135318,2.137821785387277,1.0,0.06103944229818356,1.5307956907956906,0.6909273409861394,0.3290236290682122,0.34674496014539286,0.49517068704269407,Dept_93,Dept_72
frozenset({'Dept_72'}),frozenset({'Dept_93'}),0.23356643356643356,0.22968142968142968,0.11468531468531469,0.4910179640718563,2.137821785387277,1.0,0.06103944229818356,1.513449426390603,0.694429608529662,0.3290236290682122,0.3392577362925954,0.49517068704269407,Dept_72,Dept_93
frozenset({'Dept_81'}),frozenset({'Dept_38'}),0.25003885003885,0.25003885003885,0.1334887334887335,0.5338719701678062,2.135156077085042,1.0,0.07096930695998298,1.6089166537166542,0.7089036056633478,0.36413734633319206,0.378463764614553,0.5338719701678062,Dept_81,Dept_38
frozenset({'Dept_38'}),frozenset({'Dept_81'}),0.25003885003885,0.25003885003885,0.1334887334887335,0.5338719701678062,2.135156077085042,1.0,0.07096930695998298,1.6089166537166542,0.7089036056633478,0.36413734633319206,0.378463764614553,0.5338719701678062,Dept_38,Dept_81
frozenset({'Dept_11'}),frozenset({'Dept_97'}),0.25003885003885,0.24382284382284383,0.12991452991452992,0.5195773772529523,2.1309626657888767,1.0,0.06894934643186393,1.5739832397012221,0.7076746867545611,0.3569598633646456,0.3646692196101003,0.5262004158412626,Dept_11,Dept_97
frozenset({'Dept_97'}),frozenset({'Dept_11'}),0.24382284382284383,0.25003885003885,0.12991452991452992,0.532823454429573,2.1309626657888767,1.0,0.06894934643186393,1.605305653873185,0.7018573855892956,0.3569598633646456,0.37706567120893125,0.5262004158412626,Dept_97,Dept_11
frozenset({'Dept_9'}),frozenset({'Dept_1'}),0.24677544677544677,0.25003885003885,0.131002331002331,0.5308564231738035,2.1230957632836707,1.0,0.06929888207277485,1.5985749075681963,0.7023001105476454,0.35811384876805435,0.37444282700443965,0.5273921643525947,Dept_9,Dept_1
frozenset({'Dept_1'}),frozenset({'Dept_9'}),0.25003885003885,0.24677544677544677,0.131002331002331,0.523927905531386,2.1230957632836707,1.0,0.06929888207277485,1.582164890519982,0.7053561201459669,0.35811384876805435,0.3679546259736887,0.5273921643525947,Dept_1,Dept_9
frozenset({'Dept_90'}),frozenset({'Dept_1'}),0.25003885003885,0.25003885003885,0.13224553224553223,0.528899937849596,2.1152710379503734,1.0,0.06972610571678171,1.5919360030177974,0.7030328766576267,0.3595268272074356,0.3718340447704414,0.528899937849596,Dept_90,Dept_1
frozenset({'Dept_1'}),frozenset({'Dept_90'}),0.25003885003885,0.25003885003885,0.13224553224553223,0.528899937849596,2.1152710379503734,1.0,0.06972610571678171,1.5919360030177974,0.7030328766576267,0.3595268272074356,0.3718340447704414,0.528899937849596,Dept_1,Dept_90
frozenset({'Dept_9'}),frozenset({'Dept_23'}),0.24677544677544677,0.22424242424242424,0.11686091686091686,0.473551637279597,2.1117843284090134,1.0,0.061523392432483344,1.4735682180658256,0.6989506560320269,0.3299692847740237,0.3213751574307305,0.497344079208059,Dept_9,Dept_23
frozenset({'Dept_23'}),frozenset({'Dept_9'}),0.22424242424242424,0.24677544677544677,0.11686091686091686,0.5211365211365211,2.1117843284090134,1.0,0.061523392432483344,1.572942156733763,0.6786486037234043,0.3299692847740237,0.36424871333061964,0.497344079208059,Dept_23,Dept_9
frozenset({'Dept_11'}),frozenset({'Dept_1'}),0.25003885003885,0.25003885003885,0.1317793317793318,0.5270354257302674,2.107814148274873,1.0,0.06925990525058127,1.5856603026116831,0.700802795783844,0.3578059071729959,0.3693478998288999,0.5270354257302674,Dept_11,Dept_1
frozenset({'Dept_1'}),frozenset({'Dept_11'}),0.25003885003885,0.25003885003885,0.1317793317793318,0.5270354257302674,2.107814148274873,1.0,0.06925990525058127,1.5856603026116831,0.700802795783844,0.3578059071729959,0.3693478998288999,0.5270354257302674,Dept_1,Dept_11
frozenset({'Dept_38'}),frozenset({'Dept_95'}),0.25003885003885,0.25003885003885,0.13115773115773116,0.5245494095711623,2.0978716287075385,1.0,0.06863830462898064,1.5773692683496607,0.69780469337691,0.3555181128896378,0.366033039906844,0.5245494095711623,Dept_38,Dept_95
frozenset({'Dept_95'}),frozenset({'Dept_38'}),0.25003885003885,0.25003885003885,0.13115773115773116,0.5245494095711623,2.0978716287075385,1.0,0.06863830462898064,1.5773692683496607,0.69780469337691,0.3555181128896378,0.366033039906844,0.5245494095711623,Dept_95,Dept_38
frozenset({'Dept_93'}),frozenset({'Dept_9'}),0.22968142968142968,0.24677544677544677,0.11872571872571873,0.516914749661705,2.094676583169441,1.0,0.06204598130006056,1.5591959239018063,0.67841975016556,0.33188531711555175,0.3586437825609804,0.49901153100213713,Dept_93,Dept_9
frozenset({'Dept_9'}),frozenset({'Dept_93'}),0.24677544677544677,0.22968142968142968,0.11872571872571873,0.4811083123425693,2.0946765831694405,1.0,0.06204598130006056,1.4845459826042349,0.6938161133836767,0.33188531711555175,0.32639338106202004,0.49901153100213713,Dept_9,Dept_93
frozenset({'Dept_1'}),frozenset({'Dept_74'}),0.25003885003885,0.24972804972804974,0.1303807303807304,0.521441889372281,2.0880389285069247,1.0,0.06793901600428409,1.5677760623215171,0.6948116257439466,0.3529659234328987,0.36215380242556505,0.5217663709462526,Dept_1,Dept_74
frozenset({'Dept_74'}),frozenset({'Dept_1'}),0.24972804972804974,0.25003885003885,0.1303807303807304,0.522090852520224,2.0880389285069247,1.0,0.06793901600428409,1.569254645817146,0.6945237998840694,0.3529659234328987,0.3627547940256199,0.5217663709462526,Dept_74,Dept_1
frozenset({'Dept_11'}),frozenset({'Dept_16'}),0.25003885003885,0.24988344988344988,0.1303807303807304,0.521441889372281,2.086740396834968,1.0,0.06790015992813198,1.5674513365422458,0.6944142450483007,0.3528174936921784,0.3620216610960489,0.5216040292632549,Dept_11,Dept_16
frozenset({'Dept_16'}),frozenset({'Dept_11'}),0.24988344988344988,0.25003885003885,0.1303807303807304,0.5217661691542289,2.086740396834968,1.0,0.06790015992813198,1.568189244652184,0.6942703846287755,0.3528174936921784,0.36232186044497783,0.5216040292632549,Dept_16,Dept_11
frozenset({'Dept_1'}),frozenset({'Dept_91'}),0.25003885003885,0.25003885003885,0.13022533022533023,0.5208203853325047,2.082957849356537,1.0,0.06770590369657971,1.56509402112515,0.6932538744489625,0.35210084033613454,0.3610607500237605,0.5208203853325047,Dept_1,Dept_91
frozenset({'Dept_91'}),frozenset({'Dept_1'}),0.25003885003885,0.25003885003885,0.13022533022533023,0.5208203853325047,2.082957849356537,1.0,0.06770590369657971,1.56509402112515,0.6932538744489625,0.35210084033613454,0.3610607500237605,0.5208203853325047,Dept_91,Dept_1
frozenset({'Dept_93'}),frozenset({'Dept_14'}),0.22968142968142968,0.25003885003885,0.1195027195027195,0.520297699594046,2.0808674312540005,1.0,0.06207343894989583,1.5633886877892522,0.6743069723418539,0.33175150992234687,0.36036379960374765,0.49911715309099447,Dept_93,Dept_14
frozenset({'Dept_14'}),frozenset({'Dept_93'}),0.25003885003885,0.22968142968142968,0.1195027195027195,0.47793660658794285,2.080867431254,1.0,0.06207343894989583,1.4755268805268809,0.6926107877949791,0.33175150992234687,0.32227598615965547,0.49911715309099447,Dept_14,Dept_93
frozenset({'Dept_11'}),frozenset({'Dept_94'}),0.25003885003885,0.21787101787101787,0.11328671328671329,0.45307644499689254,2.0795627129493606,1.0,0.05881049452145024,1.4300517411881046,0.6922087549322741,0.31945661700262934,0.30072460233558584,0.48652395716321095,Dept_11,Dept_94
frozenset({'Dept_94'}),frozenset({'Dept_11'}),0.21787101787101787,0.25003885003885,0.11328671328671329,0.5199714693295293,2.0795627129493606,1.0,0.05881049452145024,1.5623261994733024,0.6637392114649624,0.31945661700262934,0.3599288033848987,0.48652395716321095,Dept_94,Dept_11
frozenset({'Dept_94'}),frozenset({'Dept_1'}),0.21787101787101787,0.25003885003885,0.11313131313131314,0.5192582025677603,2.076710089200459,1.0,0.05865509436605009,1.5600082080794249,0.6628946753623887,0.3188786684187473,0.3589777317703145,0.48585657176243835,Dept_94,Dept_1
frozenset({'Dept_1'}),frozenset({'Dept_94'}),0.25003885003885,0.21787101787101787,0.11313131313131314,0.4524549409571163,2.076710089200459,1.0,0.05865509436605009,1.4284285269529313,0.6913279944257981,0.3188786684187473,0.2999299712018763,0.48585657176243835,Dept_1,Dept_94
frozenset({'Dept_93'}),frozenset({'Dept_5'}),0.22968142968142968,0.2466200466200466,0.11748251748251748,0.5115020297699594,2.0740488730747884,1.0,0.06083847258672433,1.542237633096359,0.672256004816021,0.3274144651364227,0.3515914937231206,0.4939362700834674,Dept_93,Dept_5
frozenset({'Dept_5'}),frozenset({'Dept_93'}),0.2466200466200466,0.22968142968142968,0.11748251748251748,0.4763705103969754,2.074048873074788,1.0,0.06083847258672433,1.4711138039657896,0.6873706715909687,0.3274144651364227,0.32024293613163946,0.4939362700834674,Dept_5,Dept_93
frozenset({'Dept_10'}),frozenset({'Dept_34'}),0.25003885003885,0.20683760683760682,0.10691530691530692,0.42759477936606594,2.0672970737946166,1.0,0.05519786955684392,1.3856658964150823,0.6884044396148767,0.30550621669627004,0.2783253145024754,0.47224968119317573,Dept_10,Dept_34
frozenset({'Dept_34'}),frozenset({'Dept_10'}),0.20683760683760682,0.25003885003885,0.10691530691530692,0.5169045830202855,2.067297073794616,1.0,0.05519786955684392,1.5524079169491303,0.6509090567361668,0.30550621669627004,0.3558394098084412,0.47224968119317573,Dept_34,Dept_10
frozenset({'Dept_97'}),frozenset({'Dept_38'}),0.24382284382284383,0.25003885003885,0.12602952602952602,0.5168897386870618,2.0672377056875346,1.0,0.06506434254686003,1.552360216740164,0.6827271745922663,0.3426277989015631,0.35581961633884013,0.5104647574728037,Dept_97,Dept_38
frozenset({'Dept_38'}),frozenset({'Dept_97'}),0.25003885003885,0.24382284382284383,0.12602952602952602,0.5040397762585457,2.067237705687534,1.0,0.06506434254686003,1.5246729878308827,0.6883859161968436,0.3426277989015631,0.344121652327115,0.5104647574728037,Dept_38,Dept_97
frozenset({'Dept_9'}),frozenset({'Dept_97'}),0.24677544677544677,0.24382284382284383,0.12432012432012432,0.5037783375314862,2.0661654569886,1.0,0.06415063310168205,1.5238697005194468,0.6850701464823602,0.33941450997030115,0.34377591492295795,0.5068286206459216,Dept_9,Dept_97
frozenset({'Dept_97'}),frozenset({'Dept_9'}),0.24382284382284383,0.24677544677544677,0.12432012432012432,0.5098789037603569,2.0661654569886,1.0,0.06415063310168205,1.5368131651616697,0.6823951911220715,0.33941450997030115,0.349302815287373,0.5068286206459216,Dept_97,Dept_9
frozenset({'Dept_4'}),frozenset({'Dept_87'}),0.25003885003885,0.24832944832944834,0.1282051282051282,0.5127408328154133,2.0647604875889765,1.0,0.06611311851405091,1.542650405150405,0.6876120508859836,0.34634760705289674,0.35176499052453675,0.5145055853689081,Dept_4,Dept_87
frozenset({'Dept_87'}),frozenset({'Dept_4'}),0.24832944832944834,0.25003885003885,0.1282051282051282,0.516270337922403,2.0647604875889765,1.0,0.06611311851405091,1.5503724678368922,0.6860483269745209,0.34634760705289674,0.35499370587042334,0.5145055853689081,Dept_87,Dept_4
frozenset({'Dept_38'}),frozenset({'Dept_91'}),0.25003885003885,0.25003885003885,0.12882672882672883,0.5152268489745184,2.060587180330035,1.0,0.06630730229797831,1.5470352439583213,0.6863041316711801,0.3470071159480955,0.3536023151991351,0.5152268489745184,Dept_38,Dept_91
frozenset({'Dept_92'}),frozenset({'Dept_38'}),0.25003885003885,0.25003885003885,0.12882672882672883,0.5152268489745184,2.060587180330035,1.0,0.06630730229797831,1.5470352439583213,0.6863041316711801,0.3470071159480955,0.3536023151991351,0.5152268489745184,Dept_92,Dept_38
frozenset({'Dept_38'}),frozenset({'Dept_92'}),0.25003885003885,0.25003885003885,0.12882672882672883,0.5152268489745184,2.060587180330035,1.0,0.06630730229797831,1.5470352439583213,0.6863041316711801,0.3470071159480955,0.3536023151991351,0.5152268489745184,Dept_38,Dept_92
frozenset({'Dept_91'}),frozenset({'Dept_38'}),0.25003885003885,0.25003885003885,0.12882672882672883,0.5152268489745184,2.060587180330035,1.0,0.06630730229797831,1.5470352439583213,0.6863041316711801,0.3470071159480955,0.3536023151991351,0.5152268489745184,Dept_91,Dept_38
frozenset({'Dept_9'}),frozenset({'Dept_72'}),0.24677544677544677,0.23356643356643356,0.11872571872571873,0.4811083123425693,2.059834989969683,1.0,0.06108725773061438,1.4770588634666304,0.6830953890623769,0.32831972496776973,0.3229789111768924,0.49471250613801787,Dept_9,Dept_72
frozenset({'Dept_72'}),frozenset({'Dept_9'}),0.23356643356643356,0.24677544677544677,0.11872571872571873,0.5083166999334664,2.0598349899696826,1.0,0.06108725773061438,1.5319303159627922,0.6713226583100853,0.32831972496776973,0.3472287939079547,0.49471250613801787,Dept_72,Dept_9
frozenset({'Dept_46'}),frozenset({'Dept_81'}),0.25003885003885,0.25003885003885,0.1278943278943279,0.5114978247358608,2.0456734009790334,1.0,0.06537490136557737,1.5352258146151279,0.6815865258001541,0.3436325678496869,0.3486300253160514,0.5114978247358608,Dept_46,Dept_81
frozenset({'Dept_81'}),frozenset({'Dept_46'}),0.25003885003885,0.25003885003885,0.1278943278943279,0.5114978247358608,2.0456734009790334,1.0,0.06537490136557737,1.5352258146151279,0.6815865258001541,0.3436325678496869,0.3486300253160514,0.5114978247358608,Dept_81,Dept_46
frozenset({'Dept_74'}),frozenset({'Dept_93'}),0.24972804972804974,0.22968142968142968,0.11732711732711733,0.4698195395146235,2.0455268855051436,1.0,0.059969221834023693,1.4529365522323268,0.6812575099996159,0.3240343347639485,0.3117387001768413,0.49032248964905734,Dept_74,Dept_93
frozenset({'Dept_93'}),frozenset({'Dept_74'}),0.22968142968142968,0.24972804972804974,0.11732711732711733,0.5108254397834912,2.045526885505143,1.0,0.059969221834023693,1.5337509578173476,0.6635285975949455,0.3240343347639485,0.3480036671513599,0.49032248964905734,Dept_93,Dept_74
frozenset({'Dept_81'}),frozenset({'Dept_7'}),0.25003885003885,0.25003885003885,0.1275835275835276,0.5102548166563083,2.0407021411953665,1.0,0.06506410105477707,1.5313293023952927,0.6799986673888344,0.34251147267417614,0.34697259535502367,0.5102548166563083,Dept_81,Dept_7
frozenset({'Dept_7'}),frozenset({'Dept_81'}),0.25003885003885,0.25003885003885,0.1275835275835276,0.5102548166563083,2.0407021411953665,1.0,0.06506410105477707,1.5313293023952927,0.6799986673888344,0.34251147267417614,0.34697259535502367,0.5102548166563083,Dept_7,Dept_81
frozenset({'Dept_94'}),frozenset({'Dept_38'}),0.21787101787101787,0.25003885003885,0.1111111111111111,0.5099857346647646,2.039625980464736,1.0,0.05663489234584806,1.5304884021041227,0.6517007332028195,0.311411149825784,0.3466138007807211,0.47718056155239474,Dept_94,Dept_38
frozenset({'Dept_38'}),frozenset({'Dept_94'}),0.25003885003885,0.21787101787101787,0.1111111111111111,0.4443753884400249,2.039625980464736,1.0,0.05663489234584806,1.407657194905517,0.6796539142581414,0.311411149825784,0.28959976646365193,0.47718056155239474,Dept_38,Dept_94
frozenset({'Dept_9'}),frozenset({'Dept_81'}),0.24677544677544677,0.25003885003885,0.12571872571872572,0.5094458438287154,2.037466752664875,1.0,0.06401527678916957,1.528803987340573,0.6760194459738711,0.3387772194304858,0.34589390904222617,0.5061213060038543,Dept_9,Dept_81
frozenset({'Dept_81'}),frozenset({'Dept_9'}),0.25003885003885,0.24677544677544677,0.12571872571872572,0.5027967681789932,2.037466752664875,1.0,0.06401527678916957,1.5149228826728827,0.6789610971063723,0.3387772194304858,0.3399003926618159,0.5061213060038543,Dept_81,Dept_9
frozenset({'Dept_38'}),frozenset({'Dept_13'}),0.25003885003885,0.25003885003885,0.12727272727272726,0.5090118085767558,2.035730881411699,1.0,0.06475330074397674,1.5274525193512538,0.6784030538692785,0.34139224676948726,0.3453151653939957,0.5090118085767558,Dept_38,Dept_13
frozenset({'Dept_13'}),frozenset({'Dept_38'}),0.25003885003885,0.25003885003885,0.12727272727272726,0.5090118085767558,2.035730881411699,1.0,0.06475330074397674,1.5274525193512538,0.6784030538692785,0.34139224676948726,0.3453151653939957,0.5090118085767558,Dept_13,Dept_38
frozenset({'Dept_92'}),frozenset({'Dept_72'}),0.25003885003885,0.23356643356643356,0.11888111888111888,0.4754505904288378,2.035611809321072,1.0,0.06048043642449238,1.4611274980943225,0.6783647400112137,0.32594801874733703,0.3155970294828815,0.4922163131784908,Dept_92,Dept_72
frozenset({'Dept_72'}),frozenset({'Dept_92'}),0.23356643356643356,0.25003885003885,0.11888111888111888,0.5089820359281437,2.035611809321072,1.0,0.06048043642449238,1.5273599029696592,0.6637851247554984,0.32594801874733703,0.3452754664727735,0.4922163131784908,Dept_72,Dept_92
frozenset({'Dept_82'}),frozenset({'Dept_87'}),0.25003885003885,0.24832944832944834,0.1261849261849262,0.504661280298322,2.0322248677845445,1.0,0.0640929164938489,1.517487976961001,0.6772730427752792,0.33903966597077245,0.3410161957245611,0.5063982246297618,Dept_82,Dept_87
frozenset({'Dept_87'}),frozenset({'Dept_82'}),0.24832944832944834,0.25003885003885,0.1261849261849262,0.5081351689612015,2.0322248677845445,1.0,0.0640929164938489,1.5247301751118545,0.6757328311832743,0.33903966597077245,0.34414625202348353,0.5063982246297618,Dept_87,Dept_82
frozenset({'Dept_95'}),frozenset({'Dept_74'}),0.25003885003885,0.24972804972804974,0.12680652680652682,0.5071472964574271,2.030798290419131,1.0,0.06436481243008052,1.5223046254572108,0.6768121307785444,0.3400000000000001,0.3431012536668482,0.5074628828273445,Dept_95,Dept_74
frozenset({'Dept_74'}),frozenset({'Dept_95'}),0.24972804972804974,0.25003885003885,0.12680652680652682,0.507778469197262,2.030798290419131,1.0,0.06436481243008052,1.5236252439792264,0.6765317612131847,0.3400000000000001,0.3436706277008663,0.5074628828273445,Dept_74,Dept_95
frozenset({'Dept_38'}),frozenset({'Dept_82'}),0.25003885003885,0.25003885003885,0.12696192696192696,0.5077688004972033,2.030759621628032,1.0,0.06444250043317644,1.5235953160195588,0.6767996282884275,0.3402748854643899,0.3436577354329679,0.5077688004972033,Dept_38,Dept_82
frozenset({'Dept_82'}),frozenset({'Dept_38'}),0.25003885003885,0.25003885003885,0.12696192696192696,0.5077688004972033,2.030759621628032,1.0,0.06444250043317644,1.5235953160195588,0.6767996282884275,0.3402748854643899,0.3436577354329679,0.5077688004972033,Dept_82,Dept_38
frozenset({'Dept_92'}),frozenset({'Dept_11'}),0.25003885003885,0.25003885003885,0.12680652680652682,0.5071472964574271,2.0282739917361985,1.0,0.0642871002777763,1.521674010450808,0.675994968024508,0.3397169025811824,0.34282902045245406,0.5071472964574271,Dept_92,Dept_11
frozenset({'Dept_11'}),frozenset({'Dept_92'}),0.25003885003885,0.25003885003885,0.12680652680652682,0.5071472964574271,2.0282739917361985,1.0,0.0642871002777763,1.521674010450808,0.675994968024508,0.3397169025811824,0.34282902045245406,0.5071472964574271,Dept_11,Dept_92
frozenset({'Dept_81'}),frozenset({'Dept_87'}),0.25003885003885,0.24832944832944834,0.12556332556332556,0.502175264139217,2.022213907844719,1.0,0.06347131587224827,1.5099100095354778,0.6740248776224493,0.33680700291788246,0.33770887424764545,0.5039036520946398,Dept_81,Dept_87
frozenset({'Dept_87'}),frozenset({'Dept_81'}),0.24832944832944834,0.25003885003885,0.12556332556332556,0.5056320400500626,2.022213907844719,1.0,0.06347131587224827,1.5170100223264782,0.6724920528025514,0.33680700291788246,0.3408085739167328,0.5039036520946398,Dept_87,Dept_81
frozenset({'Dept_87'}),frozenset({'Dept_72'}),0.24832944832944834,0.23356643356643356,0.11670551670551671,0.46996245306633294,2.012114694266036,1.0,0.05870409310968752,1.4459986294697038,0.6691900290344045,0.3195744680851064,0.30843641230370084,0.48481489253449717,Dept_87,Dept_72
frozenset({'Dept_72'}),frozenset({'Dept_87'}),0.23356643356643356,0.24832944832944834,0.11670551670551671,0.4996673320026614,2.012114694266036,1.0,0.05870409310968752,1.5023415414372863,0.6563001156608708,0.3195744680851064,0.33437239641040445,0.48481489253449717,Dept_72,Dept_87
frozenset({'Dept_90'}),frozenset({'Dept_11'}),0.25003885003885,0.25003885003885,0.12571872571872572,0.5027967681789932,2.010874582493363,1.0,0.0631992991899752,1.5083593628593632,0.670306646579073,0.33582399335824,0.3370280155888565,0.5027967681789932,Dept_90,Dept_11
frozenset({'Dept_11'}),frozenset({'Dept_90'}),0.25003885003885,0.25003885003885,0.12571872571872572,0.5027967681789932,2.010874582493363,1.0,0.0631992991899752,1.5083593628593632,0.670306646579073,0.33582399335824,0.3370280155888565,0.5027967681789932,Dept_11,Dept_90
frozenset({'Dept_5'}),frozenset({'Dept_92'}),0.2466200466200466,0.25003885003885,0.12385392385392385,0.5022054190296157,2.0085095534217383,1.0,0.06218933100051982,1.5065675253017028,0.6664875709653776,0.33222175906627766,0.33623950921168194,0.4987720693656469,Dept_5,Dept_92
frozenset({'Dept_92'}),frozenset({'Dept_5'}),0.25003885003885,0.2466200466200466,0.12385392385392385,0.4953387197016781,2.0085095534217383,1.0,0.06218933100051982,1.4928427893945138,0.669525848329911,0.33222175906627766,0.33013710009907143,0.4987720693656469,Dept_92,Dept_5
frozenset({'Dept_34'}),frozenset({'Dept_4'}),0.20683760683760682,0.25003885003885,0.10380730380730381,0.501878287002254,2.0072012286261685,1.0,0.05208986644884082,1.505578115532867,0.6326495715465621,0.2940140845070423,0.33580331058008794,0.4585214927863974,Dept_34,Dept_4
frozenset({'Dept_4'}),frozenset({'Dept_34'}),0.25003885003885,0.20683760683760682,0.10380730380730381,0.4151646985705408,2.0072012286261685,1.0,0.05208986644884082,1.356214974068322,0.6690931233264924,0.2940140845070423,0.26265376867191026,0.4585214927863974,Dept_4,Dept_34
frozenset({'Dept_95'}),frozenset({'Dept_1'}),0.25003885003885,0.25003885003885,0.12540792540792542,0.5015537600994407,2.0059033227096963,1.0,0.0628884988791749,1.5045978681888912,0.6686632865863399,0.3347158855246787,0.3353705856278287,0.5015537600994407,Dept_95,Dept_1
frozenset({'Dept_1'}),frozenset({'Dept_95'}),0.25003885003885,0.25003885003885,0.12540792540792542,0.5015537600994407,2.0059033227096963,1.0,0.0628884988791749,1.5045978681888912,0.6686632865863399,0.3347158855246787,0.3353705856278287,0.5015537600994407,Dept_1,Dept_95
frozenset({'Dept_9'}),frozenset({'Dept_92'}),0.24677544677544677,0.25003885003885,0.1236985236985237,0.5012594458438288,2.0047262486047472,1.0,0.061995074768967554,1.5037099824978615,0.6653776412493664,0.3315285297792587,0.3349781462919681,0.4979883307528653,Dept_9,Dept_92
frozenset({'Dept_92'}),frozenset({'Dept_9'}),0.25003885003885,0.24677544677544677,0.1236985236985237,0.49471721566190185,2.0047262486047472,1.0,0.061995074768967554,1.490699023540352,0.6682729853161372,0.3315285297792587,0.32917377404257037,0.4979883307528653,Dept_92,Dept_9
frozenset({'Dept_5'}),frozenset({'Dept_9'}),0.2466200466200466,0.24677544677544677,0.12152292152292152,0.4927536231884058,1.9967692476180048,1.0,0.06066314933447801,1.4849284049284048,0.6626019219569016,0.32678646050982035,0.3265668589266333,0.49259847406271673,Dept_5,Dept_9
frozenset({'Dept_9'}),frozenset({'Dept_5'}),0.24677544677544677,0.2466200466200466,0.12152292152292152,0.4924433249370277,1.9967692476180046,1.0,0.06066314933447801,1.4843267567833325,0.6627386254687557,0.32678646050982035,0.32629389355812155,0.49259847406271673,Dept_9,Dept_5
frozenset({'Dept_90'}),frozenset({'Dept_38'}),0.25003885003885,0.25003885003885,0.12478632478632479,0.49906774394033565,1.995960803142362,1.0,0.06226689825757427,1.4971308812499884,0.6653520082946309,0.3325051759834369,0.33205572570577285,0.49906774394033565,Dept_90,Dept_38
frozenset({'Dept_38'}),frozenset({'Dept_90'}),0.25003885003885,0.25003885003885,0.12478632478632479,0.49906774394033565,1.995960803142362,1.0,0.06226689825757427,1.4971308812499884,0.6653520082946309,0.3325051759834369,0.33205572570577285,0.49906774394033565,Dept_38,Dept_90
frozenset({'Dept_72'}),frozenset({'Dept_95'}),0.23356643356643356,0.25003885003885,0.1163947163947164,0.49833666001330673,1.9930369218058603,1.0,0.05799403393808989,1.4949490827474916,0.6500930681297693,0.3169699534490055,0.3310808966402049,0.4819215929028622,Dept_72,Dept_95
frozenset({'Dept_95'}),frozenset({'Dept_72'}),0.25003885003885,0.23356643356643356,0.1163947163947164,0.4655065257924177,1.9930369218058603,1.0,0.05799403393808989,1.4339437306879168,0.6643719461284752,0.3169699534490055,0.3026225655868224,0.4819215929028622,Dept_95,Dept_72
frozenset({'Dept_9'}),frozenset({'Dept_94'}),0.24677544677544677,0.21787101787101787,0.10707070707070707,0.4338790931989924,1.9914493329069303,1.0,0.053305489296165284,1.3815582020253876,0.6609624614809694,0.2994350282485876,0.2761796075373567,0.46265994602888283,Dept_9,Dept_94
frozenset({'Dept_94'}),frozenset({'Dept_9'}),0.21787101787101787,0.24677544677544677,0.10707070707070707,0.4914407988587732,1.9914493329069303,1.0,0.053305489296165284,1.4810951242928803,0.6365358733952432,0.2994350282485876,0.3248239200858687,0.46265994602888283,Dept_94,Dept_9
frozenset({'Dept_11'}),frozenset({'Dept_91'}),0.25003885003885,0.25003885003885,0.12416472416472417,0.49658172778123066,1.9860182835750277,1.0,0.06164529763597365,1.4897376423302353,0.6620075757772228,0.3303017775940472,0.3287408657837172,0.49658172778123066,Dept_11,Dept_91
frozenset({'Dept_91'}),frozenset({'Dept_11'}),0.25003885003885,0.25003885003885,0.12416472416472417,0.49658172778123066,1.9860182835750277,1.0,0.06164529763597365,1.4897376423302353,0.6620075757772228,0.3303017775940472,0.3287408657837172,0.49658172778123066,Dept_91,Dept_11
frozenset({'Dept_94'}),frozenset({'Dept_74'}),0.21787101787101787,0.24972804972804974,0.108003108003108,0.49572039942938656,1.985040927397699,1.0,0.053594603617913635,1.4878094402846878,0.634463190425208,0.3003457216940363,0.32787091348966496,0.4641016433985763,Dept_94,Dept_74
frozenset({'Dept_74'}),frozenset({'Dept_94'}),0.24972804972804974,0.21787101787101787,0.108003108003108,0.43248288736776597,1.985040927397699,1.0,0.053594603617913635,1.3781592919750811,0.6614029075000148,0.3003457216940363,0.2743944725236587,0.4641016433985763,Dept_74,Dept_94
frozenset({'Dept_72'}),frozenset({'Dept_38'}),0.23356643356643356,0.25003885003885,0.11577311577311578,0.4956753160345975,1.9823931999270574,1.0,0.05737243331648927,1.4870601693820693,0.6465781609758489,0.3147444021968737,0.3275322541820628,0.47934791283395506,Dept_72,Dept_38
frozenset({'Dept_38'}),frozenset({'Dept_72'}),0.25003885003885,0.23356643356643356,0.11577311577311578,0.46302050963331265,1.9823931999270572,1.0,0.05737243331648927,1.4273051023051024,0.66077983628945,0.3147444021968737,0.2993789496128076,0.47934791283395506,Dept_38,Dept_72
frozenset({'Dept_13'}),frozenset({'Dept_9'}),0.25003885003885,0.24677544677544677,0.12198912198912198,0.487880671224363,1.9770227451692544,1.0,0.060285673059565836,1.4707989152163912,0.6589527004732856,0.32545605306799336,0.32009740444167034,0.49110658246356687,Dept_13,Dept_9
frozenset({'Dept_9'}),frozenset({'Dept_13'}),0.24677544677544677,0.25003885003885,0.12198912198912198,0.49433249370277077,1.9770227451692544,1.0,0.060285673059565836,1.4831112156143291,0.6560977372568758,0.32545605306799336,0.32574173165713427,0.49110658246356687,Dept_9,Dept_13
frozenset({'Dept_34'}),frozenset({'Dept_16'}),0.20683760683760682,0.24988344988344988,0.1020979020979021,0.4936138241923366,1.9753762180831382,1.0,0.050412607335684256,1.481313246595146,0.6225299165485749,0.2879053461875548,0.3249233392744326,0.4510979568722877,Dept_34,Dept_16
frozenset({'Dept_16'}),frozenset({'Dept_34'}),0.24988344988344988,0.20683760683760682,0.1020979020979021,0.4085820895522388,1.975376218083138,1.0,0.050412607335684256,1.341120008627895,0.6582541317721,0.2879053461875548,0.2543545741121976,0.4510979568722877,Dept_16,Dept_34
frozenset({'Dept_8'}),frozenset({'Dept_38'}),0.25003885003885,0.25003885003885,0.12323232323232323,0.4928527035425731,1.9711045042240263,1.0,0.060712896703572716,1.4787836890778072,0.6569276653519792,0.32701030927835056,0.3237685759006336,0.4928527035425731,Dept_8,Dept_38
frozenset({'Dept_38'}),frozenset({'Dept_8'}),0.25003885003885,0.25003885003885,0.12323232323232323,0.4928527035425731,1.9711045042240263,1.0,0.060712896703572716,1.4787836890778072,0.6569276653519792,0.32701030927835056,0.3237685759006336,0.4928527035425731,Dept_38,Dept_8
frozenset({'Dept_81'}),frozenset({'Dept_1'}),0.25003885003885,0.25003885003885,0.12307692307692308,0.49223119950279687,1.9686188743321928,1.0,0.060557496548172565,1.4769736723225098,0.6560735305814047,0.3264633140972795,0.3229398609201197,0.49223119950279687,Dept_81,Dept_1
frozenset({'Dept_1'}),frozenset({'Dept_81'}),0.25003885003885,0.25003885003885,0.12307692307692308,0.49223119950279687,1.9686188743321928,1.0,0.060557496548172565,1.4769736723225098,0.6560735305814047,0.3264633140972795,0.3229398609201197,0.49223119950279687,Dept_1,Dept_81
frozenset({'Dept_97'}),frozenset({'Dept_1'}),0.24382284382284383,0.25003885003885,0.11981351981351981,0.49139579349904394,1.9652777695253874,1.0,0.05884833633085382,1.4745476745476747,0.6495383675499495,0.32031574574158705,0.3218259285466945,0.48528770408326966,Dept_97,Dept_1
frozenset({'Dept_1'}),frozenset({'Dept_97'}),0.25003885003885,0.24382284382284383,0.11981351981351981,0.47917961466749537,1.9652777695253871,1.0,0.05884833633085382,1.4518962342351365,0.6549220257973589,0.32031574574158705,0.3112455446743388,0.48528770408326966,Dept_1,Dept_97
frozenset({'Dept_72'}),frozenset({'Dept_90'}),0.23356643356643356,0.25003885003885,0.11452991452991453,0.490352628077179,1.9611057561694514,1.0,0.05612923207328802,1.4715295148715517,0.6394338856480702,0.3103157894736842,0.32043496926577847,0.4742005526961408,Dept_72,Dept_90
frozenset({'Dept_90'}),frozenset({'Dept_72'}),0.25003885003885,0.23356643356643356,0.11452991452991453,0.45804847731510256,1.9611057561694512,1.0,0.05612923207328802,1.4142105600821198,0.6534786415284465,0.3103157894736842,0.292891717664778,0.4742005526961408,Dept_90,Dept_72
frozenset({'Dept_87'}),frozenset({'Dept_1'}),0.24832944832944834,0.25003885003885,0.12167832167832168,0.4899874843554443,1.9596454082208108,1.0,0.05958631198724439,1.4704759725618626,0.6514870077423099,0.3230198019801981,0.31994808574954087,0.4883125737501274,Dept_87,Dept_1
frozenset({'Dept_1'}),frozenset({'Dept_87'}),0.25003885003885,0.24832944832944834,0.12167832167832168,0.4866376631448105,1.9596454082208106,1.0,0.05958631198724439,1.4642105540410626,0.652971955335589,0.3230198019801981,0.3170381150169228,0.4883125737501274,Dept_1,Dept_87
frozenset({'Dept_4'}),frozenset({'Dept_23'}),0.25003885003885,0.22424242424242424,0.10986790986790987,0.43940335612181486,1.959501452975661,1.0,0.05379859198041017,1.3838070281529264,0.6529219673491831,0.3014925373134329,0.277355888750777,0.4646774230366524,Dept_4,Dept_23
frozenset({'Dept_23'}),frozenset({'Dept_4'}),0.22424242424242424,0.25003885003885,0.10986790986790987,0.48995148995148996,1.9595014529756607,1.0,0.05379859198041017,1.470372200263505,0.6312102192362093,0.3014925373134329,0.31990009072479025,0.4646774230366524,Dept_23,Dept_4
frozenset({'Dept_38'}),frozenset({'Dept_79'}),0.25003885003885,0.25003885003885,0.12245532245532245,0.48974518334369177,1.9586763547648582,1.0,0.05993589592657193,1.4697776982795256,0.6526353129516306,0.3242798353909465,0.31962500099806396,0.48974518334369177,Dept_38,Dept_79
frozenset({'Dept_79'}),frozenset({'Dept_38'}),0.25003885003885,0.25003885003885,0.12245532245532245,0.48974518334369177,1.9586763547648582,1.0,0.05993589592657193,1.4697776982795256,0.6526353129516306,0.3242798353909465,0.31962500099806396,0.48974518334369177,Dept_79,Dept_38
frozenset({'Dept_90'}),frozenset({'Dept_5'}),0.25003885003885,0.2466200466200466,0.12043512043512043,0.4816656308266004,1.953067633502945,1.0,0.0587705275817164,1.4534632433913013,0.650680320308009,0.32011565468814546,0.3119881052741695,0.48500420797788746,Dept_90,Dept_5
frozenset({'Dept_5'}),frozenset({'Dept_90'}),0.2466200466200466,0.25003885003885,0.12043512043512043,0.48834278512917456,1.953067633502945,1.0,0.0587705275817164,1.4657491933354005,0.6477275630788886,0.32011565468814546,0.31775503984795656,0.48500420797788746,Dept_5,Dept_90
frozenset({'Dept_38'}),frozenset({'Dept_5'}),0.25003885003885,0.2466200466200466,0.12012432012432013,0.48042262274704794,1.9480274589648732,1.0,0.0584597272709161,1.4499860585984992,0.6489138983588787,0.3190260008254231,0.3103381966537239,0.48375258421536393,Dept_38,Dept_5
frozenset({'Dept_5'}),frozenset({'Dept_38'}),0.2466200466200466,0.25003885003885,0.12012432012432013,0.4870825456836799,1.948027458964873,1.0,0.0584597272709161,1.462147843966026,0.6459691570709465,0.3190260008254231,0.31607463354216336,0.48375258421536393,Dept_5,Dept_38
frozenset({'Dept_5'}),frozenset({'Dept_87'}),0.2466200466200466,0.24832944832944834,0.11857031857031856,0.4807813484562067,1.9360625640273403,1.0,0.05732729844617956,1.4476955892004435,0.6417582043263302,0.3150289017341041,0.3092470492693178,0.4791265941279782,Dept_5,Dept_87
frozenset({'Dept_87'}),frozenset({'Dept_5'}),0.24832944832944834,0.2466200466200466,0.11857031857031856,0.47747183979974966,1.9360625640273403,1.0,0.05732729844617956,1.441797802995408,0.6432176503150816,0.3150289017341041,0.3064214705262766,0.4791265941279782,Dept_87,Dept_5
frozenset({'Dept_10'}),frozenset({'Dept_16'}),0.25003885003885,0.24988344988344988,0.12074592074592075,0.48290863890615293,1.932535504577795,1.0,0.05826535029332233,1.450646068674915,0.643426772933611,0.3184426229508197,0.3106519766648217,0.48305879706501675,Dept_10,Dept_16
frozenset({'Dept_16'}),frozenset({'Dept_46'}),0.24988344988344988,0.25003885003885,0.12074592074592075,0.48320895522388063,1.932535504577795,1.0,0.05826535029332233,1.4511883623796984,0.6432934754873848,0.3184426229508197,0.3109095787123232,0.48305879706501675,Dept_16,Dept_46
frozenset({'Dept_16'}),frozenset({'Dept_7'}),0.24988344988344988,0.25003885003885,0.12074592074592075,0.48320895522388063,1.932535504577795,1.0,0.05826535029332233,1.4511883623796984,0.6432934754873848,0.3184426229508197,0.3109095787123232,0.48305879706501675,Dept_16,Dept_7
frozenset({'Dept_16'}),frozenset({'Dept_10'}),0.24988344988344988,0.25003885003885,0.12074592074592075,0.48320895522388063,1.932535504577795,1.0,0.05826535029332233,1.4511883623796984,0.6432934754873848,0.3184426229508197,0.3109095787123232,0.48305879706501675,Dept_16,Dept_10
frozenset({'Dept_46'}),frozenset({'Dept_16'}),0.25003885003885,0.24988344988344988,0.12074592074592075,0.48290863890615293,1.932535504577795,1.0,0.05826535029332233,1.450646068674915,0.643426772933611,0.3184426229508197,0.3106519766648217,0.48305879706501675,Dept_46,Dept_16
frozenset({'Dept_7'}),frozenset({'Dept_16'}),0.25003885003885,0.24988344988344988,0.12074592074592075,0.48290863890615293,1.932535504577795,1.0,0.05826535029332233,1.450646068674915,0.643426772933611,0.3184426229508197,0.3106519766648217,0.48305879706501675,Dept_7,Dept_16
frozenset({'Dept_97'}),frozenset({'Dept_72'}),0.24382284382284383,0.23356643356643356,0.10986790986790987,0.4506054811982154,1.9292390362678087,1.0,0.05291907781418271,1.395051352359937,0.6369683471782092,0.2989429175475687,0.28318050922759863,0.4604990147175375,Dept_97,Dept_72
frozenset({'Dept_72'}),frozenset({'Dept_97'}),0.23356643356643356,0.24382284382284383,0.10986790986790987,0.47039254823685966,1.9292390362678087,1.0,0.05291907781418271,1.4278068665003338,0.6284444398558731,0.2989429175475687,0.29962516397537853,0.4604990147175375,Dept_72,Dept_97
frozenset({'Dept_81'}),frozenset({'Dept_11'}),0.25003885003885,0.25003885003885,0.12027972027972028,0.4810441267868242,1.9238775362791882,1.0,0.05776029375096976,1.4451347189071744,0.6403216963240674,0.3166939443535189,0.30802299127086896,0.4810441267868242,Dept_81,Dept_11
frozenset({'Dept_11'}),frozenset({'Dept_81'}),0.25003885003885,0.25003885003885,0.12027972027972028,0.4810441267868242,1.9238775362791882,1.0,0.05776029375096976,1.4451347189071744,0.6403216963240674,0.3166939443535189,0.30802299127086896,0.4810441267868242,Dept_11,Dept_81
frozenset({'Dept_91'}),frozenset({'Dept_72'}),0.25003885003885,0.23356643356643356,0.11235431235431236,0.44934742075823497,1.9238527295936407,1.0,0.05395362989768585,1.3918641178234858,0.6403127595510488,0.30263708664713274,0.2815390617557263,0.46519267245496576,Dept_91,Dept_72
frozenset({'Dept_72'}),frozenset({'Dept_91'}),0.23356643356643356,0.25003885003885,0.11235431235431236,0.4810379241516966,1.9238527295936407,1.0,0.05395362989768585,1.4451174466559085,0.6265509686928957,0.30263708664713274,0.3080147206622809,0.46519267245496576,Dept_72,Dept_91
frozenset({'Dept_90'}),frozenset({'Dept_9'}),0.25003885003885,0.24677544677544677,0.11857031857031856,0.4742075823492853,1.9216157382982688,1.0,0.056866869640762416,1.432551189288778,0.6395059200410186,0.3134757600657354,0.30194466523987024,0.4773430858849701,Dept_90,Dept_9
frozenset({'Dept_9'}),frozenset({'Dept_90'}),0.24677544677544677,0.25003885003885,0.11857031857031856,0.4804785894206549,1.9216157382982688,1.0,0.056866869640762416,1.443561583197947,0.6367352114953488,0.3134757600657354,0.30726890238746674,0.4773430858849701,Dept_9,Dept_90
frozenset({'Dept_90'}),frozenset({'Dept_74'}),0.25003885003885,0.24972804972804974,0.11996891996891997,0.47980111870727166,1.9212944610337852,1.0,0.05752720559247366,1.4422790537485881,0.6393898872471865,0.31587561374795414,0.30665289951973757,0.48009968816508575,Dept_90,Dept_74
frozenset({'Dept_74'}),frozenset({'Dept_90'}),0.24972804972804974,0.25003885003885,0.11996891996891997,0.4803982576228998,1.9212944610337852,1.0,0.05752720559247366,1.4433384047755307,0.6391250198539606,0.31587561374795414,0.30716178777525077,0.48009968816508575,Dept_74,Dept_90
frozenset({'Dept_74'}),frozenset({'Dept_97'}),0.24972804972804974,0.24382284382284383,0.11686091686091686,0.46795270690728064,1.9192324212545258,1.0,0.055971513593891214,1.4212592865224445,0.63837967573904,0.31023102310231027,0.2963986167177046,0.47361943822100805,Dept_74,Dept_97
frozenset({'Dept_97'}),frozenset({'Dept_74'}),0.24382284382284383,0.24972804972804974,0.11686091686091686,0.47928616953473546,1.9192324212545255,1.0,0.055971513593891214,1.4408527417095347,0.6333943843954141,0.31023102310231027,0.30596654949379093,0.47361943822100805,Dept_97,Dept_74
frozenset({'Dept_5'}),frozenset({'Dept_91'}),0.2466200466200466,0.25003885003885,0.11825951825951826,0.4795211090107121,1.9177864117364405,1.0,0.05659492540611423,1.4409059866686988,0.6352246262734027,0.3125256673511294,0.30599219570740416,0.47624284164022246,Dept_5,Dept_91
frozenset({'Dept_91'}),frozenset({'Dept_5'}),0.25003885003885,0.2466200466200466,0.11825951825951826,0.4729645742697328,1.9177864117364403,1.0,0.05659492540611423,1.4294673879579542,0.6381203871059793,0.3125256673511294,0.30043874493105005,0.47624284164022246,Dept_91,Dept_5
frozenset({'Dept_81'}),frozenset({'Dept_72'}),0.25003885003885,0.23356643356643356,0.11188811188811189,0.4474829086389062,1.9158699381845388,1.0,0.053487429431485385,1.3871671635451166,0.6374248860339826,0.3010033444816054,0.27910634977521526,0.4632624124032855,Dept_81,Dept_72
frozenset({'Dept_72'}),frozenset({'Dept_81'}),0.23356643356643356,0.25003885003885,0.11188811188811189,0.47904191616766467,1.9158699381845385,1.0,0.053487429431485385,1.439580598201288,0.6237251622060017,0.3010033444816054,0.3053532388186743,0.4632624124032855,Dept_72,Dept_81
frozenset({'Dept_92'}),frozenset({'Dept_87'}),0.25003885003885,0.24832944832944834,0.11857031857031856,0.4742075823492853,1.9095906085216838,1.0,0.056478308879241275,1.4295956473261437,0.6351362948293945,0.31219312602291327,0.3005015076323446,0.4758397110745175,Dept_92,Dept_87
frozenset({'Dept_87'}),frozenset({'Dept_92'}),0.24832944832944834,0.25003885003885,0.11857031857031856,0.47747183979974966,1.9095906085216838,1.0,0.056478308879241275,1.4352549911831352,0.633691907969125,0.31219312602291327,0.3032596952157872,0.4758397110745175,Dept_87,Dept_92
frozenset({'Dept_91'}),frozenset({'Dept_74'}),0.25003885003885,0.24972804972804974,0.1191919191919192,0.4766935985083904,1.908850844058178,1.0,0.05675020481547289,1.4337144512916489,0.6348656857061192,0.31318905675786035,0.30251104109392957,0.4769902342261927,Dept_91,Dept_74
frozenset({'Dept_74'}),frozenset({'Dept_91'}),0.24972804972804974,0.25003885003885,0.1191919191919192,0.477286869943995,1.9088508440581777,1.0,0.05675020481547289,1.4347471047471048,0.634602692464319,0.31318905675786035,0.3030130559655217,0.4769902342261927,Dept_74,Dept_91
frozenset({'Dept_5'}),frozenset({'Dept_95'}),0.2466200466200466,0.25003885003885,0.11732711732711733,0.47574039067422813,1.902665888122224,1.0,0.055662524473713296,1.4305148377263763,0.6297242803750575,0.3092994674313806,0.30095097679002447,0.47248797035265166,Dept_5,Dept_95
frozenset({'Dept_95'}),frozenset({'Dept_5'}),0.25003885003885,0.2466200466200466,0.11732711732711733,0.46923555003107525,1.902665888122224,1.0,0.055662524473713296,1.4194242915554391,0.6325949671069785,0.3092994674313806,0.29548901906971314,0.47248797035265166,Dept_95,Dept_5
frozenset({'Dept_4'}),frozenset({'Dept_16'}),0.25003885003885,0.24988344988344988,0.11872571872571873,0.47482908638906157,1.90020222071742,1.0,0.05624514827312031,1.4283284368491471,0.6316863498979135,0.31145536078271513,0.29988091380020954,0.4749767322492572,Dept_4,Dept_16
frozenset({'Dept_16'}),frozenset({'Dept_4'}),0.24988344988344988,0.25003885003885,0.11872571872571873,0.47512437810945274,1.9002022207174198,1.0,0.05624514827312031,1.4288359349970725,0.6315554846918026,0.31145536078271513,0.30012958415547625,0.4749767322492572,Dept_16,Dept_4
frozenset({'Dept_81'}),frozenset({'Dept_5'}),0.25003885003885,0.2466200466200466,0.11717171717171718,0.468614045991299,1.900145800853188,1.0,0.055507124318313145,1.4177641461851993,0.6316655142733713,0.30876330876330876,0.29466406475949036,0.4718621584713899,Dept_81,Dept_5
frozenset({'Dept_5'}),frozenset({'Dept_81'}),0.2466200466200466,0.25003885003885,0.11717171717171718,0.47511027095148084,1.900145800853188,1.0,0.055507124318313145,1.428797532999214,0.628799045355464,0.30876330876330876,0.3001107736371279,0.4718621584713899,Dept_5,Dept_81
frozenset({'Dept_38'}),frozenset({'Dept_10'}),0.25003885003885,0.25003885003885,0.11872571872571873,0.47482908638906157,1.8990212373608524,1.0,0.05620629219696821,1.4280325328846044,0.6312499593172239,0.31132844335778326,0.2997358414657296,0.47482908638906157,Dept_38,Dept_10
frozenset({'Dept_10'}),frozenset({'Dept_38'}),0.25003885003885,0.25003885003885,0.11872571872571873,0.47482908638906157,1.8990212373608524,1.0,0.05620629219696821,1.4280325328846044,0.6312499593172239,0.31132844335778326,0.2997358414657296,0.47482908638906157,Dept_10,Dept_38
frozenset({'Dept_14'}),frozenset({'Dept_95'}),0.25003885003885,0.25003885003885,0.11841491841491841,0.47358607830950905,1.8940499775771853,1.0,0.055895491886167895,1.4246605552390679,0.6294070395158335,0.31026058631921827,0.29807841150470177,0.47358607830950905,Dept_14,Dept_95
frozenset({'Dept_95'}),frozenset({'Dept_14'}),0.25003885003885,0.25003885003885,0.11841491841491841,0.47358607830950905,1.8940499775771853,1.0,0.055895491886167895,1.4246605552390679,0.6294070395158335,0.31026058631921827,0.29807841150470177,0.47358607830950905,Dept_95,Dept_14
frozenset({'Dept_97'}),frozenset({'Dept_5'}),0.24382284382284383,0.2466200466200466,0.11359751359751359,0.4659018483110261,1.8891483263273177,1.0,0.053465912486891504,1.4105646143832302,0.6224215261764958,0.3014432989690721,0.29106402514056373,0.46325968281965924,Dept_97,Dept_5
frozenset({'Dept_5'}),frozenset({'Dept_97'}),0.2466200466200466,0.24382284382284383,0.11359751359751359,0.46061751732829237,1.8891483263273177,1.0,0.053465912486891504,1.4019312463237696,0.6247324971895274,0.3014432989690721,0.28669825811910427,0.46325968281965924,Dept_5,Dept_97
frozenset({'Dept_14'}),frozenset({'Dept_92'}),0.25003885003885,0.25003885003885,0.1177933177933178,0.471100062150404,1.884107458009851,1.0,0.055273891264567276,1.4179641483989311,0.6256920244016855,0.30813008130081304,0.29476355158264606,0.471100062150404,Dept_14,Dept_92
frozenset({'Dept_92'}),frozenset({'Dept_14'}),0.25003885003885,0.25003885003885,0.1177933177933178,0.471100062150404,1.884107458009851,1.0,0.055273891264567276,1.4179641483989311,0.6256920244016855,0.30813008130081304,0.29476355158264606,0.471100062150404,Dept_92,Dept_14
frozenset({'Dept_2'}),frozenset({'Dept_87'}),0.25003885003885,0.24832944832944834,0.11686091686091686,0.4673710379117465,1.8820604686871643,1.0,0.05476890716983957,1.41124611159617,0.6249222958972234,0.3063136456211813,0.2914063735708267,0.46897963660293207,Dept_2,Dept_87
frozenset({'Dept_87'}),frozenset({'Dept_2'}),0.24832944832944834,0.25003885003885,0.11686091686091686,0.47058823529411764,1.8820604686871643,1.0,0.05476890716983957,1.4165932832599502,0.6235011370684309,0.3063136456211813,0.29408108042222275,0.46897963660293207,Dept_87,Dept_2
frozenset({'Dept_14'}),frozenset({'Dept_87'}),0.25003885003885,0.24832944832944834,0.11686091686091686,0.4673710379117465,1.8820604686871643,1.0,0.05476890716983957,1.41124611159617,0.6249222958972234,0.3063136456211813,0.2914063735708267,0.46897963660293207,Dept_14,Dept_87
frozenset({'Dept_87'}),frozenset({'Dept_14'}),0.24832944832944834,0.25003885003885,0.11686091686091686,0.47058823529411764,1.8820604686871643,1.0,0.05476890716983957,1.4165932832599502,0.6235011370684309,0.3063136456211813,0.29408108042222275,0.46897963660293207,Dept_87,Dept_14
frozenset({'Dept_93'}),frozenset({'Dept_87'}),0.22968142968142968,0.24832944832944834,0.10722610722610723,0.4668470906630582,1.8799505809867205,1.0,0.05018944450179882,1.4098592327018722,0.607633181593589,0.28918692372171,0.2907093298360098,0.44931841391726124,Dept_93,Dept_87
frozenset({'Dept_87'}),frozenset({'Dept_93'}),0.24832944832944834,0.22968142968142968,0.10722610722610723,0.43178973717146435,1.8799505809867205,1.0,0.05018944450179882,1.3556928142831226,0.6227078108661196,0.28918692372171,0.2623697717769564,0.44931841391726124,Dept_87,Dept_93
frozenset({'Dept_74'}),frozenset({'Dept_92'}),0.24972804972804974,0.25003885003885,0.11732711732711733,0.4698195395146235,1.8789861633167202,1.0,0.05488540295067102,1.4145393990464414,0.6235047213550098,0.30678585940674524,0.29305609962217205,0.4695275447728494,Dept_74,Dept_92
frozenset({'Dept_92'}),frozenset({'Dept_74'}),0.25003885003885,0.24972804972804974,0.11732711732711733,0.46923555003107525,1.87898616331672,1.0,0.05488540295067102,1.4135685807816956,0.6237631153547424,0.30678585940674524,0.2925705808719903,0.4695275447728494,Dept_92,Dept_74
frozenset({'Dept_91'}),frozenset({'Dept_9'}),0.25003885003885,0.24677544677544677,0.11592851592851593,0.46364201367308894,1.878801232988871,1.0,0.05422506699895978,1.4043317568230664,0.6236932655888735,0.3043655650754794,0.28791754858393387,0.4667076567105999,Dept_91,Dept_9
frozenset({'Dept_9'}),frozenset({'Dept_91'}),0.24677544677544677,0.25003885003885,0.11592851592851593,0.46977329974811083,1.878801232988871,1.0,0.05422506699895978,1.4144160405443065,0.6209910665838465,0.3043655650754794,0.29299444340635994,0.4667076567105999,Dept_9,Dept_91
frozenset({'Dept_94'}),frozenset({'Dept_14'}),0.21787101787101787,0.25003885003885,0.1020979020979021,0.4686162624821683,1.8741738030284358,1.0,0.047621683332639046,1.4113362848933322,0.5963614270623626,0.27909940526762955,0.2914516471348432,0.4384722083075851,Dept_94,Dept_14
frozenset({'Dept_14'}),frozenset({'Dept_94'}),0.25003885003885,0.21787101787101787,0.1020979020979021,0.4083281541330019,1.8741738030284358,1.0,0.047621683332639046,1.3218965674848029,0.6219409578128616,0.27909940526762955,0.24351116070849738,0.4384722083075851,Dept_14,Dept_94
frozenset({'Dept_38'}),frozenset({'Dept_2'}),0.25003885003885,0.25003885003885,0.11701631701631701,0.46799254195152273,1.871679308550683,1.0,0.05449689048756649,1.409681647532115,0.6209927522951434,0.3054766734279919,0.29061997668007644,0.46799254195152273,Dept_38,Dept_2
frozenset({'Dept_2'}),frozenset({'Dept_38'}),0.25003885003885,0.25003885003885,0.11701631701631701,0.46799254195152273,1.871679308550683,1.0,0.05449689048756649,1.409681647532115,0.6209927522951434,0.3054766734279919,0.29061997668007644,0.46799254195152273,Dept_2,Dept_38
frozenset({'Dept_87'}),frozenset({'Dept_74'}),0.24832944832944834,0.24972804972804974,0.11577311577311578,0.4662077596996245,1.8668618131095729,1.0,0.053758286951760145,1.4055505000405353,0.6177463151074006,0.3028455284552845,0.28853499040328995,0.46490226192821926,Dept_87,Dept_74
frozenset({'Dept_74'}),frozenset({'Dept_87'}),0.24972804972804974,0.24832944832944834,0.11577311577311578,0.46359676415681395,1.8668618131095729,1.0,0.053758286951760145,1.4013162140772348,0.6188978720328286,0.3028455284552845,0.2863851927535865,0.46490226192821926,Dept_74,Dept_87
frozenset({'Dept_87'}),frozenset({'Dept_38'}),0.24832944832944834,0.25003885003885,0.11468531468531469,0.4618272841051314,1.8470221088977756,1.0,0.0525933049942374,1.3935324623696719,0.6100916994284684,0.298906439854192,0.2823992070485952,0.46024863273000516,Dept_87,Dept_38
frozenset({'Dept_38'}),frozenset({'Dept_87'}),0.25003885003885,0.24832944832944834,0.11468531468531469,0.45866998135487885,1.8470221088977756,1.0,0.0525933049942374,1.3885624771962317,0.6114822938531913,0.298906439854192,0.279830748401622,0.46024863273000516,Dept_38,Dept_87
frozenset({'Dept_1'}),frozenset({'Dept_38'}),0.25003885003885,0.25003885003885,0.11546231546231546,0.46177750155376013,1.8468230096323472,1.0,0.05294288893356494,1.3934035684613055,0.6114044662742583,0.30020202020202025,0.2823328268749371,0.46177750155376013,Dept_1,Dept_38
frozenset({'Dept_38'}),frozenset({'Dept_1'}),0.25003885003885,0.25003885003885,0.11546231546231546,0.46177750155376013,1.8468230096323472,1.0,0.05294288893356494,1.3934035684613055,0.6114044662742583,0.30020202020202025,0.2823328268749371,0.46177750155376013,Dept_38,Dept_1
frozenset({'Dept_14'}),frozenset({'Dept_90'}),0.25003885003885,0.25003885003885,0.11499611499611499,0.4599129894344314,1.8393661199568465,1.0,0.052476688467364474,1.3885931994102307,0.608477447609234,0.2986279257465699,0.27984668193339535,0.4599129894344314,Dept_14,Dept_90
frozenset({'Dept_90'}),frozenset({'Dept_14'}),0.25003885003885,0.25003885003885,0.11499611499611499,0.4599129894344314,1.8393661199568465,1.0,0.052476688467364474,1.3885931994102307,0.608477447609234,0.2986279257465699,0.27984668193339535,0.4599129894344314,Dept_90,Dept_14
frozenset({'Dept_79'}),frozenset({'Dept_9'}),0.25003885003885,0.24677544677544677,0.11282051282051282,0.4512119328775638,1.8284312267425207,1.0,0.051117063890956674,1.3725235630105392,0.6041420496644097,0.29380817482800486,0.2714150584004793,0.4541953870936937,Dept_79,Dept_9
frozenset({'Dept_9'}),frozenset({'Dept_79'}),0.24677544677544677,0.25003885003885,0.11282051282051282,0.45717884130982367,1.8284312267425207,1.0,0.051117063890956674,1.3815989630374783,0.6015245578049188,0.29380817482800486,0.2762009622521167,0.4541953870936937,Dept_9,Dept_79
frozenset({'Dept_16'}),frozenset({'Dept_95'}),0.24988344988344988,0.25003885003885,0.11375291375291376,0.45522388059701496,1.8206125989072663,1.0,0.05127234330031534,1.3766410149971797,0.6008857281616048,0.2945674044265594,0.2735942129386223,0.45508241885661815,Dept_16,Dept_95
frozenset({'Dept_95'}),frozenset({'Dept_16'}),0.25003885003885,0.24988344988344988,0.11375291375291376,0.4549409571162213,1.8206125989072661,1.0,0.05127234330031534,1.3762115497577299,0.6010102382586129,0.2945674044265594,0.27336752828731803,0.45508241885661815,Dept_95,Dept_16
frozenset({'Dept_94'}),frozenset({'Dept_72'}),0.21787101787101787,0.23356643356643356,0.09261849261849261,0.42510699001426533,1.8200688494622739,1.0,0.04173113599687026,1.3331760051363029,0.5760817530473373,0.2581203984408835,0.24991149244561991,0.4108236214209716,Dept_94,Dept_72
frozenset({'Dept_72'}),frozenset({'Dept_94'}),0.23356643356643356,0.21787101787101787,0.09261849261849261,0.39654025282767796,1.8200688494622737,1.0,0.04173113599687026,1.2960748182357884,0.5878790476657032,0.2581203984408835,0.22843960400280305,0.4108236214209716,Dept_72,Dept_94
frozenset({'Dept_97'}),frozenset({'Dept_14'}),0.24382284382284383,0.25003885003885,0.11002331002331002,0.45124282982791586,1.8046908700700055,1.0,0.04905812654064402,1.3666539422636985,0.5896614000989223,0.2866396761133603,0.2682858702740652,0.44563384499475345,Dept_97,Dept_14
frozenset({'Dept_14'}),frozenset({'Dept_97'}),0.25003885003885,0.24382284382284383,0.11002331002331002,0.4400248601615911,1.8046908700700055,1.0,0.04905812654064402,1.3503762977680847,0.5945487718361698,0.2866396761133603,0.2594656751212163,0.44563384499475345,Dept_14,Dept_97
frozenset({'Dept_7'}),frozenset({'Dept_87'}),0.25003885003885,0.24832944832944834,0.11204351204351204,0.44810441267868245,1.8044755291535177,1.0,0.04995150235243475,1.3619796369796369,0.5944605991701215,0.2900241351568785,0.2657746321247305,0.4496466994557367,Dept_7,Dept_87
frozenset({'Dept_87'}),frozenset({'Dept_7'}),0.24832944832944834,0.25003885003885,0.11204351204351204,0.45118898623279097,1.8044755291535177,1.0,0.04995150235243475,1.366519860476531,0.5931087144087259,0.2900241351568785,0.26821407509490464,0.4496466994557367,Dept_87,Dept_7
frozenset({'Dept_87'}),frozenset({'Dept_95'}),0.24832944832944834,0.25003885003885,0.11173271173271174,0.4499374217772215,1.799470049183605,1.0,0.04964070204163445,1.3634106002706687,0.5910579178866658,0.2889871382636656,0.2665452360415293,0.4483994131881757,Dept_87,Dept_95
frozenset({'Dept_95'}),frozenset({'Dept_87'}),0.25003885003885,0.24832944832944834,0.11173271173271174,0.44686140459912993,1.799470049183605,1.0,0.04964070204163445,1.35891900858193,0.5924051282258189,0.2889871382636656,0.2641209713862727,0.4483994131881757,Dept_95,Dept_87
frozenset({'Dept_40'}),frozenset({'Dept_16'}),0.25003885003885,0.24988344988344988,0.11204351204351204,0.44810441267868245,1.7932536664100258,1.0,0.04956294159091362,1.359163884163884,0.5898364326840341,0.2888621794871795,0.2642535520172616,0.4482437486278984,Dept_40,Dept_16
frozenset({'Dept_16'}),frozenset({'Dept_40'}),0.24988344988344988,0.25003885003885,0.11204351204351204,0.4483830845771144,1.7932536664100258,1.0,0.04956294159091362,1.3595688039881952,0.5897142374421274,0.2888621794871795,0.2644726790828287,0.4482437486278984,Dept_16,Dept_40
frozenset({'Dept_16'}),frozenset({'Dept_94'}),0.24988344988344988,0.21787101787101787,0.09743589743589744,0.38992537313432835,1.7897074009410863,1.0,0.04299353586066873,1.2820218178016343,0.5882411832168137,0.26311372219890894,0.21998207353852633,0.4185718163817148,Dept_16,Dept_94
frozenset({'Dept_94'}),frozenset({'Dept_16'}),0.21787101787101787,0.24988344988344988,0.09743589743589744,0.4472182596291013,1.7897074009410863,1.0,0.04299353586066873,1.3569850364689073,0.5641645522327757,0.26311372219890894,0.26307219820038674,0.4185718163817148,Dept_94,Dept_16
frozenset({'Dept_87'}),frozenset({'Dept_90'}),0.24832944832944834,0.25003885003885,0.1108003108003108,0.44618272841051315,1.7844536092738672,1.0,0.048708301109233514,1.3541671385739182,0.5848364973015103,0.28588612670408986,0.2615387188814033,0.4446575543854928,Dept_87,Dept_90
frozenset({'Dept_90'}),frozenset({'Dept_87'}),0.25003885003885,0.24832944832944834,0.1108003108003108,0.4431323803604724,1.7844536092738672,1.0,0.048708301109233514,1.3498191045066046,0.5861695270301296,0.28588612670408986,0.25915998917089933,0.4446575543854928,Dept_90,Dept_87
frozenset({'Dept_46'}),frozenset({'Dept_38'}),0.25003885003885,0.25003885003885,0.11126651126651127,0.4449968924798012,1.7797110025528409,1.0,0.04874708473776075,1.3512737853163386,0.5841782870716581,0.2861710631494805,0.25995752240106107,0.4449968924798012,Dept_46,Dept_38
frozenset({'Dept_38'}),frozenset({'Dept_46'}),0.25003885003885,0.25003885003885,0.11126651126651127,0.4449968924798012,1.7797110025528409,1.0,0.04874708473776075,1.3512737853163386,0.5841782870716581,0.2861710631494805,0.25995752240106107,0.4449968924798012,Dept_38,Dept_46
frozenset({'Dept_5'}),frozenset({'Dept_94'}),0.2466200466200466,0.21787101787101787,0.09557109557109557,0.38752362948960306,1.7786837059669014,1.0,0.041839734986588134,1.2769945418093567,0.5810965547774289,0.2590564448188711,0.21691129659558828,0.41309134398873876,Dept_5,Dept_94
frozenset({'Dept_94'}),frozenset({'Dept_5'}),0.21787101787101787,0.2466200466200466,0.09557109557109557,0.43865905848787445,1.7786837059669012,1.0,0.041839734986588134,1.342107617075851,0.5597369556052009,0.2590564448188711,0.25490326760921456,0.41309134398873876,Dept_94,Dept_5
frozenset({'Dept_38'}),frozenset({'Dept_11'}),0.25003885003885,0.25003885003885,0.11095571095571095,0.44375388440024865,1.7747397427691736,1.0,0.048436284426960435,1.3482541790921683,0.58207962007845,0.28514376996805113,0.25830009244003316,0.44375388440024865,Dept_38,Dept_11
frozenset({'Dept_11'}),frozenset({'Dept_38'}),0.25003885003885,0.25003885003885,0.11095571095571095,0.44375388440024865,1.7747397427691736,1.0,0.048436284426960435,1.3482541790921683,0.58207962007845,0.28514376996805113,0.25830009244003316,0.44375388440024865,Dept_11,Dept_38
frozenset({'Dept_91'}),frozenset({'Dept_14'}),0.25003885003885,0.25003885003885,0.11064491064491065,0.44251087632069613,1.7697684829855065,1.0,0.04812548411616013,1.3452480382246272,0.5799691628212355,0.28411811652035124,0.2566426624790053,0.44251087632069613,Dept_91,Dept_14
frozenset({'Dept_14'}),frozenset({'Dept_91'}),0.25003885003885,0.25003885003885,0.11064491064491065,0.44251087632069613,1.7697684829855065,1.0,0.04812548411616013,1.3452480382246272,0.5799691628212355,0.28411811652035124,0.2566426624790053,0.44251087632069613,Dept_14,Dept_91
frozenset({'Dept_46'}),frozenset({'Dept_87'}),0.25003885003885,0.24832944832944834,0.10986790986790987,0.43940335612181486,1.7694371693641293,1.0,0.04777590017683258,1.3408402634566716,0.5798280881903831,0.2828,0.2541990069555259,0.4409156955828098,Dept_46,Dept_87
frozenset({'Dept_87'}),frozenset({'Dept_46'}),0.24832944832944834,0.25003885003885,0.10986790986790987,0.44242803504380473,1.769437169364129,1.0,0.04777590017683258,1.3450481679437911,0.5785094797615856,0.2828,0.25653220172127716,0.4409156955828098,Dept_87,Dept_46
frozenset({'Dept_23'}),frozenset({'Dept_87'}),0.22424242424242424,0.24832944832944834,0.09852369852369852,0.43936243936243935,1.7692724013124512,1.0,0.0428377010195192,1.340742405513728,0.5604791009463722,0.26339842127129204,0.2541445725237331,0.41805418588897936,Dept_23,Dept_87
frozenset({'Dept_87'}),frozenset({'Dept_23'}),0.24832944832944834,0.22424242424242424,0.09852369852369852,0.39674593241551936,1.7692724013124512,1.0,0.0428377010195192,1.2859549855400476,0.5784394608071719,0.26339842127129204,0.22236780350438043,0.41805418588897936,Dept_87,Dept_23
frozenset({'Dept_16'}),frozenset({'Dept_8'}),0.24988344988344988,0.25003885003885,0.10924630924630925,0.4371890547263682,1.7484845041418147,1.0,0.046765738793710834,1.3325276565055573,0.5706795081365755,0.2796340493237868,0.24954653277334843,0.437053197344539,Dept_16,Dept_8
frozenset({'Dept_8'}),frozenset({'Dept_16'}),0.25003885003885,0.24988344988344988,0.10924630924630925,0.4369173399627098,1.7484845041418144,1.0,0.046765738793710834,1.3321606281871183,0.5707977591743161,0.2796340493237868,0.24933977266626015,0.437053197344539,Dept_8,Dept_16
frozenset({'Dept_38'}),frozenset({'Dept_7'}),0.25003885003885,0.25003885003885,0.10846930846930847,0.4338098197638285,1.7349696644998363,1.0,0.04594988194055795,1.3245746325878052,0.5648573213147031,0.276984126984127,0.24504065275181028,0.4338098197638285,Dept_38,Dept_7
frozenset({'Dept_7'}),frozenset({'Dept_38'}),0.25003885003885,0.25003885003885,0.10846930846930847,0.4338098197638285,1.7349696644998363,1.0,0.04594988194055795,1.3245746325878052,0.5648573213147031,0.276984126984127,0.24504065275181028,0.4338098197638285,Dept_7,Dept_38
frozenset({'Dept_97'}),frozenset({'Dept_16'}),0.24382284382284383,0.24988344988344988,0.10536130536130536,0.4321223709369025,1.7292956822008505,1.0,0.04443401198645954,1.3209123087910966,0.5577130822866995,0.2713085234093638,0.24294747399605707,0.4268820809908393,Dept_97,Dept_16
frozenset({'Dept_16'}),frozenset({'Dept_97'}),0.24988344988344988,0.24382284382284383,0.10536130536130536,0.4216417910447761,1.7292956822008503,1.0,0.04443401198645954,1.3074546958417925,0.5622191544245038,0.2713085234093638,0.23515514290446654,0.4268820809908393,Dept_16,Dept_97
frozenset({'Dept_16'}),frozenset({'Dept_82'}),0.24988344988344988,0.25003885003885,0.1076923076923077,0.4309701492537314,1.7236127473261416,1.0,0.04521173723970928,1.3179645127186115,0.5596773918713013,0.27456418383518233,0.24125422926808154,0.43083622440933933,Dept_16,Dept_82
frozenset({'Dept_82'}),frozenset({'Dept_16'}),0.25003885003885,0.24988344988344988,0.1076923076923077,0.43070229956494727,1.7236127473261416,1.0,0.04521173723970928,1.3176173898881323,0.5597933631501805,0.27456418383518233,0.2410543396934816,0.43083622440933933,Dept_82,Dept_16
frozenset({'Dept_14'}),frozenset({'Dept_81'}),0.25003885003885,0.25003885003885,0.1076923076923077,0.43070229956494727,1.7225415150406687,1.0,0.04517288116355718,1.3173444217112342,0.559312263000618,0.27445544554455453,0.24089707784924072,0.43070229956494727,Dept_14,Dept_81
frozenset({'Dept_81'}),frozenset({'Dept_14'}),0.25003885003885,0.25003885003885,0.1076923076923077,0.43070229956494727,1.7225415150406687,1.0,0.04517288116355718,1.3173444217112342,0.559312263000618,0.27445544554455453,0.24089707784924072,0.43070229956494727,Dept_81,Dept_14
frozenset({'Dept_97'}),frozenset({'Dept_87'}),0.24382284382284383,0.24832944832944834,0.10427350427350428,0.42766093052899934,1.7221514943392433,1.0,0.04372511197686023,1.313330841393202,0.5545406767233696,0.2688301282051282,0.2385772354670479,0.4237804026862769,Dept_97,Dept_87
frozenset({'Dept_87'}),frozenset({'Dept_97'}),0.24832944832944834,0.24382284382284383,0.10427350427350428,0.41989987484355445,1.7221514943392433,1.0,0.04372511197686023,1.303528689936457,0.5578653985809213,0.2688301282051282,0.23285156075180288,0.4237804026862769,Dept_87,Dept_97
frozenset({'Dept_93'}),frozenset({'Dept_23'}),0.22968142968142968,0.22424242424242424,0.08842268842268843,0.38497970230040596,1.716801375123432,1.0,0.03691836782745874,1.2613528019468614,0.5420113857912671,0.241921768707483,0.20720039749661706,0.38964854830890017,Dept_93,Dept_23
frozenset({'Dept_23'}),frozenset({'Dept_93'}),0.22424242424242424,0.22968142968142968,0.08842268842268843,0.3943173943173943,1.716801375123432,1.0,0.03691836782745874,1.2718188752513695,0.538211225834798,0.241921768707483,0.2137245173355724,0.38964854830890017,Dept_23,Dept_93
frozenset({'Dept_81'}),frozenset({'Dept_74'}),0.25003885003885,0.24972804972804974,0.10707070707070707,0.42821628340584217,1.714730419238702,1.0,0.04462899269426076,1.312160399986487,0.5557860572599916,0.27265532251681834,0.2378980496513244,0.42848275277946124,Dept_81,Dept_74
frozenset({'Dept_74'}),frozenset({'Dept_81'}),0.24972804972804974,0.25003885003885,0.10707070707070707,0.42874922215308026,1.714730419238702,1.0,0.04462899269426076,1.3128404880038866,0.5555558227706545,0.27265532251681834,0.23829283973374876,0.42848275277946124,Dept_74,Dept_81
frozenset({'Dept_34'}),frozenset({'Dept_87'}),0.20683760683760682,0.24832944832944834,0.08795648795648796,0.42524417731029307,1.7124194499322503,1.0,0.036592619156721726,1.3078085023183064,0.5245217497258438,0.2395260262378333,0.2353620593325896,0.3897184591182254,Dept_34,Dept_87
frozenset({'Dept_87'}),frozenset({'Dept_34'}),0.24832944832944834,0.20683760683760682,0.08795648795648796,0.3541927409261577,1.7124194499322503,1.0,0.036592619156721726,1.2281720002650236,0.553475090055966,0.2395260262378333,0.18578179621078073,0.3897184591182254,Dept_87,Dept_34
frozenset({'Dept_94'}),frozenset({'Dept_87'}),0.21787101787101787,0.24832944832944834,0.091996891996892,0.4222539229671897,1.7003779688947847,1.0,0.03789310232200675,1.3010396462248315,0.5266336771900054,0.24584717607973422,0.23138391447051185,0.39635850090787517,Dept_94,Dept_87
frozenset({'Dept_87'}),frozenset({'Dept_94'}),0.24832944832944834,0.21787101787101787,0.091996891996892,0.37046307884856067,1.7003779688947844,1.0,0.03789310232200675,1.2423877867217825,0.5479733920399622,0.24584717607973422,0.19509833347714842,0.39635850090787517,Dept_87,Dept_94
frozenset({'Dept_9'}),frozenset({'Dept_38'}),0.24677544677544677,0.25003885003885,0.10458430458430458,0.4238035264483627,1.694950710189692,1.0,0.04288085565474843,1.3015719192768374,0.5443427729534147,0.2666402535657686,0.23169823719337218,0.42103787260889236,Dept_9,Dept_38
frozenset({'Dept_38'}),frozenset({'Dept_9'}),0.25003885003885,0.24677544677544677,0.10458430458430458,0.418272218769422,1.694950710189692,1.0,0.04288085565474843,1.2948058826263953,0.5467114422928306,0.2666402535657686,0.22768345941432447,0.42103787260889236,Dept_38,Dept_9
frozenset({'Dept_16'}),frozenset({'Dept_74'}),0.24988344988344988,0.24972804972804974,0.10551670551670551,0.4222636815920398,1.6908940827907755,1.0,0.04311379891799472,1.2986407922898773,0.544711220298926,0.2677444794952681,0.22996412407721128,0.42239506419365525,Dept_16,Dept_74
frozenset({'Dept_74'}),frozenset({'Dept_16'}),0.24972804972804974,0.24988344988344988,0.10551670551670551,0.4225264467952707,1.6908940827907755,1.0,0.04311379891799472,1.2989626034884656,0.54459839693101,0.2677444794952681,0.23015489644242115,0.42239506419365525,Dept_74,Dept_16
frozenset({'Dept_87'}),frozenset({'Dept_16'}),0.24832944832944834,0.24988344988344988,0.10411810411810411,0.4192740926157697,1.6778785982478097,1.0,0.042064684861887656,1.2916877662567317,0.5374819102749638,0.2641955835962145,0.2258190979868403,0.4179703796412182,Dept_87,Dept_16
frozenset({'Dept_16'}),frozenset({'Dept_87'}),0.24988344988344988,0.24832944832944834,0.10411810411810411,0.41666666666666663,1.6778785982478095,1.0,0.042064684861887656,1.2885780885780884,0.5385954008701057,0.2641955835962145,0.22395079594790154,0.4179703796412182,Dept_16,Dept_87
frozenset({'Dept_74'}),frozenset({'Dept_38'}),0.24972804972804974,0.25003885003885,0.10380730380730381,0.41568139390168013,1.662467227941151,1.0,0.041365589430857504,1.2834798381124262,0.5311199266752329,0.2621664050235479,0.2208681661328868,0.4154230462361105,Dept_74,Dept_38
frozenset({'Dept_38'}),frozenset({'Dept_74'}),0.25003885003885,0.24972804972804974,0.10380730380730381,0.4151646985705408,1.662467227941151,1.0,0.041365589430857504,1.2828773304862575,0.5313400343945346,0.2621664050235479,0.2205022442629308,0.4154230462361105,Dept_38,Dept_74
frozenset({'Dept_87'}),frozenset({'Dept_13'}),0.24832944832944834,0.25003885003885,0.10318570318570319,0.41551939924906134,1.6618193500110068,1.0,0.0410936934946259,1.2831241088200405,0.5298197130054226,0.2611089264648054,0.22065216207370694,0.4140990408302485,Dept_87,Dept_13
frozenset({'Dept_13'}),frozenset({'Dept_87'}),0.25003885003885,0.24832944832944834,0.10318570318570319,0.41267868241143574,1.6618193500110068,1.0,0.0410936934946259,1.2798284842729286,0.531027341858108,0.2611089264648054,0.21864530107868285,0.4140990408302485,Dept_13,Dept_87
frozenset({'Dept_2'}),frozenset({'Dept_16'}),0.25003885003885,0.24988344988344988,0.10380730380730381,0.4151646985705408,1.661433355286959,1.0,0.041326733354705394,1.2826116143863224,0.5308409289998536,0.26206355433503337,0.22034075726153513,0.4152937920713401,Dept_2,Dept_16
frozenset({'Dept_16'}),frozenset({'Dept_2'}),0.24988344988344988,0.25003885003885,0.10380730380730381,0.41542288557213936,1.661433355286959,1.0,0.041326733354705394,1.282912265039925,0.5307309557392365,0.26206355433503337,0.2205234705049144,0.4152937920713401,Dept_16,Dept_2
frozenset({'Dept_87'}),frozenset({'Dept_91'}),0.24832944832944834,0.25003885003885,0.10287490287490288,0.4142678347934919,1.6568138700410941,1.0,0.04078289318382559,1.280382390638801,0.5274011318843232,0.2601178781925344,0.2189833230203316,0.4128517545626875,Dept_87,Dept_91
frozenset({'Dept_91'}),frozenset({'Dept_87'}),0.25003885003885,0.24832944832944834,0.10287490287490288,0.4114356743318832,1.6568138700410941,1.0,0.04078289318382559,1.2771255730073048,0.5286032480158457,0.2601178781925344,0.21699164034022503,0.4128517545626875,Dept_91,Dept_87
frozenset({'Dept_38'}),frozenset({'Dept_14'}),0.25003885003885,0.25003885003885,0.10225330225330226,0.4089496581727782,1.6355444688264933,1.0,0.03973387572455174,1.268861714287582,0.518137255519432,0.25703125000000004,0.21189205353125312,0.4089496581727782,Dept_38,Dept_14
frozenset({'Dept_14'}),frozenset({'Dept_38'}),0.25003885003885,0.25003885003885,0.10225330225330226,0.4089496581727782,1.6355444688264933,1.0,0.03973387572455174,1.268861714287582,0.518137255519432,0.25703125000000004,0.21189205353125312,0.4089496581727782,Dept_14,Dept_38
frozenset({'Dept_93'}),frozenset({'Dept_34'}),0.22968142968142968,0.20683760683760682,0.07754467754467755,0.3376184032476319,1.632287321486485,1.0,0.030037920294330556,1.197440262608802,0.5028604718009755,0.21601731601731602,0.16488527133591527,0.35626224444875965,Dept_93,Dept_34
frozenset({'Dept_34'}),frozenset({'Dept_93'}),0.20683760683760682,0.22968142968142968,0.07754467754467755,0.3749060856498873,1.632287321486485,1.0,0.030037920294330556,1.232324539776463,0.4883776173035727,0.21601731601731602,0.18852545111095922,0.35626224444875965,Dept_34,Dept_93
frozenset({'Dept_34'}),frozenset({'Dept_38'}),0.20683760683760682,0.25003885003885,0.08391608391608392,0.405709992486852,1.6225878195481,1.0,0.032198646557620926,1.2619447415907594,0.48376037675606653,0.22500000000000003,0.20757227551862678,0.3706610869830158,Dept_34,Dept_38
frozenset({'Dept_38'}),frozenset({'Dept_34'}),0.25003885003885,0.20683760683760682,0.08391608391608392,0.33561218147917965,1.6225878195481,1.0,0.032198646557620926,1.193824406546577,0.5116272198431338,0.22500000000000003,0.1623558753562933,0.3706610869830158,Dept_38,Dept_34
frozenset({'Dept_16'}),frozenset({'Dept_13'}),0.24988344988344988,0.25003885003885,0.10101010101010101,0.40422885572139305,1.6166641930187473,1.0,0.03852953055750259,1.258807441688444,0.5085107807046901,0.2532138683287885,0.20559732419543397,0.40410324078798054,Dept_16,Dept_13
frozenset({'Dept_13'}),frozenset({'Dept_16'}),0.25003885003885,0.24988344988344988,0.10101010101010101,0.4039776258545681,1.6166641930187473,1.0,0.03852953055750259,1.2585375694864747,0.508616149701935,0.2532138683287885,0.2054269779105336,0.40410324078798054,Dept_13,Dept_16
frozenset({'Dept_81'}),frozenset({'Dept_16'}),0.25003885003885,0.24988344988344988,0.1006993006993007,0.4027346177750156,1.611689841655613,1.0,0.03821873024670229,1.255918344575993,0.5060705131156852,0.25223822499026866,0.20376989131597795,0.4028598462009407,Dept_81,Dept_16
frozenset({'Dept_16'}),frozenset({'Dept_81'}),0.24988344988344988,0.25003885003885,0.1006993006993007,0.4029850746268657,1.611689841655613,1.0,0.03821873024670229,1.2561849261849265,0.5059656714929143,0.25223822499026866,0.20393886349438065,0.4028598462009407,Dept_16,Dept_81
frozenset({'Dept_16'}),frozenset({'Dept_93'}),0.24988344988344988,0.22968142968142968,0.09121989121989121,0.3650497512437811,1.589374255246097,1.0,0.03382630319693256,1.2131951626564752,0.49435193645624115,0.2348939575830332,0.1757303105212288,0.38110403665030734,Dept_16,Dept_93
frozenset({'Dept_93'}),frozenset({'Dept_16'}),0.22968142968142968,0.24988344988344988,0.09121989121989121,0.39715832205683355,1.589374255246097,1.0,0.03382630319693256,1.244301078644513,0.4813872901501465,0.2348939575830332,0.19633598558850712,0.38110403665030734,Dept_93,Dept_16
frozenset({'Dept_23'}),frozenset({'Dept_95'}),0.22424242424242424,0.25003885003885,0.08826728826728827,0.39362439362439366,1.5742529353467827,1.0,0.032197970379788575,1.2367930735930739,0.4702217209507044,0.22866344605475045,0.19145730894591242,0.3733193441086543,Dept_23,Dept_95
frozenset({'Dept_95'}),frozenset({'Dept_23'}),0.25003885003885,0.22424242424242424,0.08826728826728827,0.3530142945929149,1.5742529353467827,1.0,0.032197970379788575,1.199033563298693,0.48639594508618234,0.22866344605475045,0.16599498912367935,0.3733193441086543,Dept_95,Dept_23
frozenset({'Dept_16'}),frozenset({'Dept_91'}),0.24988344988344988,0.25003885003885,0.09805749805749805,0.39241293532338306,1.5694078550689685,1.0,0.03557692760489964,1.2343270513178395,0.48368084043893367,0.24400618716163963,0.18984194753542688,0.3922909922111011,Dept_16,Dept_91
frozenset({'Dept_91'}),frozenset({'Dept_16'}),0.25003885003885,0.24988344988344988,0.09805749805749805,0.39216904909881917,1.5694078550689685,1.0,0.03557692760489964,1.234087453105858,0.48378106440089774,0.24400618716163963,0.18968465526225428,0.3922909922111011,Dept_91,Dept_16
frozenset({'Dept_95'}),frozenset({'Dept_34'}),0.25003885003885,0.20683760683760682,0.08018648018648018,0.32069608452454945,1.5504728053459624,1.0,0.02846904282801719,1.1676105128987107,0.4734051182708649,0.21287128712871287,0.14355002035961514,0.3541872608948818,Dept_95,Dept_34
frozenset({'Dept_34'}),frozenset({'Dept_95'}),0.20683760683760682,0.25003885003885,0.08018648018648018,0.3876784372652141,1.5504728053459622,1.0,0.02846904282801719,1.2247831786482095,0.44762012162523396,0.21287128712871287,0.18352895644460276,0.3541872608948818,Dept_34,Dept_95
frozenset({'Dept_94'}),frozenset({'Dept_34'}),0.21787101787101787,0.20683760683760682,0.068997668997669,0.31669044222539233,1.531106683486401,1.0,0.023933749061954196,1.1607658405153187,0.4435044024751954,0.1939711664482307,0.13849980323675543,0.3251371069128465,Dept_94,Dept_34
frozenset({'Dept_34'}),frozenset({'Dept_94'}),0.20683760683760682,0.21787101787101787,0.068997668997669,0.33358377160030056,1.5311066834864009,1.0,0.023933749061954196,1.1736343576253383,0.4373349642746195,0.1939711664482307,0.14794587129901335,0.3251371069128465,Dept_34,Dept_94
frozenset({'Dept_16'}),frozenset({'Dept_90'}),0.24988344988344988,0.25003885003885,0.09557109557109557,0.3824626865671642,1.5296130441638918,1.0,0.03309052511849715,1.2144385993328592,0.4615814498729202,0.23635664873174483,0.17657426192699993,0.3823438355147816,Dept_16,Dept_90
frozenset({'Dept_90'}),frozenset({'Dept_16'}),0.25003885003885,0.24988344988344988,0.09557109557109557,0.38222498446239905,1.5296130441638918,1.0,0.03309052511849715,1.2142228663355425,0.4616770945993754,0.23635664873174483,0.17642796250580858,0.3823438355147816,Dept_90,Dept_16
frozenset({'Dept_92'}),frozenset({'Dept_23'}),0.25003885003885,0.22424242424242424,0.08547008547008547,0.34182722187694226,1.5243646380998777,1.0,0.029400767582585773,1.178653389418262,0.4586757337151039,0.21982414068745004,0.15157415320074588,0.3614888015136617,Dept_92,Dept_23
frozenset({'Dept_23'}),frozenset({'Dept_92'}),0.22424242424242424,0.25003885003885,0.08547008547008547,0.38115038115038113,1.5243646380998774,1.0,0.029400767582585773,1.2118633139909736,0.44342329545454556,0.21982414068745004,0.17482443072994253,0.3614888015136617,Dept_23,Dept_92
frozenset({'Dept_81'}),frozenset({'Dept_23'}),0.25003885003885,0.22424242424242424,0.08531468531468532,0.341205717837166,1.5215930660306052,1.0,0.02924536742718562,1.1775414522584335,0.4570824246624048,0.21933679584498605,0.15077299564947183,0.3608315491472732,Dept_81,Dept_23
frozenset({'Dept_23'}),frozenset({'Dept_81'}),0.22424242424242424,0.25003885003885,0.08531468531468532,0.3804573804573805,1.5215930660306052,1.0,0.02924536742718562,1.2105077621856148,0.4418829690346085,0.21933679584498605,0.1739003819401665,0.3608315491472732,Dept_23,Dept_81
frozenset({'Dept_16'}),frozenset({'Dept_23'}),0.24988344988344988,0.22424242424242424,0.085003885003885,0.3401741293532338,1.5169927390076643,1.0,0.02896941442395988,1.1757004541170424,0.4543308151247042,0.21845047923322683,0.14944321361940296,0.35962275421230644,Dept_16,Dept_23
frozenset({'Dept_23'}),frozenset({'Dept_16'}),0.22424242424242424,0.24988344988344988,0.085003885003885,0.37907137907137906,1.5169927390076643,1.0,0.02896941442395988,1.2080560064935066,0.43931387111517367,0.21845047923322683,0.17222380864394538,0.35962275421230644,Dept_23,Dept_16
frozenset({'Dept_92'}),frozenset({'Dept_16'}),0.25003885003885,0.24988344988344988,0.09417249417249417,0.3766314481044127,1.5072284630297859,1.0,0.03169192371989575,1.2033275464980349,0.4487306791184713,0.23209498276522408,0.1689710728303078,0.37674855987310185,Dept_92,Dept_16
frozenset({'Dept_16'}),frozenset({'Dept_92'}),0.24988344988344988,0.25003885003885,0.09417249417249417,0.376865671641791,1.5072284630297859,1.0,0.03169192371989575,1.203530468201127,0.4486377164751902,0.23209498276522408,0.1691111887722597,0.37674855987310185,Dept_16,Dept_92
frozenset({'Dept_97'}),frozenset({'Dept_34'}),0.24382284382284383,0.20683760683760682,0.07567987567987568,0.31038878266411724,1.500639982301724,1.0,0.025248142171219096,1.1501587752974074,0.44118980040865213,0.20182345627849146,0.13055482297092366,0.3381395453515928,Dept_97,Dept_34
frozenset({'Dept_34'}),frozenset({'Dept_97'}),0.20683760683760682,0.24382284382284383,0.07567987567987568,0.36589030803906836,1.5006399823017238,1.0,0.025248142171219096,1.1925021266253493,0.42061707852439284,0.20182345627849146,0.16142707197521677,0.3381395453515928,Dept_34,Dept_97
frozenset({'Dept_79'}),frozenset({'Dept_16'}),0.25003885003885,0.24988344988344988,0.0937062937062937,0.3747669359850839,1.499766935985084,1.0,0.031225723253695284,1.1997390945701085,0.44432932725514573,0.23068094873756695,0.16648544293847423,0.37488346799254196,Dept_79,Dept_16
frozenset({'Dept_16'}),frozenset({'Dept_79'}),0.24988344988344988,0.25003885003885,0.0937062937062937,0.375,1.499766935985084,1.0,0.031225723253695284,1.19993783993784,0.4442372764311857,0.23068094873756695,0.16662349772067966,0.37488346799254196,Dept_16,Dept_79
frozenset({'Dept_90'}),frozenset({'Dept_23'}),0.25003885003885,0.22424242424242424,0.08376068376068375,0.33499067743940336,1.4938773453378797,1.0,0.027691365873184055,1.1665363919569527,0.4408241690226179,0.21448467966573814,0.1427614201367309,0.3542590254833884,Dept_90,Dept_23
frozenset({'Dept_23'}),frozenset({'Dept_90'}),0.22424242424242424,0.25003885003885,0.08376068376068375,0.3735273735273735,1.4938773453378797,1.0,0.027691365873184055,1.1971171895950656,0.4261653525046383,0.21448467966573814,0.16465989404240539,0.3542590254833884,Dept_23,Dept_90
frozenset({'Dept_23'}),frozenset({'Dept_94'}),0.22424242424242424,0.21787101787101787,0.07288267288267289,0.32501732501732505,1.491787793499634,1.0,0.024026747663111303,1.1587393441602887,0.4249566897654585,0.1973905723905724,0.13699314255642495,0.32976971814346995,Dept_23,Dept_94
frozenset({'Dept_94'}),frozenset({'Dept_23'}),0.21787101787101787,0.22424242424242424,0.07288267288267289,0.33452211126961484,1.4917877934996338,1.0,0.024026747663111303,1.1657150280944493,0.4214948927695547,0.1973905723905724,0.1421574090584879,0.32976971814346995,Dept_94,Dept_23
frozenset({'Dept_87'}),frozenset({'Dept_79'}),0.24832944832944834,0.25003885003885,0.09246309246309246,0.3723404255319149,1.4891302910490196,1.0,0.030371082772015175,1.1948533575652223,0.4369827815351901,0.22779479326186833,0.163077214732257,0.3710676645993944,Dept_87,Dept_79
frozenset({'Dept_79'}),frozenset({'Dept_87'}),0.25003885003885,0.24832944832944834,0.09246309246309246,0.3697949036668739,1.4891302910490196,1.0,0.030371082772015175,1.1927395637454812,0.4379788052809188,0.22779479326186833,0.16159400560188825,0.3710676645993944,Dept_79,Dept_87
frozenset({'Dept_23'}),frozenset({'Dept_97'}),0.22424242424242424,0.24382284382284383,0.08127428127428127,0.3624393624393624,1.4864864864864864,1.0,0.02659885568976477,1.1860474308300397,0.42187499999999983,0.2101245480112495,0.15686339854034054,0.34788634788634787,Dept_23,Dept_97
frozenset({'Dept_97'}),frozenset({'Dept_23'}),0.24382284382284383,0.22424242424242424,0.08127428127428127,0.3333333333333333,1.4864864864864864,1.0,0.02659885568976477,1.1636363636363636,0.4327990135635017,0.2101245480112495,0.14062499999999997,0.34788634788634787,Dept_97,Dept_23
frozenset({'Dept_91'}),frozenset({'Dept_23'}),0.25003885003885,0.22424242424242424,0.08236208236208237,0.3293971410814171,1.4689331967144277,1.0,0.026292764474582668,1.1568062459628727,0.4256671801327715,0.21015067406819987,0.13555100217526422,0.3483437541858922,Dept_91,Dept_23
frozenset({'Dept_23'}),frozenset({'Dept_91'}),0.22424242424242424,0.25003885003885,0.08236208236208237,0.3672903672903673,1.4689331967144275,1.0,0.026292764474582668,1.1853164725015768,0.41151238207547186,0.21015067406819987,0.15634345493442056,0.3483437541858922,Dept_23,Dept_91
frozenset({'Dept_16'}),frozenset({'Dept_14'}),0.24988344988344988,0.25003885003885,0.09013209013209013,0.36069651741293535,1.4425618953090362,1.0,0.027651519679491712,1.173090981651293,0.40898823428559195,0.2199469093667046,0.1475511996585659,0.36058443024158265,Dept_16,Dept_14
frozenset({'Dept_14'}),frozenset({'Dept_16'}),0.25003885003885,0.24988344988344988,0.09013209013209013,0.36047234307022996,1.442561895309036,1.0,0.027651519679491712,1.172922768841136,0.40907298112236884,0.2199469093667046,0.14742894710108345,0.36058443024158265,Dept_14,Dept_16
frozenset({'Dept_34'}),frozenset({'Dept_81'}),0.20683760683760682,0.25003885003885,0.07428127428127428,0.35912847483095417,1.4362906995259106,1.0,0.022563836922811283,1.17022073927115,0.3829759414225941,0.1941510966693745,0.1454603679107315,0.32810370292200286,Dept_34,Dept_81
frozenset({'Dept_34'}),frozenset({'Dept_92'}),0.20683760683760682,0.25003885003885,0.07412587412587412,0.3583771600300526,1.4332859072674884,1.0,0.02240843676741113,1.1688504573750478,0.38113569001662695,0.19366626065773448,0.14445856294931383,0.327417293501664,Dept_34,Dept_92
frozenset({'Dept_16'}),frozenset({'Dept_38'}),0.24988344988344988,0.25003885003885,0.08888888888888889,0.3557213930348259,1.4226644898564977,1.0,0.026408318436290476,1.1640323640323644,0.39606322825713774,0.21625708884688097,0.14091735685435244,0.3556108518934229,Dept_16,Dept_38
frozenset({'Dept_38'}),frozenset({'Dept_16'}),0.25003885003885,0.24988344988344988,0.08888888888888889,0.35550031075201993,1.4226644898564977,1.0,0.026408318436290476,1.1638741843177716,0.3961452968912564,0.21625708884688097,0.14080060072286063,0.3556108518934229,Dept_38,Dept_16
frozenset({'Dept_34'}),frozenset({'Dept_90'}),0.20683760683760682,0.25003885003885,0.07334887334887336,0.35462058602554475,1.4182619459753765,1.0,0.021631435990410362,1.1620469040725154,0.37181746785505565,0.19124797406807134,0.13944953814222555,0.3239852463999694,Dept_34,Dept_90
frozenset({'Dept_34'}),frozenset({'Dept_91'}),0.20683760683760682,0.25003885003885,0.07303807303807304,0.35311795642374155,1.4122523614585314,1.0,0.021320635679610046,1.159347608128096,0.3680346661775496,0.19028340080971662,0.13744592821939017,0.32261242755929154,Dept_34,Dept_91
frozenset({'Dept_23'}),frozenset({'Dept_38'}),0.22424242424242424,0.25003885003885,0.075990675990676,0.3388773388773389,1.3552987418742548,1.0,0.019921358103176294,1.134375198526142,0.3379345603271985,0.19079204057744834,0.11845745455360047,0.32139640716396467,Dept_23,Dept_38
frozenset({'Dept_38'}),frozenset({'Dept_23'}),0.25003885003885,0.22424242424242424,0.075990675990676,0.30391547545059044,1.3552987418742546,1.0,0.019921358103176294,1.1144588744588744,0.3495585008606247,0.19079204057744834,0.10270354257302675,0.32139640716396467,Dept_38,Dept_23
frozenset({'Dept_1'}),frozenset({'Dept_16'}),0.25003885003885,0.24988344988344988,0.08034188034188035,0.32131758856432574,1.2858698273702962,1.0,0.01786130988928193,1.10525414756184,0.29643709404491003,0.19148148148148153,0.09523071937257846,0.32141750074982456,Dept_1,Dept_16
frozenset({'Dept_16'}),frozenset({'Dept_1'}),0.24988344988344988,0.25003885003885,0.08034188034188035,0.32151741293532343,1.2858698273702962,1.0,0.01786130988928193,1.105350622490861,0.2963756817610806,0.19148148148148153,0.09530968757538466,0.32141750074982456,Dept_16,Dept_1
frozenset({'Dept_72'}),frozenset({'Dept_16'}),0.23356643356643356,0.24988344988344988,0.07179487179487179,0.3073852295409182,1.2301143980695326,1.0,0.013430485598317762,1.0830213014651056,0.24407526779789548,0.17440543601359004,0.0766571270138406,0.29734933118836954,Dept_72,Dept_16
frozenset({'Dept_16'}),frozenset({'Dept_5'}),0.24988344988344988,0.2466200466200466,0.07505827505827506,0.3003731343283582,1.2179591174561974,1.0,0.01343200699844057,1.07683108003108,0.23856876498268678,0.1780973451327434,0.07134924080094579,0.3023604802076574,Dept_16,Dept_5
frozenset({'Dept_5'}),frozenset({'Dept_16'}),0.2466200466200466,0.24988344988344988,0.07505827505827506,0.30434782608695654,1.2179591174561974,1.0,0.01343200699844057,1.0782925407925408,0.2375353606789251,0.1780973451327434,0.07260788499473077,0.3023604802076574,Dept_5,Dept_16
